season,game_code,quarter_num,quarter_name,play_number,play_type,play_info,team_code,team_name,player_id,player_name,dorsal,minute,marker_time,seconds_remaining_in_quarter,elapsed_seconds_in_game,current_score_a,current_score_b,points_scored_a,points_scored_b,score_lead_a,is_scoring_play,raw_type,comment
E2026,1,1,Q1,5,BP,Begin Period,,,,,,1,,,60,0,0,0,0,0,False,0,
E2026,1,1,Q1,6,JB,Jump Ball (1),ZAL,Zalgiris Kaunas,,,,1,09:59,599.0,1,0,0,0,0,0,False,0,
E2026,1,1,Q1,7,2FGA,Missed Two Pointer (0/1 -  0 pt),ZAL,Zalgiris Kaunas,P000898,"VALANCIUNAS, JONAS",17,1,09:43,583.0,17,0,0,0,0,0,False,0,
E2026,1,1,Q1,8,D,Def Rebound (1),RED,Crvena Zvezda Meridianbet Belgrade,P011982,"OJELEYE, SEMI",37,1,09:42,582.0,18,0,0,0,0,0,False,0,
E2026,1,1,Q1,9,2FGM,Two Pointer (1/1 -  2 pt),RED,Crvena Zvezda Meridianbet Belgrade,P010568,"JONES, CHRIS",1,1,09:27,567.0,33,2,0,2,0,2,True,0,
E2026,1,1,Q1,10,AS,Assist (1),RED,Crvena Zvezda Meridianbet Belgrade,P011157,"MOTLEY, JOHNATHAN",0,1,09:27,567.0,33,2,0,0,0,2,False,0,
E2026,1,1,Q1,11,3FGM,Three Pointer (1/1 -  3 pt),ZAL,Zalgiris Kaunas,P011987,"EDWARDS, CARSEN",3,1,09:05,545.0,55,2,3,0,3,-1,True,0,
E2026,1,1,Q1,12,AS,Assist (1),ZAL,Zalgiris Kaunas,P000898,"VALANCIUNAS, JONAS",17,1,09:05,545.0,55,2,3,0,0,-1,False,0,
E2026,1,1,Q1,14,2FGM,Two Pointer (2/2 -  4 pt),RED,Crvena Zvezda Meridianbet Belgrade,P010568,"JONES, CHRIS",1,2,08:53,533.0,67,4,3,2,0,1,True,0,
E2026,1,1,Q1,15,2FGA,Missed Two Pointer (0/1 -  3 pt),ZAL,Zalgiris Kaunas,P011987,"EDWARDS, CARSEN",3,2,08:38,518.0,82,4,3,0,0,1,False,0,
E2026,1,1,Q1,16,D,Def Rebound (2),RED,Crvena Zvezda Meridianbet Belgrade,P011982,"OJELEYE, SEMI",37,2,08:37,517.0,83,4,3,0,0,1,False,0,
E2026,1,1,Q1,17,TO,Turnover (1),RED,Crvena Zvezda Meridianbet Belgrade,P011157,"MOTLEY, JOHNATHAN",0,2,08:24,504.0,96,4,3,0,0,1,False,0,
E2026,1,1,Q1,18,ST,Steal (1),ZAL,Zalgiris Kaunas,P011987,"EDWARDS, CARSEN",3,2,08:24,504.0,96,4,3,0,0,1,False,0,
E2026,1,1,Q1,19,CM,Foul (1),RED,Crvena Zvezda Meridianbet Belgrade,P011305,"CARTER, TYSON",11,2,08:21,501.0,99,4,3,0,0,1,False,0,
E2026,1,1,Q1,20,RV,Foul Drawn (1),ZAL,Zalgiris Kaunas,P007982,"WILLIAMS-GOSS, NIGEL",1,2,08:21,501.0,99,4,3,0,0,1,False,0,
E2026,1,1,Q1,21,2FGM,Two Pointer (1/2 -  2 pt),ZAL,Zalgiris Kaunas,P000898,"VALANCIUNAS, JONAS",17,2,08:14,494.0,106,4,5,0,2,-1,True,0,
E2026,1,1,Q1,22,AS,Assist (1),ZAL,Zalgiris Kaunas,P007982,"WILLIAMS-GOSS, NIGEL",1,2,08:14,494.0,106,4,5,0,0,-1,False,0,
E2026,1,1,Q1,23,2FGM,Two Pointer (3/3 -  6 pt),RED,Crvena Zvezda Meridianbet Belgrade,P010568,"JONES, CHRIS",1,2,08:00,480.0,120,6,5,2,0,1,True,0,
E2026,1,1,Q1,25,2FGA,Missed Two Pointer (0/1 -  0 pt),ZAL,Zalgiris Kaunas,P007982,"WILLIAMS-GOSS, NIGEL",1,3,07:39,459.0,141,6,5,0,0,1,False,0,
E2026,1,1,Q1,26,O,Off Rebound (1),ZAL,Zalgiris Kaunas,P000898,"VALANCIUNAS, JONAS",17,3,07:35,455.0,145,6,5,0,0,1,False,0,
E2026,1,1,Q1,27,2FGM,Two Pointer (2/3 -  4 pt),ZAL,Zalgiris Kaunas,P000898,"VALANCIUNAS, JONAS",17,3,07:35,455.0,145,6,7,0,2,-1,True,0,
E2026,1,1,Q1,28,CM,Foul (1),ZAL,Zalgiris Kaunas,P011987,"EDWARDS, CARSEN",3,3,07:27,447.0,153,6,7,0,0,-1,False,0,
E2026,1,1,Q1,29,RV,Foul Drawn (1),RED,Crvena Zvezda Meridianbet Belgrade,P010568,"JONES, CHRIS",1,3,07:27,447.0,153,6,7,0,0,-1,False,0,
E2026,1,1,Q1,30,FTM,Free Throw In (1/1 -  7 pt),RED,Crvena Zvezda Meridianbet Belgrade,P010568,"JONES, CHRIS",1,3,07:27,447.0,153,7,7,1,0,0,True,0,
E2026,1,1,Q1,31,FTM,Free Throw In (2/2 -  8 pt),RED,Crvena Zvezda Meridianbet Belgrade,P010568,"JONES, CHRIS",1,3,07:27,447.0,153,8,7,1,0,1,True,0,
E2026,1,1,Q1,32,3FGM,Three Pointer (2/2 -  6 pt),ZAL,Zalgiris Kaunas,P011987,"EDWARDS, CARSEN",3,3,07:09,429.0,171,8,10,0,3,-2,True,0,
E2026,1,1,Q1,34,3FGM,Three Pointer (1/1 -  3 pt),RED,Crvena Zvezda Meridianbet Belgrade,P011305,"CARTER, TYSON",11,4,06:48,408.0,192,11,10,3,0,1,True,0,
E2026,1,1,Q1,35,AS,Assist (2),RED,Crvena Zvezda Meridianbet Belgrade,P011157,"MOTLEY, JOHNATHAN",0,4,06:48,408.0,192,11,10,0,0,1,False,0,
E2026,1,1,Q1,36,TO,Turnover (1),ZAL,Zalgiris Kaunas,P007982,"WILLIAMS-GOSS, NIGEL",1,4,06:38,398.0,202,11,10,0,0,1,False,0,
E2026,1,1,Q1,37,ST,Steal (1),RED,Crvena Zvezda Meridianbet Belgrade,P011305,"CARTER, TYSON",11,4,06:38,398.0,202,11,10,0,0,1,False,0,
E2026,1,1,Q1,38,CM,Foul (2),ZAL,Zalgiris Kaunas,P011987,"EDWARDS, CARSEN",3,4,06:37,397.0,203,11,10,0,0,1,False,0,
E2026,1,1,Q1,39,RV,Foul Drawn (1),RED,Crvena Zvezda Meridianbet Belgrade,P011982,"OJELEYE, SEMI",37,4,06:37,397.0,203,11,10,0,0,1,False,0,
E2026,1,1,Q1,40,OUT,Out,RED,Crvena Zvezda Meridianbet Belgrade,P010568,"JONES, CHRIS",1,4,06:37,397.0,203,11,10,0,0,1,False,0,
E2026,1,1,Q1,41,IN,In,RED,Crvena Zvezda Meridianbet Belgrade,P010391,"WEILER-BABB, NICK",3,4,06:37,397.0,203,11,10,0,0,1,False,0,
E2026,1,1,Q1,42,OUT,Out,ZAL,Zalgiris Kaunas,P011987,"EDWARDS, CARSEN",3,4,06:37,397.0,203,11,10,0,0,1,False,0,
E2026,1,1,Q1,43,IN,In,ZAL,Zalgiris Kaunas,P002328,"GRIGONIS, MARIUS",40,4,06:37,397.0,203,11,10,0,0,1,False,0,
E2026,1,1,Q1,44,3FGA,Missed Three Pointer (0/1 -  0 pt),RED,Crvena Zvezda Meridianbet Belgrade,P011157,"MOTLEY, JOHNATHAN",0,4,06:30,390.0,210,11,10,0,0,1,False,0,
E2026,1,1,Q1,45,D,Def Rebound (1),ZAL,Zalgiris Kaunas,,,,4,06:27,387.0,213,11,10,0,0,1,False,0,
E2026,1,1,Q1,46,2FGM,Two Pointer (1/1 -  2 pt),ZAL,Zalgiris Kaunas,P008192,"TUBELIS, AZUOLAS",10,4,06:13,373.0,227,11,12,0,2,-1,True,0,
E2026,1,1,Q1,47,AS,Assist (2),ZAL,Zalgiris Kaunas,P007982,"WILLIAMS-GOSS, NIGEL",1,4,06:13,373.0,227,11,12,0,0,-1,False,0,
E2026,1,1,Q1,48,2FGA,Missed Two Pointer (0/1 -  0 pt),RED,Crvena Zvezda Meridianbet Belgrade,P011157,"MOTLEY, JOHNATHAN",0,4,06:01,361.0,239,11,12,0,0,-1,False,0,
E2026,1,1,Q1,49,D,Def Rebound (1),ZAL,Zalgiris Kaunas,P008192,"TUBELIS, AZUOLAS",10,4,06:00,360.0,240,11,12,0,0,-1,False,0,
E2026,1,1,Q1,51,2FGM,Two Pointer (3/4 -  6 pt),ZAL,Zalgiris Kaunas,P000898,"VALANCIUNAS, JONAS",17,5,05:50,350.0,250,11,14,0,2,-3,True,0,
E2026,1,1,Q1,52,AS,Assist (3),ZAL,Zalgiris Kaunas,P007982,"WILLIAMS-GOSS, NIGEL",1,5,05:50,350.0,250,11,14,0,0,-3,False,0,
E2026,1,1,Q1,53,TO,Turnover (2),RED,Crvena Zvezda Meridianbet Belgrade,P011157,"MOTLEY, JOHNATHAN",0,5,05:27,327.0,273,11,14,0,0,-3,False,0,
E2026,1,1,Q1,54,OUT,Out,RED,Crvena Zvezda Meridianbet Belgrade,P011157,"MOTLEY, JOHNATHAN",0,5,05:27,327.0,273,11,14,0,0,-3,False,0,
E2026,1,1,Q1,55,IN,In,RED,Crvena Zvezda Meridianbet Belgrade,P014029,"IZUNDU, EBUKA",15,5,05:27,327.0,273,11,14,0,0,-3,False,0,
E2026,1,1,Q1,56,OUT,Out,RED,Crvena Zvezda Meridianbet Belgrade,P013363,"NWORA, JORDAN",33,5,05:27,327.0,273,11,14,0,0,-3,False,0,
E2026,1,1,Q1,57,OUT,Out,RED,Crvena Zvezda Meridianbet Belgrade,P011982,"OJELEYE, SEMI",37,5,05:27,327.0,273,11,14,0,0,-3,False,0,
E2026,1,1,Q1,58,IN,In,RED,Crvena Zvezda Meridianbet Belgrade,P006482,"KRAMER, DAVID",44,5,05:27,327.0,273,11,14,0,0,-3,False,0,
E2026,1,1,Q1,59,IN,In,RED,Crvena Zvezda Meridianbet Belgrade,P012201,"MONEKE, CHIMA",95,5,05:27,327.0,273,11,14,0,0,-3,False,0,
E2026,1,1,Q1,60,OUT,Out,ZAL,Zalgiris Kaunas,P007982,"WILLIAMS-GOSS, NIGEL",1,5,05:27,327.0,273,11,14,0,0,-3,False,0,
E2026,1,1,Q1,61,IN,In,ZAL,Zalgiris Kaunas,P007032,"LO, MAODO",12,5,05:27,327.0,273,11,14,0,0,-3,False,0,
E2026,1,1,Q1,62,OUT,Out,ZAL,Zalgiris Kaunas,P000898,"VALANCIUNAS, JONAS",17,5,05:27,327.0,273,11,14,0,0,-3,False,0,
E2026,1,1,Q1,63,IN,In,ZAL,Zalgiris Kaunas,P008186,"BLAZEVIC, MAREK",22,5,05:27,327.0,273,11,14,0,0,-3,False,0,
E2026,1,1,Q1,64,2FGA,Missed Two Pointer (0/1 -  0 pt),ZAL,Zalgiris Kaunas,P008186,"BLAZEVIC, MAREK",22,5,05:12,312.0,288,11,14,0,0,-3,False,0,
E2026,1,1,Q1,65,D,Def Rebound (2),RED,Crvena Zvezda Meridianbet Belgrade,,,,5,05:12,312.0,288,11,14,0,0,-3,False,0,
E2026,1,1,Q1,66,IN,In,RED,Crvena Zvezda Meridianbet Belgrade,P014163,"BUTLER, JARED",6,5,05:12,312.0,288,11,14,0,0,-3,False,0,
E2026,1,1,Q1,67,OUT,Out,RED,Crvena Zvezda Meridianbet Belgrade,P011305,"CARTER, TYSON",11,5,05:12,312.0,288,11,14,0,0,-3,False,0,
E2026,1,1,Q1,68,IN,In,ZAL,Zalgiris Kaunas,P012720,"BROWN, STERLING",0,5,05:12,312.0,288,11,14,0,0,-3,False,0,
E2026,1,1,Q1,69,OUT,Out,ZAL,Zalgiris Kaunas,P002676,"BUTKEVICIUS, ARNAS",51,5,05:12,312.0,288,11,14,0,0,-3,False,0,
E2026,1,1,Q1,70,CM,Foul (1),ZAL,Zalgiris Kaunas,P012720,"BROWN, STERLING",0,5,05:02,302.0,298,11,14,0,0,-3,False,0,
E2026,1,1,Q1,71,RV,Foul Drawn (1),RED,Crvena Zvezda Meridianbet Belgrade,P014163,"BUTLER, JARED",6,5,05:02,302.0,298,11,14,0,0,-3,False,0,
E2026,1,1,Q1,73,TO,Turnover (1),RED,Crvena Zvezda Meridianbet Belgrade,P014163,"BUTLER, JARED",6,6,04:53,293.0,307,11,14,0,0,-3,False,0,
E2026,1,1,Q1,74,TOUT_TV,TV Time Out (1),,,,,,6,04:53,293.0,307,11,14,0,0,-3,False,0,
E2026,1,1,Q1,75,2FGM,Two Pointer (2/2 -  4 pt),ZAL,Zalgiris Kaunas,P008192,"TUBELIS, AZUOLAS",10,6,04:44,284.0,316,11,16,0,2,-5,True,0,
E2026,1,1,Q1,86,AS,Assist (1),ZAL,Zalgiris Kaunas,P002328,"GRIGONIS, MARIUS",40,6,04:44,284.0,316,11,16,0,0,-5,False,0,
E2026,1,1,Q1,76,2FGA,Missed Two Pointer (0/1 -  0 pt),RED,Crvena Zvezda Meridianbet Belgrade,P010391,"WEILER-BABB, NICK",3,6,04:21,261.0,339,11,16,0,0,-5,False,0,
E2026,1,1,Q1,77,D,Def Rebound (2),ZAL,Zalgiris Kaunas,P008192,"TUBELIS, AZUOLAS",10,6,04:20,260.0,340,11,16,0,0,-5,False,0,
E2026,1,1,Q1,78,2FGM,Two Pointer (1/2 -  2 pt),ZAL,Zalgiris Kaunas,P008186,"BLAZEVIC, MAREK",22,6,04:11,251.0,349,11,18,0,2,-7,True,0,
E2026,1,1,Q1,79,AS,Assist (1),ZAL,Zalgiris Kaunas,P007032,"LO, MAODO",12,6,04:11,251.0,349,11,18,0,0,-7,False,0,
E2026,1,1,Q1,81,2FGA,Missed Two Pointer (0/1 -  0 pt),RED,Crvena Zvezda Meridianbet Belgrade,P014029,"IZUNDU, EBUKA",15,7,03:55,235.0,365,11,18,0,0,-7,False,0,
E2026,1,1,Q1,82,D,Def Rebound (3),ZAL,Zalgiris Kaunas,P008192,"TUBELIS, AZUOLAS",10,7,03:54,234.0,366,11,18,0,0,-7,False,0,
E2026,1,1,Q1,83,3FGM,Three Pointer (1/1 -  3 pt),ZAL,Zalgiris Kaunas,P012720,"BROWN, STERLING",0,7,03:48,228.0,372,11,21,0,3,-10,True,0,
E2026,1,1,Q1,84,AS,Assist (1),ZAL,Zalgiris Kaunas,P008192,"TUBELIS, AZUOLAS",10,7,03:48,228.0,372,11,21,0,0,-10,False,0,
E2026,1,1,Q1,85,TOUT,Time Out (1),RED,Crvena Zvezda Meridianbet Belgrade,,,,7,03:48,228.0,372,11,21,0,0,-10,False,0,
E2026,1,1,Q1,87,CM,Foul (1),ZAL,Zalgiris Kaunas,P002328,"GRIGONIS, MARIUS",40,7,03:41,221.0,379,11,21,0,0,-10,False,0,
E2026,1,1,Q1,88,RV,Foul Drawn (1),RED,Crvena Zvezda Meridianbet Belgrade,P012201,"MONEKE, CHIMA",95,7,03:41,221.0,379,11,21,0,0,-10,False,0,
E2026,1,1,Q1,89,3FGM,Three Pointer (1/1 -  3 pt),RED,Crvena Zvezda Meridianbet Belgrade,P014163,"BUTLER, JARED",6,7,03:32,212.0,388,14,21,3,0,-7,True,0,
E2026,1,1,Q1,90,TO,Turnover (1),ZAL,Zalgiris Kaunas,P007032,"LO, MAODO",12,7,03:12,192.0,408,14,21,0,0,-7,False,0,
E2026,1,1,Q1,91,ST,Steal (1),RED,Crvena Zvezda Meridianbet Belgrade,P014029,"IZUNDU, EBUKA",15,7,03:11,191.0,409,14,21,0,0,-7,False,0,
E2026,1,1,Q1,92,CM,Foul (1),ZAL,Zalgiris Kaunas,P007032,"LO, MAODO",12,7,03:11,191.0,409,14,21,0,0,-7,False,0,
E2026,1,1,Q1,93,RV,Foul Drawn (1),RED,Crvena Zvezda Meridianbet Belgrade,P014029,"IZUNDU, EBUKA",15,7,03:11,191.0,409,14,21,0,0,-7,False,0,
E2026,1,1,Q1,94,FTM,Free Throw In (1/1 -  1 pt),RED,Crvena Zvezda Meridianbet Belgrade,P014029,"IZUNDU, EBUKA",15,7,03:11,191.0,409,15,21,1,0,-6,True,0,
E2026,1,1,Q1,95,FTA,Missed Free Throw (1/2 -  1 pt),RED,Crvena Zvezda Meridianbet Belgrade,P014029,"IZUNDU, EBUKA",15,7,03:11,191.0,409,15,21,0,0,-6,False,0,
E2026,1,1,Q1,96,D,Def Rebound (4),ZAL,Zalgiris Kaunas,P008192,"TUBELIS, AZUOLAS",10,7,03:11,191.0,409,15,21,0,0,-6,False,0,
E2026,1,1,Q1,98,2FGM,Two Pointer (2/3 -  4 pt),ZAL,Zalgiris Kaunas,P008186,"BLAZEVIC, MAREK",22,8,02:53,173.0,427,15,23,0,2,-8,True,0,
E2026,1,1,Q1,99,AS,Assist (2),ZAL,Zalgiris Kaunas,P008192,"TUBELIS, AZUOLAS",10,8,02:53,173.0,427,15,23,0,0,-8,False,0,
E2026,1,1,Q1,100,3FGA,Missed Three Pointer (0/1 -  0 pt),RED,Crvena Zvezda Meridianbet Belgrade,P012201,"MONEKE, CHIMA",95,8,02:39,159.0,441,15,23,0,0,-8,False,0,
E2026,1,1,Q1,101,O,Off Rebound (1),RED,Crvena Zvezda Meridianbet Belgrade,P014029,"IZUNDU, EBUKA",15,8,02:38,158.0,442,15,23,0,0,-8,False,0,
E2026,1,1,Q1,102,2FGM,Two Pointer (1/2 -  3 pt),RED,Crvena Zvezda Meridianbet Belgrade,P014029,"IZUNDU, EBUKA",15,8,02:38,158.0,442,17,23,2,0,-6,True,0,
E2026,1,1,Q1,103,3FGA,Missed Three Pointer (0/1 -  0 pt),ZAL,Zalgiris Kaunas,P007032,"LO, MAODO",12,8,02:21,141.0,459,17,23,0,0,-6,False,0,
E2026,1,1,Q1,104,O,Off Rebound (1),ZAL,Zalgiris Kaunas,,,,8,02:19,139.0,461,17,23,0,0,-6,False,0,
E2026,1,1,Q1,105,CM,Foul (1),RED,Crvena Zvezda Meridianbet Belgrade,P014029,"IZUNDU, EBUKA",15,8,02:19,139.0,461,17,23,0,0,-6,False,0,
E2026,1,1,Q1,106,RV,Foul Drawn (1),ZAL,Zalgiris Kaunas,P008186,"BLAZEVIC, MAREK",22,8,02:19,139.0,461,17,23,0,0,-6,False,0,
E2026,1,1,Q1,107,IN,In,RED,Crvena Zvezda Meridianbet Belgrade,P011157,"MOTLEY, JOHNATHAN",0,8,02:19,139.0,461,17,23,0,0,-6,False,0,
E2026,1,1,Q1,108,OUT,Out,RED,Crvena Zvezda Meridianbet Belgrade,P014029,"IZUNDU, EBUKA",15,8,02:19,139.0,461,17,23,0,0,-6,False,0,
E2026,1,1,Q1,109,OUT,Out,ZAL,Zalgiris Kaunas,P008192,"TUBELIS, AZUOLAS",10,8,02:19,139.0,461,17,23,0,0,-6,False,0,
E2026,1,1,Q1,110,IN,In,ZAL,Zalgiris Kaunas,P011927,"SLEVA, DUSTIN",14,8,02:19,139.0,461,17,23,0,0,-6,False,0,
E2026,1,1,Q1,111,IN,In,ZAL,Zalgiris Kaunas,P000898,"VALANCIUNAS, JONAS",17,8,02:19,139.0,461,17,23,0,0,-6,False,0,
E2026,1,1,Q1,112,OUT,Out,ZAL,Zalgiris Kaunas,P008186,"BLAZEVIC, MAREK",22,8,02:19,139.0,461,17,23,0,0,-6,False,0,
E2026,1,1,Q1,113,TO,Turnover (2),ZAL,Zalgiris Kaunas,P007032,"LO, MAODO",12,8,02:11,131.0,469,17,23,0,0,-6,False,0,
E2026,1,1,Q1,114,OF,Offensive Foul (1),RED,Crvena Zvezda Meridianbet Belgrade,P011157,"MOTLEY, JOHNATHAN",0,8,02:01,121.0,479,17,23,0,0,-6,False,0,
E2026,1,1,Q1,115,TO,Turnover (3),RED,Crvena Zvezda Meridianbet Belgrade,P011157,"MOTLEY, JOHNATHAN",0,8,02:01,121.0,479,17,23,0,0,-6,False,0,
E2026,1,1,Q1,116,RV,Foul Drawn (1),ZAL,Zalgiris Kaunas,P002328,"GRIGONIS, MARIUS",40,8,02:01,121.0,479,17,23,0,0,-6,False,0,
E2026,1,1,Q1,117,IN,In,ZAL,Zalgiris Kaunas,P007982,"WILLIAMS-GOSS, NIGEL",1,8,02:01,121.0,479,17,23,0,0,-6,False,0,
E2026,1,1,Q1,118,OUT,Out,ZAL,Zalgiris Kaunas,P007032,"LO, MAODO",12,8,02:01,121.0,479,17,23,0,0,-6,False,0,
E2026,1,1,Q1,120,TO,Turnover (1),ZAL,Zalgiris Kaunas,P000898,"VALANCIUNAS, JONAS",17,9,01:39,99.0,501,17,23,0,0,-6,False,0,
E2026,1,1,Q1,121,2FGA,Missed Two Pointer (0/2 -  0 pt),RED,Crvena Zvezda Meridianbet Belgrade,P011157,"MOTLEY, JOHNATHAN",0,9,01:29,89.0,511,17,23,0,0,-6,False,0,
E2026,1,1,Q1,122,D,Def Rebound (1),ZAL,Zalgiris Kaunas,P000898,"VALANCIUNAS, JONAS",17,9,01:28,88.0,512,17,23,0,0,-6,False,0,
E2026,1,1,Q1,123,OF,Offensive Foul (1),ZAL,Zalgiris Kaunas,P007982,"WILLIAMS-GOSS, NIGEL",1,9,01:23,83.0,517,17,23,0,0,-6,False,0,
E2026,1,1,Q1,124,TO,Turnover (2),ZAL,Zalgiris Kaunas,P007982,"WILLIAMS-GOSS, NIGEL",1,9,01:23,83.0,517,17,23,0,0,-6,False,0,
E2026,1,1,Q1,125,RV,Foul Drawn (1),RED,Crvena Zvezda Meridianbet Belgrade,P010391,"WEILER-BABB, NICK",3,9,01:23,83.0,517,17,23,0,0,-6,False,0,
E2026,1,1,Q1,126,2FGA,Missed Two Pointer (0/1 -  3 pt),RED,Crvena Zvezda Meridianbet Belgrade,P014163,"BUTLER, JARED",6,9,01:16,76.0,524,17,23,0,0,-6,False,0,
E2026,1,1,Q1,127,D,Def Rebound (1),ZAL,Zalgiris Kaunas,P012720,"BROWN, STERLING",0,9,01:15,75.0,525,17,23,0,0,-6,False,0,
E2026,1,1,Q1,129,2FGM,Two Pointer (4/5 -  8 pt),ZAL,Zalgiris Kaunas,P000898,"VALANCIUNAS, JONAS",17,10,00:54,54.0,546,17,25,0,2,-8,True,0,
E2026,1,1,Q1,130,CM,Foul (1),RED,Crvena Zvezda Meridianbet Belgrade,P012201,"MONEKE, CHIMA",95,10,00:54,54.0,546,17,25,0,0,-8,False,0,
E2026,1,1,Q1,131,RV,Foul Drawn (1),ZAL,Zalgiris Kaunas,P000898,"VALANCIUNAS, JONAS",17,10,00:54,54.0,546,17,25,0,0,-8,False,0,
E2026,1,1,Q1,132,OUT,Out,ZAL,Zalgiris Kaunas,P002328,"GRIGONIS, MARIUS",40,10,00:54,54.0,546,17,25,0,0,-8,False,0,
E2026,1,1,Q1,133,IN,In,ZAL,Zalgiris Kaunas,P002329,"ULANOVAS, EDGARAS",92,10,00:54,54.0,546,17,25,0,0,-8,False,0,
E2026,1,1,Q1,134,OUT,Out,RED,Crvena Zvezda Meridianbet Belgrade,P014163,"BUTLER, JARED",6,10,00:54,54.0,546,17,25,0,0,-8,False,0,
E2026,1,1,Q1,135,IN,In,RED,Crvena Zvezda Meridianbet Belgrade,P004007,"DOBRIC, OGNJEN",13,10,00:54,54.0,546,17,25,0,0,-8,False,0,
E2026,1,1,Q1,136,OUT,Out,ZAL,Zalgiris Kaunas,P007982,"WILLIAMS-GOSS, NIGEL",1,10,00:54,54.0,546,17,25,0,0,-8,False,0,
E2026,1,1,Q1,137,IN,In,ZAL,Zalgiris Kaunas,P007513,"GIEDRAITIS, DOVYDAS",9,10,00:54,54.0,546,17,25,0,0,-8,False,0,
E2026,1,1,Q1,138,FTM,Free Throw In (1/1 -  9 pt),ZAL,Zalgiris Kaunas,P000898,"VALANCIUNAS, JONAS",17,10,00:54,54.0,546,17,26,0,1,-9,True,0,
E2026,1,1,Q1,139,3FGA,Missed Three Pointer (0/1 -  0 pt),RED,Crvena Zvezda Meridianbet Belgrade,P006482,"KRAMER, DAVID",44,10,00:39,39.0,561,17,26,0,0,-9,False,0,
E2026,1,1,Q1,140,O,Off Rebound (1),RED,Crvena Zvezda Meridianbet Belgrade,P004007,"DOBRIC, OGNJEN",13,10,00:37,37.0,563,17,26,0,0,-9,False,0,
E2026,1,1,Q1,141,3FGA,Missed Three Pointer (0/1 -  0 pt),RED,Crvena Zvezda Meridianbet Belgrade,P004007,"DOBRIC, OGNJEN",13,10,00:32,32.0,568,17,26,0,0,-9,False,0,
E2026,1,1,Q1,142,O,Off Rebound (2),RED,Crvena Zvezda Meridianbet Belgrade,,,,10,00:32,32.0,568,17,26,0,0,-9,False,0,
E2026,1,1,Q1,143,CM,Foul (2),ZAL,Zalgiris Kaunas,P012720,"BROWN, STERLING",0,10,00:32,32.0,568,17,26,0,0,-9,False,0,
E2026,1,1,Q1,144,RV,Foul Drawn (1),RED,Crvena Zvezda Meridianbet Belgrade,P006482,"KRAMER, DAVID",44,10,00:32,32.0,568,17,26,0,0,-9,False,0,
E2026,1,1,Q1,145,IN,In,ZAL,Zalgiris Kaunas,P007982,"WILLIAMS-GOSS, NIGEL",1,10,00:32,32.0,568,17,26,0,0,-9,False,0,
E2026,1,1,Q1,146,OUT,Out,ZAL,Zalgiris Kaunas,P007513,"GIEDRAITIS, DOVYDAS",9,10,00:32,32.0,568,17,26,0,0,-9,False,0,
E2026,1,1,Q1,147,FTM,Free Throw In (1/1 -  1 pt),RED,Crvena Zvezda Meridianbet Belgrade,P006482,"KRAMER, DAVID",44,10,00:32,32.0,568,18,26,1,0,-8,True,0,
E2026,1,1,Q1,148,FTM,Free Throw In (2/2 -  2 pt),RED,Crvena Zvezda Meridianbet Belgrade,P006482,"KRAMER, DAVID",44,10,00:32,32.0,568,19,26,1,0,-7,True,0,
E2026,1,1,Q1,149,IN,In,RED,Crvena Zvezda Meridianbet Belgrade,P013363,"NWORA, JORDAN",33,10,00:32,32.0,568,19,26,0,0,-7,False,0,
E2026,1,1,Q1,150,OUT,Out,RED,Crvena Zvezda Meridianbet Belgrade,P006482,"KRAMER, DAVID",44,10,00:32,32.0,568,19,26,0,0,-7,False,0,
E2026,1,1,Q1,151,2FGM,Two Pointer (5/6 -  11 pt),ZAL,Zalgiris Kaunas,P000898,"VALANCIUNAS, JONAS",17,10,00:17,17.0,583,19,28,0,2,-9,True,0,
E2026,1,1,Q1,152,AS,Assist (4),ZAL,Zalgiris Kaunas,P007982,"WILLIAMS-GOSS, NIGEL",1,10,00:17,17.0,583,19,28,0,0,-9,False,0,
E2026,1,1,Q1,153,OUT,Out,ZAL,Zalgiris Kaunas,P012720,"BROWN, STERLING",0,10,00:08,8.0,592,19,28,0,0,-9,False,0,
E2026,1,1,Q1,154,OUT,Out,ZAL,Zalgiris Kaunas,P007982,"WILLIAMS-GOSS, NIGEL",1,10,00:08,8.0,592,19,28,0,0,-9,False,0,
E2026,1,1,Q1,155,IN,In,ZAL,Zalgiris Kaunas,P007513,"GIEDRAITIS, DOVYDAS",9,10,00:08,8.0,592,19,28,0,0,-9,False,0,
E2026,1,1,Q1,156,IN,In,ZAL,Zalgiris Kaunas,P008192,"TUBELIS, AZUOLAS",10,10,00:08,8.0,592,19,28,0,0,-9,False,0,
E2026,1,1,Q1,157,OUT,Out,ZAL,Zalgiris Kaunas,P000898,"VALANCIUNAS, JONAS",17,10,00:08,8.0,592,19,28,0,0,-9,False,0,
E2026,1,1,Q1,158,IN,In,ZAL,Zalgiris Kaunas,P002676,"BUTKEVICIUS, ARNAS",51,10,00:08,8.0,592,19,28,0,0,-9,False,0,
E2026,1,1,Q1,159,2FGM,Two Pointer (1/3 -  2 pt),RED,Crvena Zvezda Meridianbet Belgrade,P011157,"MOTLEY, JOHNATHAN",0,10,00:02,2.0,598,21,28,2,0,-7,True,0,
E2026,1,1,Q1,160,AS,Assist (1),RED,Crvena Zvezda Meridianbet Belgrade,P013363,"NWORA, JORDAN",33,10,00:02,2.0,598,21,28,0,0,-7,False,0,
E2026,1,1,Q1,162,EP,End Period,,,,,,11,,,660,21,28,0,0,-7,False,0,
E2026,1,2,Q2,169,BP,Begin Period,,,,,,11,,,660,21,28,0,0,-7,False,0,
E2026,1,2,Q2,163,OUT,Out,RED,Crvena Zvezda Meridianbet Belgrade,P011157,"MOTLEY, JOHNATHAN",0,11,10:00,600.0,600,21,28,0,0,-7,False,0,
E2026,1,2,Q2,164,IN,In,RED,Crvena Zvezda Meridianbet Belgrade,P010568,"JONES, CHRIS",1,11,10:00,600.0,600,21,28,0,0,-7,False,0,
E2026,1,2,Q2,165,OUT,Out,RED,Crvena Zvezda Meridianbet Belgrade,P010391,"WEILER-BABB, NICK",3,11,10:00,600.0,600,21,28,0,0,-7,False,0,
E2026,1,2,Q2,166,IN,In,RED,Crvena Zvezda Meridianbet Belgrade,P014029,"IZUNDU, EBUKA",15,11,10:00,600.0,600,21,28,0,0,-7,False,0,
E2026,1,2,Q2,167,IN,In,RED,Crvena Zvezda Meridianbet Belgrade,P011982,"OJELEYE, SEMI",37,11,10:00,600.0,600,21,28,0,0,-7,False,0,
E2026,1,2,Q2,168,OUT,Out,RED,Crvena Zvezda Meridianbet Belgrade,P012201,"MONEKE, CHIMA",95,11,10:00,600.0,600,21,28,0,0,-7,False,0,
E2026,1,2,Q2,170,CM,Foul (1),ZAL,Zalgiris Kaunas,P002676,"BUTKEVICIUS, ARNAS",51,11,09:39,579.0,621,21,28,0,0,-7,False,0,
E2026,1,2,Q2,171,RV,Foul Drawn (1),RED,Crvena Zvezda Meridianbet Belgrade,P013363,"NWORA, JORDAN",33,11,09:39,579.0,621,21,28,0,0,-7,False,0,
E2026,1,2,Q2,172,FTM,Free Throw In (1/1 -  1 pt),RED,Crvena Zvezda Meridianbet Belgrade,P013363,"NWORA, JORDAN",33,11,09:39,579.0,621,22,28,1,0,-6,True,0,
E2026,1,2,Q2,194,AS,Assist (1),RED,Crvena Zvezda Meridianbet Belgrade,P010568,"JONES, CHRIS",1,11,09:39,579.0,621,22,28,0,0,-6,False,0,
E2026,1,2,Q2,173,FTM,Free Throw In (2/2 -  2 pt),RED,Crvena Zvezda Meridianbet Belgrade,P013363,"NWORA, JORDAN",33,11,09:39,579.0,621,23,28,1,0,-5,True,0,
E2026,1,2,Q2,174,CM,Foul (1),RED,Crvena Zvezda Meridianbet Belgrade,P010568,"JONES, CHRIS",1,11,09:28,568.0,632,23,28,0,0,-5,False,0,
E2026,1,2,Q2,175,RV,Foul Drawn (1),ZAL,Zalgiris Kaunas,P002329,"ULANOVAS, EDGARAS",92,11,09:28,568.0,632,23,28,0,0,-5,False,0,
E2026,1,2,Q2,176,CM,Foul (2),RED,Crvena Zvezda Meridianbet Belgrade,P014029,"IZUNDU, EBUKA",15,11,09:20,560.0,640,23,28,0,0,-5,False,0,
E2026,1,2,Q2,177,RV,Foul Drawn (1),ZAL,Zalgiris Kaunas,P008192,"TUBELIS, AZUOLAS",10,11,09:20,560.0,640,23,28,0,0,-5,False,0,
E2026,1,2,Q2,178,2FGA,Missed Two Pointer (2/3 -  4 pt),ZAL,Zalgiris Kaunas,P008192,"TUBELIS, AZUOLAS",10,11,09:15,555.0,645,23,28,0,0,-5,False,0,
E2026,1,2,Q2,179,O,Off Rebound (1),ZAL,Zalgiris Kaunas,P011927,"SLEVA, DUSTIN",14,11,09:12,552.0,648,23,28,0,0,-5,False,0,
E2026,1,2,Q2,180,3FGM,Three Pointer (1/1 -  3 pt),ZAL,Zalgiris Kaunas,P011927,"SLEVA, DUSTIN",14,11,09:08,548.0,652,23,31,0,3,-8,True,0,
E2026,1,2,Q2,181,AS,Assist (3),ZAL,Zalgiris Kaunas,P008192,"TUBELIS, AZUOLAS",10,11,09:08,548.0,652,23,31,0,0,-8,False,0,
E2026,1,2,Q2,183,2FGA,Missed Two Pointer (0/1 -  0 pt),RED,Crvena Zvezda Meridianbet Belgrade,P011982,"OJELEYE, SEMI",37,12,08:46,526.0,674,23,31,0,0,-8,False,0,
E2026,1,2,Q2,184,O,Off Rebound (2),RED,Crvena Zvezda Meridianbet Belgrade,P014029,"IZUNDU, EBUKA",15,12,08:45,525.0,675,23,31,0,0,-8,False,0,
E2026,1,2,Q2,185,2FGA,Missed Two Pointer (1/3 -  3 pt),RED,Crvena Zvezda Meridianbet Belgrade,P014029,"IZUNDU, EBUKA",15,12,08:45,525.0,675,23,31,0,0,-8,False,0,
E2026,1,2,Q2,186,D,Def Rebound (5),ZAL,Zalgiris Kaunas,P008192,"TUBELIS, AZUOLAS",10,12,08:44,524.0,676,23,31,0,0,-8,False,0,
E2026,1,2,Q2,187,CM,Foul (1),RED,Crvena Zvezda Meridianbet Belgrade,P004007,"DOBRIC, OGNJEN",13,12,08:39,519.0,681,23,31,0,0,-8,False,0,
E2026,1,2,Q2,188,RV,Foul Drawn (1),ZAL,Zalgiris Kaunas,P007513,"GIEDRAITIS, DOVYDAS",9,12,08:39,519.0,681,23,31,0,0,-8,False,0,
E2026,1,2,Q2,189,TO,Turnover (1),ZAL,Zalgiris Kaunas,P007513,"GIEDRAITIS, DOVYDAS",9,12,08:34,514.0,686,23,31,0,0,-8,False,0,
E2026,1,2,Q2,190,ST,Steal (1),RED,Crvena Zvezda Meridianbet Belgrade,P010568,"JONES, CHRIS",1,12,08:34,514.0,686,23,31,0,0,-8,False,0,
E2026,1,2,Q2,191,CMU_DI,Disruptive Foul (1),ZAL,Zalgiris Kaunas,P011927,"SLEVA, DUSTIN",14,12,08:33,513.0,687,23,31,0,0,-8,False,0,
E2026,1,2,Q2,192,RV,Foul Drawn (2),RED,Crvena Zvezda Meridianbet Belgrade,P011982,"OJELEYE, SEMI",37,12,08:33,513.0,687,23,31,0,0,-8,False,0,
E2026,1,2,Q2,193,CCH,Coach Challenge (1),ZAL,Zalgiris Kaunas,,,,12,08:33,513.0,687,23,31,0,0,-8,False,0,
E2026,1,2,Q2,195,OUT,Out,RED,Crvena Zvezda Meridianbet Belgrade,P014029,"IZUNDU, EBUKA",15,12,08:33,513.0,687,23,31,0,0,-8,False,0,
E2026,1,2,Q2,196,IN,In,RED,Crvena Zvezda Meridianbet Belgrade,P012201,"MONEKE, CHIMA",95,12,08:33,513.0,687,23,31,0,0,-8,False,0,
E2026,1,2,Q2,197,IN,In,ZAL,Zalgiris Kaunas,P007982,"WILLIAMS-GOSS, NIGEL",1,12,08:33,513.0,687,23,31,0,0,-8,False,0,
E2026,1,2,Q2,198,OUT,Out,ZAL,Zalgiris Kaunas,P007513,"GIEDRAITIS, DOVYDAS",9,12,08:33,513.0,687,23,31,0,0,-8,False,0,
E2026,1,2,Q2,199,OUT,Out,ZAL,Zalgiris Kaunas,P011927,"SLEVA, DUSTIN",14,12,08:33,513.0,687,23,31,0,0,-8,False,0,
E2026,1,2,Q2,200,IN,In,ZAL,Zalgiris Kaunas,P000898,"VALANCIUNAS, JONAS",17,12,08:33,513.0,687,23,31,0,0,-8,False,0,
E2026,1,2,Q2,201,FTM,Free Throw In (1/1 -  1 pt),RED,Crvena Zvezda Meridianbet Belgrade,P011982,"OJELEYE, SEMI",37,12,08:33,513.0,687,24,31,1,0,-7,True,0,
E2026,1,2,Q2,202,FTA,Missed Free Throw (1/2 -  1 pt),RED,Crvena Zvezda Meridianbet Belgrade,P011982,"OJELEYE, SEMI",37,12,08:33,513.0,687,24,31,0,0,-7,False,0,
E2026,1,2,Q2,205,3FGM,Three Pointer (1/1 -  4 pt),RED,Crvena Zvezda Meridianbet Belgrade,P011982,"OJELEYE, SEMI",37,12,08:11,491.0,709,27,31,3,0,-4,True,0,
E2026,1,2,Q2,206,AS,Assist (2),RED,Crvena Zvezda Meridianbet Belgrade,P010568,"JONES, CHRIS",1,12,08:11,491.0,709,27,31,0,0,-4,False,0,
E2026,1,2,Q2,208,3FGA,Missed Three Pointer (0/1 -  0 pt),ZAL,Zalgiris Kaunas,P007982,"WILLIAMS-GOSS, NIGEL",1,13,07:55,475.0,725,27,31,0,0,-4,False,0,
E2026,1,2,Q2,210,O,Off Rebound (1),ZAL,Zalgiris Kaunas,P002676,"BUTKEVICIUS, ARNAS",51,13,07:54,474.0,726,27,31,0,0,-4,False,0,
E2026,1,2,Q2,211,TO,Turnover (1),ZAL,Zalgiris Kaunas,,,,13,07:53,473.0,727,27,31,0,0,-4,False,0,
E2026,1,2,Q2,212,2FGM,Two Pointer (4/4 -  10 pt),RED,Crvena Zvezda Meridianbet Belgrade,P010568,"JONES, CHRIS",1,13,07:33,453.0,747,29,31,2,0,-2,True,0,
E2026,1,2,Q2,213,CM,Foul (2),RED,Crvena Zvezda Meridianbet Belgrade,P012201,"MONEKE, CHIMA",95,13,07:26,446.0,754,29,31,0,0,-2,False,0,
E2026,1,2,Q2,214,RV,Foul Drawn (2),ZAL,Zalgiris Kaunas,P008192,"TUBELIS, AZUOLAS",10,13,07:26,446.0,754,29,31,0,0,-2,False,0,
E2026,1,2,Q2,215,3FGA,Missed Three Pointer (0/1 -  4 pt),ZAL,Zalgiris Kaunas,P008192,"TUBELIS, AZUOLAS",10,13,07:21,441.0,759,29,31,0,0,-2,False,0,
E2026,1,2,Q2,216,D,Def Rebound (1),RED,Crvena Zvezda Meridianbet Belgrade,P013363,"NWORA, JORDAN",33,13,07:20,440.0,760,29,31,0,0,-2,False,0,
E2026,1,2,Q2,217,FV,Block (1),ZAL,Zalgiris Kaunas,P000898,"VALANCIUNAS, JONAS",17,13,07:11,431.0,769,29,31,0,0,-2,False,0,
E2026,1,2,Q2,218,2FGA,Missed Two Pointer (0/1 -  2 pt),RED,Crvena Zvezda Meridianbet Belgrade,P013363,"NWORA, JORDAN",33,13,07:11,431.0,769,29,31,0,0,-2,False,0,
E2026,1,2,Q2,219,AG,Shot Rejected (1),RED,Crvena Zvezda Meridianbet Belgrade,P013363,"NWORA, JORDAN",33,13,07:11,431.0,769,29,31,0,0,-2,False,0,
E2026,1,2,Q2,220,D,Def Rebound (1),ZAL,Zalgiris Kaunas,P007982,"WILLIAMS-GOSS, NIGEL",1,13,07:10,430.0,770,29,31,0,0,-2,False,0,
E2026,1,2,Q2,221,2FGA,Missed Two Pointer (2/4 -  4 pt),ZAL,Zalgiris Kaunas,P008192,"TUBELIS, AZUOLAS",10,13,07:03,423.0,777,29,31,0,0,-2,False,0,
E2026,1,2,Q2,223,OUT,Out,ZAL,Zalgiris Kaunas,P000898,"VALANCIUNAS, JONAS",17,13,07:03,423.0,777,29,31,0,0,-2,False,0,
E2026,1,2,Q2,224,IN,In,ZAL,Zalgiris Kaunas,P008186,"BLAZEVIC, MAREK",22,13,07:03,423.0,777,29,31,0,0,-2,False,0,
E2026,1,2,Q2,226,D,Def Rebound (3),RED,Crvena Zvezda Meridianbet Belgrade,,,,13,07:03,423.0,777,29,31,0,0,-2,False,0,
E2026,1,2,Q2,228,2FGM,Two Pointer (1/2 -  4 pt),RED,Crvena Zvezda Meridianbet Belgrade,P013363,"NWORA, JORDAN",33,14,06:51,411.0,789,31,31,2,0,0,True,0,
E2026,1,2,Q2,229,AS,Assist (3),RED,Crvena Zvezda Meridianbet Belgrade,P010568,"JONES, CHRIS",1,14,06:51,411.0,789,31,31,0,0,0,False,0,
E2026,1,2,Q2,230,TOUT,Time Out (1),ZAL,Zalgiris Kaunas,,,,14,06:49,409.0,791,31,31,0,0,0,False,0,
E2026,1,2,Q2,235,TOUT_TV,TV Time Out (2),,,,,,14,06:49,409.0,791,31,31,0,0,0,False,0,
E2026,1,2,Q2,231,OUT,Out,ZAL,Zalgiris Kaunas,P008192,"TUBELIS, AZUOLAS",10,14,06:49,409.0,791,31,31,0,0,0,False,0,
E2026,1,2,Q2,232,IN,In,ZAL,Zalgiris Kaunas,P011927,"SLEVA, DUSTIN",14,14,06:49,409.0,791,31,31,0,0,0,False,0,
E2026,1,2,Q2,233,CM,Foul (1),RED,Crvena Zvezda Meridianbet Belgrade,P013363,"NWORA, JORDAN",33,14,06:40,400.0,800,31,31,0,0,0,False,0,
E2026,1,2,Q2,234,RV,Foul Drawn (2),ZAL,Zalgiris Kaunas,P002329,"ULANOVAS, EDGARAS",92,14,06:40,400.0,800,31,31,0,0,0,False,0,
E2026,1,2,Q2,236,FTA,Missed Free Throw (0/1 -  0 pt),ZAL,Zalgiris Kaunas,P002329,"ULANOVAS, EDGARAS",92,14,06:40,400.0,800,31,31,0,0,0,False,0,
E2026,1,2,Q2,237,FTM,Free Throw In (1/2 -  1 pt),ZAL,Zalgiris Kaunas,P002329,"ULANOVAS, EDGARAS",92,14,06:40,400.0,800,31,32,0,1,-1,True,0,
E2026,1,2,Q2,238,3FGA,Missed Three Pointer (0/1 -  10 pt),RED,Crvena Zvezda Meridianbet Belgrade,P010568,"JONES, CHRIS",1,14,06:20,380.0,820,31,32,0,0,-1,False,0,
E2026,1,2,Q2,239,D,Def Rebound (1),ZAL,Zalgiris Kaunas,P002676,"BUTKEVICIUS, ARNAS",51,14,06:19,379.0,821,31,32,0,0,-1,False,0,
E2026,1,2,Q2,240,2FGA,Missed Two Pointer (0/2 -  0 pt),ZAL,Zalgiris Kaunas,P007982,"WILLIAMS-GOSS, NIGEL",1,14,06:11,371.0,829,31,32,0,0,-1,False,0,
E2026,1,2,Q2,241,D,Def Rebound (4),RED,Crvena Zvezda Meridianbet Belgrade,,,,14,06:09,369.0,831,31,32,0,0,-1,False,0,
E2026,1,2,Q2,242,IN,In,RED,Crvena Zvezda Meridianbet Belgrade,P011157,"MOTLEY, JOHNATHAN",0,14,06:09,369.0,831,31,32,0,0,-1,False,0,
E2026,1,2,Q2,243,OUT,Out,RED,Crvena Zvezda Meridianbet Belgrade,P010568,"JONES, CHRIS",1,14,06:09,369.0,831,31,32,0,0,-1,False,0,
E2026,1,2,Q2,244,IN,In,RED,Crvena Zvezda Meridianbet Belgrade,P010391,"WEILER-BABB, NICK",3,14,06:09,369.0,831,31,32,0,0,-1,False,0,
E2026,1,2,Q2,245,IN,In,RED,Crvena Zvezda Meridianbet Belgrade,P011305,"CARTER, TYSON",11,14,06:09,369.0,831,31,32,0,0,-1,False,0,
E2026,1,2,Q2,246,OUT,Out,RED,Crvena Zvezda Meridianbet Belgrade,P004007,"DOBRIC, OGNJEN",13,14,06:09,369.0,831,31,32,0,0,-1,False,0,
E2026,1,2,Q2,247,OUT,Out,RED,Crvena Zvezda Meridianbet Belgrade,P012201,"MONEKE, CHIMA",95,14,06:09,369.0,831,31,32,0,0,-1,False,0,
E2026,1,2,Q2,249,TO,Turnover (1),RED,Crvena Zvezda Meridianbet Belgrade,P010391,"WEILER-BABB, NICK",3,15,05:50,350.0,850,31,32,0,0,-1,False,0,
E2026,1,2,Q2,250,ST,Steal (1),ZAL,Zalgiris Kaunas,P007982,"WILLIAMS-GOSS, NIGEL",1,15,05:50,350.0,850,31,32,0,0,-1,False,0,
E2026,1,2,Q2,251,2FGA,Missed Two Pointer (0/3 -  0 pt),ZAL,Zalgiris Kaunas,P007982,"WILLIAMS-GOSS, NIGEL",1,15,05:46,346.0,854,31,32,0,0,-1,False,0,
E2026,1,2,Q2,252,D,Def Rebound (1),RED,Crvena Zvezda Meridianbet Belgrade,P010391,"WEILER-BABB, NICK",3,15,05:45,345.0,855,31,32,0,0,-1,False,0,
E2026,1,2,Q2,253,TO,Turnover (2),RED,Crvena Zvezda Meridianbet Belgrade,P010391,"WEILER-BABB, NICK",3,15,05:45,345.0,855,31,32,0,0,-1,False,0,
E2026,1,2,Q2,254,ST,Steal (1),ZAL,Zalgiris Kaunas,P002676,"BUTKEVICIUS, ARNAS",51,15,05:45,345.0,855,31,32,0,0,-1,False,0,
E2026,1,2,Q2,255,CM,Foul (1),RED,Crvena Zvezda Meridianbet Belgrade,P010391,"WEILER-BABB, NICK",3,15,05:40,340.0,860,31,32,0,0,-1,False,0,
E2026,1,2,Q2,256,RV,Foul Drawn (1),ZAL,Zalgiris Kaunas,P011927,"SLEVA, DUSTIN",14,15,05:40,340.0,860,31,32,0,0,-1,False,0,
E2026,1,2,Q2,257,OUT,Out,ZAL,Zalgiris Kaunas,P007982,"WILLIAMS-GOSS, NIGEL",1,15,05:40,340.0,860,31,32,0,0,-1,False,0,
E2026,1,2,Q2,258,IN,In,ZAL,Zalgiris Kaunas,P007032,"LO, MAODO",12,15,05:40,340.0,860,31,32,0,0,-1,False,0,
E2026,1,2,Q2,259,IN,In,RED,Crvena Zvezda Meridianbet Belgrade,P014163,"BUTLER, JARED",6,15,05:40,340.0,860,31,32,0,0,-1,False,0,
E2026,1,2,Q2,260,OUT,Out,RED,Crvena Zvezda Meridianbet Belgrade,P011305,"CARTER, TYSON",11,15,05:40,340.0,860,31,32,0,0,-1,False,0,
E2026,1,2,Q2,261,IN,In,ZAL,Zalgiris Kaunas,P002328,"GRIGONIS, MARIUS",40,15,05:40,340.0,860,31,32,0,0,-1,False,0,
E2026,1,2,Q2,262,OUT,Out,ZAL,Zalgiris Kaunas,P002329,"ULANOVAS, EDGARAS",92,15,05:40,340.0,860,31,32,0,0,-1,False,0,
E2026,1,2,Q2,263,FTA,Missed Free Throw (0/1 -  3 pt),ZAL,Zalgiris Kaunas,P011927,"SLEVA, DUSTIN",14,15,05:40,340.0,860,31,32,0,0,-1,False,0,
E2026,1,2,Q2,264,FTA,Missed Free Throw (0/2 -  3 pt),ZAL,Zalgiris Kaunas,P011927,"SLEVA, DUSTIN",14,15,05:40,340.0,860,31,32,0,0,-1,False,0,
E2026,1,2,Q2,265,D,Def Rebound (3),RED,Crvena Zvezda Meridianbet Belgrade,P011982,"OJELEYE, SEMI",37,15,05:40,340.0,860,31,32,0,0,-1,False,0,
E2026,1,2,Q2,266,3FGA,Missed Three Pointer (0/1 -  4 pt),RED,Crvena Zvezda Meridianbet Belgrade,P013363,"NWORA, JORDAN",33,15,05:20,320.0,880,31,32,0,0,-1,False,0,
E2026,1,2,Q2,267,D,Def Rebound (1),ZAL,Zalgiris Kaunas,P007032,"LO, MAODO",12,15,05:19,319.0,881,31,32,0,0,-1,False,0,
E2026,1,2,Q2,268,CM,Foul (1),RED,Crvena Zvezda Meridianbet Belgrade,P011982,"OJELEYE, SEMI",37,15,05:08,308.0,892,31,32,0,0,-1,False,0,
E2026,1,2,Q2,269,RV,Foul Drawn (2),ZAL,Zalgiris Kaunas,P011927,"SLEVA, DUSTIN",14,15,05:08,308.0,892,31,32,0,0,-1,False,0,
E2026,1,2,Q2,270,OUT,Out,RED,Crvena Zvezda Meridianbet Belgrade,P013363,"NWORA, JORDAN",33,15,05:08,308.0,892,31,32,0,0,-1,False,0,
E2026,1,2,Q2,271,IN,In,RED,Crvena Zvezda Meridianbet Belgrade,P006482,"KRAMER, DAVID",44,15,05:08,308.0,892,31,32,0,0,-1,False,0,
E2026,1,2,Q2,272,FTA,Missed Free Throw (0/3 -  3 pt),ZAL,Zalgiris Kaunas,P011927,"SLEVA, DUSTIN",14,15,05:08,308.0,892,31,32,0,0,-1,False,0,
E2026,1,2,Q2,273,FTM,Free Throw In (1/4 -  4 pt),ZAL,Zalgiris Kaunas,P011927,"SLEVA, DUSTIN",14,15,05:08,308.0,892,31,33,0,1,-2,True,0,
E2026,1,2,Q2,275,3FGM,Three Pointer (2/2 -  7 pt),RED,Crvena Zvezda Meridianbet Belgrade,P011982,"OJELEYE, SEMI",37,16,04:47,287.0,913,34,33,3,0,1,True,0,
E2026,1,2,Q2,276,AS,Assist (1),RED,Crvena Zvezda Meridianbet Belgrade,P014163,"BUTLER, JARED",6,16,04:47,287.0,913,34,33,0,0,1,False,0,
E2026,1,2,Q2,277,TOUT,Time Out (2),ZAL,Zalgiris Kaunas,,,,16,04:45,285.0,915,34,33,0,0,1,False,0,
E2026,1,2,Q2,278,3FGA,Missed Three Pointer (0/1 -  0 pt),ZAL,Zalgiris Kaunas,P002328,"GRIGONIS, MARIUS",40,16,04:24,264.0,936,34,33,0,0,1,False,0,
E2026,1,2,Q2,279,O,Off Rebound (2),ZAL,Zalgiris Kaunas,P011927,"SLEVA, DUSTIN",14,16,04:23,263.0,937,34,33,0,0,1,False,0,
E2026,1,2,Q2,280,OF,Offensive Foul (1),ZAL,Zalgiris Kaunas,P008186,"BLAZEVIC, MAREK",22,16,04:19,259.0,941,34,33,0,0,1,False,0,
E2026,1,2,Q2,281,TO,Turnover (1),ZAL,Zalgiris Kaunas,P008186,"BLAZEVIC, MAREK",22,16,04:19,259.0,941,34,33,0,0,1,False,0,
E2026,1,2,Q2,282,RV,Foul Drawn (2),RED,Crvena Zvezda Meridianbet Belgrade,P014163,"BUTLER, JARED",6,16,04:19,259.0,941,34,33,0,0,1,False,0,
E2026,1,2,Q2,283,OF,Offensive Foul (2),RED,Crvena Zvezda Meridianbet Belgrade,P011157,"MOTLEY, JOHNATHAN",0,16,04:19,259.0,941,34,33,0,0,1,False,0,
E2026,1,2,Q2,284,TO,Turnover (4),RED,Crvena Zvezda Meridianbet Belgrade,P011157,"MOTLEY, JOHNATHAN",0,16,04:19,259.0,941,34,33,0,0,1,False,0,
E2026,1,2,Q2,285,RV,Foul Drawn (1),ZAL,Zalgiris Kaunas,P007032,"LO, MAODO",12,16,04:19,259.0,941,34,33,0,0,1,False,0,
E2026,1,2,Q2,286,IN,In,ZAL,Zalgiris Kaunas,P000898,"VALANCIUNAS, JONAS",17,16,04:19,259.0,941,34,33,0,0,1,False,0,
E2026,1,2,Q2,287,OUT,Out,ZAL,Zalgiris Kaunas,P008186,"BLAZEVIC, MAREK",22,16,04:19,259.0,941,34,33,0,0,1,False,0,
E2026,1,2,Q2,288,TO,Turnover (1),ZAL,Zalgiris Kaunas,P002328,"GRIGONIS, MARIUS",40,16,04:16,256.0,944,34,33,0,0,1,False,0,
E2026,1,2,Q2,289,2FGA,Missed Two Pointer (0/1 -  2 pt),RED,Crvena Zvezda Meridianbet Belgrade,P006482,"KRAMER, DAVID",44,16,04:09,249.0,951,34,33,0,0,1,False,0,
E2026,1,2,Q2,290,O,Off Rebound (1),RED,Crvena Zvezda Meridianbet Belgrade,P014163,"BUTLER, JARED",6,16,04:08,248.0,952,34,33,0,0,1,False,0,
E2026,1,2,Q2,291,3FGA,Missed Three Pointer (0/1 -  0 pt),RED,Crvena Zvezda Meridianbet Belgrade,P010391,"WEILER-BABB, NICK",3,16,04:01,241.0,959,34,33,0,0,1,False,0,
E2026,1,2,Q2,292,D,Def Rebound (2),ZAL,Zalgiris Kaunas,P007032,"LO, MAODO",12,16,04:00,240.0,960,34,33,0,0,1,False,0,
E2026,1,2,Q2,294,2FGM,Two Pointer (1/1 -  2 pt),ZAL,Zalgiris Kaunas,P002328,"GRIGONIS, MARIUS",40,17,03:56,236.0,964,34,35,0,2,-1,True,0,
E2026,1,2,Q2,295,AS,Assist (2),ZAL,Zalgiris Kaunas,P007032,"LO, MAODO",12,17,03:56,236.0,964,34,35,0,0,-1,False,0,
E2026,1,2,Q2,296,CM,Foul (2),ZAL,Zalgiris Kaunas,P011927,"SLEVA, DUSTIN",14,17,03:43,223.0,977,34,35,0,0,-1,False,0,
E2026,1,2,Q2,297,RV,Foul Drawn (3),RED,Crvena Zvezda Meridianbet Belgrade,P011982,"OJELEYE, SEMI",37,17,03:43,223.0,977,34,35,0,0,-1,False,0,
E2026,1,2,Q2,298,OUT,Out,RED,Crvena Zvezda Meridianbet Belgrade,P011982,"OJELEYE, SEMI",37,17,03:43,223.0,977,34,35,0,0,-1,False,0,
E2026,1,2,Q2,299,IN,In,RED,Crvena Zvezda Meridianbet Belgrade,P012201,"MONEKE, CHIMA",95,17,03:43,223.0,977,34,35,0,0,-1,False,0,
E2026,1,2,Q2,300,IN,In,ZAL,Zalgiris Kaunas,P007982,"WILLIAMS-GOSS, NIGEL",1,17,03:43,223.0,977,34,35,0,0,-1,False,0,
E2026,1,2,Q2,301,IN,In,ZAL,Zalgiris Kaunas,P011987,"EDWARDS, CARSEN",3,17,03:43,223.0,977,34,35,0,0,-1,False,0,
E2026,1,2,Q2,302,IN,In,ZAL,Zalgiris Kaunas,P008192,"TUBELIS, AZUOLAS",10,17,03:43,223.0,977,34,35,0,0,-1,False,0,
E2026,1,2,Q2,303,OUT,Out,ZAL,Zalgiris Kaunas,P007032,"LO, MAODO",12,17,03:43,223.0,977,34,35,0,0,-1,False,0,
E2026,1,2,Q2,304,OUT,Out,ZAL,Zalgiris Kaunas,P011927,"SLEVA, DUSTIN",14,17,03:43,223.0,977,34,35,0,0,-1,False,0,
E2026,1,2,Q2,305,OUT,Out,ZAL,Zalgiris Kaunas,P002328,"GRIGONIS, MARIUS",40,17,03:43,223.0,977,34,35,0,0,-1,False,0,
E2026,1,2,Q2,306,3FGA,Missed Three Pointer (1/2 -  3 pt),RED,Crvena Zvezda Meridianbet Belgrade,P014163,"BUTLER, JARED",6,17,03:36,216.0,984,34,35,0,0,-1,False,0,
E2026,1,2,Q2,307,D,Def Rebound (2),ZAL,Zalgiris Kaunas,P000898,"VALANCIUNAS, JONAS",17,17,03:35,215.0,985,34,35,0,0,-1,False,0,
E2026,1,2,Q2,308,2FGM,Two Pointer (3/5 -  6 pt),ZAL,Zalgiris Kaunas,P008192,"TUBELIS, AZUOLAS",10,17,03:22,202.0,998,34,37,0,2,-3,True,0,
E2026,1,2,Q2,309,AS,Assist (2),ZAL,Zalgiris Kaunas,P000898,"VALANCIUNAS, JONAS",17,17,03:22,202.0,998,34,37,0,0,-3,False,0,
E2026,1,2,Q2,311,2FGA,Missed Two Pointer (1/4 -  2 pt),RED,Crvena Zvezda Meridianbet Belgrade,P011157,"MOTLEY, JOHNATHAN",0,18,02:56,176.0,1024,34,37,0,0,-3,False,0,
E2026,1,2,Q2,312,D,Def Rebound (2),ZAL,Zalgiris Kaunas,P002676,"BUTKEVICIUS, ARNAS",51,18,02:55,175.0,1025,34,37,0,0,-3,False,0,
E2026,1,2,Q2,313,2FGM,Two Pointer (1/4 -  2 pt),ZAL,Zalgiris Kaunas,P007982,"WILLIAMS-GOSS, NIGEL",1,18,02:40,160.0,1040,34,39,0,2,-5,True,0,
E2026,1,2,Q2,314,TOUT,Time Out (1),RED,Crvena Zvezda Meridianbet Belgrade,,,,18,02:39,159.0,1041,34,39,0,0,-5,False,0,
E2026,1,2,Q2,315,OUT,Out,RED,Crvena Zvezda Meridianbet Belgrade,P011157,"MOTLEY, JOHNATHAN",0,18,02:39,159.0,1041,34,39,0,0,-5,False,0,
E2026,1,2,Q2,316,IN,In,RED,Crvena Zvezda Meridianbet Belgrade,P010568,"JONES, CHRIS",1,18,02:39,159.0,1041,34,39,0,0,-5,False,0,
E2026,1,2,Q2,317,OUT,Out,RED,Crvena Zvezda Meridianbet Belgrade,P010391,"WEILER-BABB, NICK",3,18,02:39,159.0,1041,34,39,0,0,-5,False,0,
E2026,1,2,Q2,318,IN,In,RED,Crvena Zvezda Meridianbet Belgrade,P014029,"IZUNDU, EBUKA",15,18,02:39,159.0,1041,34,39,0,0,-5,False,0,
E2026,1,2,Q2,319,IN,In,ZAL,Zalgiris Kaunas,P012720,"BROWN, STERLING",0,18,02:39,159.0,1041,34,39,0,0,-5,False,0,
E2026,1,2,Q2,320,OUT,Out,ZAL,Zalgiris Kaunas,P002676,"BUTKEVICIUS, ARNAS",51,18,02:39,159.0,1041,34,39,0,0,-5,False,0,
E2026,1,2,Q2,321,2FGA,Missed Two Pointer (0/2 -  2 pt),RED,Crvena Zvezda Meridianbet Belgrade,P006482,"KRAMER, DAVID",44,18,02:29,149.0,1051,34,39,0,0,-5,False,0,
E2026,1,2,Q2,322,O,Off Rebound (3),RED,Crvena Zvezda Meridianbet Belgrade,P014029,"IZUNDU, EBUKA",15,18,02:27,147.0,1053,34,39,0,0,-5,False,0,
E2026,1,2,Q2,323,2FGA,Missed Two Pointer (1/4 -  3 pt),RED,Crvena Zvezda Meridianbet Belgrade,P014029,"IZUNDU, EBUKA",15,18,02:27,147.0,1053,34,39,0,0,-5,False,0,
E2026,1,2,Q2,324,D,Def Rebound (3),ZAL,Zalgiris Kaunas,P000898,"VALANCIUNAS, JONAS",17,18,02:27,147.0,1053,34,39,0,0,-5,False,0,
E2026,1,2,Q2,325,TO,Turnover (3),ZAL,Zalgiris Kaunas,P007982,"WILLIAMS-GOSS, NIGEL",1,18,02:20,140.0,1060,34,39,0,0,-5,False,0,
E2026,1,2,Q2,326,ST,Steal (2),RED,Crvena Zvezda Meridianbet Belgrade,P010568,"JONES, CHRIS",1,18,02:20,140.0,1060,34,39,0,0,-5,False,0,
E2026,1,2,Q2,327,3FGM,Three Pointer (1/2 -  13 pt),RED,Crvena Zvezda Meridianbet Belgrade,P010568,"JONES, CHRIS",1,18,02:15,135.0,1065,37,39,3,0,-2,True,0,
E2026,1,2,Q2,329,2FGA,Missed Two Pointer (5/7 -  11 pt),ZAL,Zalgiris Kaunas,P000898,"VALANCIUNAS, JONAS",17,19,01:58,118.0,1082,37,39,0,0,-2,False,0,
E2026,1,2,Q2,330,O,Off Rebound (1),ZAL,Zalgiris Kaunas,P008192,"TUBELIS, AZUOLAS",10,19,01:57,117.0,1083,37,39,0,0,-2,False,0,
E2026,1,2,Q2,331,2FGA,Missed Two Pointer (3/6 -  6 pt),ZAL,Zalgiris Kaunas,P008192,"TUBELIS, AZUOLAS",10,19,01:57,117.0,1083,37,39,0,0,-2,False,0,
E2026,1,2,Q2,332,O,Off Rebound (2),ZAL,Zalgiris Kaunas,P008192,"TUBELIS, AZUOLAS",10,19,01:55,115.0,1085,37,39,0,0,-2,False,0,
E2026,1,2,Q2,333,2FGM,Two Pointer (4/7 -  8 pt),ZAL,Zalgiris Kaunas,P008192,"TUBELIS, AZUOLAS",10,19,01:55,115.0,1085,37,41,0,2,-4,True,0,
E2026,1,2,Q2,334,3FGA,Missed Three Pointer (0/2 -  0 pt),RED,Crvena Zvezda Meridianbet Belgrade,P012201,"MONEKE, CHIMA",95,19,01:43,103.0,1097,37,41,0,0,-4,False,0,
E2026,1,2,Q2,335,O,Off Rebound (1),RED,Crvena Zvezda Meridianbet Belgrade,P010568,"JONES, CHRIS",1,19,01:42,102.0,1098,37,41,0,0,-4,False,0,
E2026,1,2,Q2,336,3FGM,Three Pointer (2/3 -  6 pt),RED,Crvena Zvezda Meridianbet Belgrade,P014163,"BUTLER, JARED",6,19,01:36,96.0,1104,40,41,3,0,-1,True,0,
E2026,1,2,Q2,337,AS,Assist (4),RED,Crvena Zvezda Meridianbet Belgrade,P010568,"JONES, CHRIS",1,19,01:36,96.0,1104,40,41,0,0,-1,False,0,
E2026,1,2,Q2,338,FV,Block (1),RED,Crvena Zvezda Meridianbet Belgrade,P014163,"BUTLER, JARED",6,19,01:22,82.0,1118,40,41,0,0,-1,False,0,
E2026,1,2,Q2,339,2FGA,Missed Two Pointer (0/2 -  6 pt),ZAL,Zalgiris Kaunas,P011987,"EDWARDS, CARSEN",3,19,01:22,82.0,1118,40,41,0,0,-1,False,0,
E2026,1,2,Q2,340,AG,Shot Rejected (1),ZAL,Zalgiris Kaunas,P011987,"EDWARDS, CARSEN",3,19,01:22,82.0,1118,40,41,0,0,-1,False,0,
E2026,1,2,Q2,341,D,Def Rebound (1),RED,Crvena Zvezda Meridianbet Belgrade,P010568,"JONES, CHRIS",1,19,01:21,81.0,1119,40,41,0,0,-1,False,0,
E2026,1,2,Q2,342,3FGM,Three Pointer (1/2 -  5 pt),RED,Crvena Zvezda Meridianbet Belgrade,P006482,"KRAMER, DAVID",44,19,01:10,70.0,1130,43,41,3,0,2,True,0,
E2026,1,2,Q2,343,AS,Assist (5),RED,Crvena Zvezda Meridianbet Belgrade,P010568,"JONES, CHRIS",1,19,01:05,65.0,1135,43,41,0,0,2,False,0,
E2026,1,2,Q2,345,3FGA,Missed Three Pointer (2/3 -  6 pt),ZAL,Zalgiris Kaunas,P011987,"EDWARDS, CARSEN",3,20,00:54,54.0,1146,43,41,0,0,2,False,0,
E2026,1,2,Q2,346,O,Off Rebound (3),ZAL,Zalgiris Kaunas,,,,20,00:49,49.0,1151,43,41,0,0,2,False,0,
E2026,1,2,Q2,347,3FGA,Missed Three Pointer (2/4 -  6 pt),ZAL,Zalgiris Kaunas,P011987,"EDWARDS, CARSEN",3,20,00:43,43.0,1157,43,41,0,0,2,False,0,
E2026,1,2,Q2,348,D,Def Rebound (1),RED,Crvena Zvezda Meridianbet Belgrade,P014163,"BUTLER, JARED",6,20,00:42,42.0,1158,43,41,0,0,2,False,0,
E2026,1,2,Q2,349,CM,Foul (1),ZAL,Zalgiris Kaunas,P000898,"VALANCIUNAS, JONAS",17,20,00:28,28.0,1172,43,41,0,0,2,False,0,
E2026,1,2,Q2,350,RV,Foul Drawn (2),RED,Crvena Zvezda Meridianbet Belgrade,P014029,"IZUNDU, EBUKA",15,20,00:28,28.0,1172,43,41,0,0,2,False,0,
E2026,1,2,Q2,351,IN,In,RED,Crvena Zvezda Meridianbet Belgrade,P011982,"OJELEYE, SEMI",37,20,00:28,28.0,1172,43,41,0,0,2,False,0,
E2026,1,2,Q2,352,OUT,Out,RED,Crvena Zvezda Meridianbet Belgrade,P012201,"MONEKE, CHIMA",95,20,00:28,28.0,1172,43,41,0,0,2,False,0,
E2026,1,2,Q2,353,FTM,Free Throw In (2/3 -  4 pt),RED,Crvena Zvezda Meridianbet Belgrade,P014029,"IZUNDU, EBUKA",15,20,00:28,28.0,1172,44,41,1,0,3,True,0,
E2026,1,2,Q2,377,AS,Assist (2),RED,Crvena Zvezda Meridianbet Belgrade,P014163,"BUTLER, JARED",6,20,00:28,28.0,1172,44,41,0,0,3,False,0,
E2026,1,2,Q2,354,FTM,Free Throw In (3/4 -  5 pt),RED,Crvena Zvezda Meridianbet Belgrade,P014029,"IZUNDU, EBUKA",15,20,00:28,28.0,1172,45,41,1,0,4,True,0,
E2026,1,2,Q2,355,IN,In,RED,Crvena Zvezda Meridianbet Belgrade,P014094,"MILJENOVIC, STEFAN",2,20,00:28,28.0,1172,45,41,0,0,4,False,0,
E2026,1,2,Q2,356,OUT,Out,RED,Crvena Zvezda Meridianbet Belgrade,P014163,"BUTLER, JARED",6,20,00:28,28.0,1172,45,41,0,0,4,False,0,
E2026,1,2,Q2,358,CM,Foul (1),RED,Crvena Zvezda Meridianbet Belgrade,P014094,"MILJENOVIC, STEFAN",2,20,00:08,8.0,1192,45,41,0,0,4,False,0,
E2026,1,2,Q2,359,RV,Foul Drawn (1),ZAL,Zalgiris Kaunas,P012720,"BROWN, STERLING",0,20,00:08,8.0,1192,45,41,0,0,4,False,0,
E2026,1,2,Q2,360,OUT,Out,RED,Crvena Zvezda Meridianbet Belgrade,P014094,"MILJENOVIC, STEFAN",2,20,00:08,8.0,1192,45,41,0,0,4,False,0,
E2026,1,2,Q2,361,IN,In,RED,Crvena Zvezda Meridianbet Belgrade,P014163,"BUTLER, JARED",6,20,00:08,8.0,1192,45,41,0,0,4,False,0,
E2026,1,2,Q2,362,OUT,Out,ZAL,Zalgiris Kaunas,P007982,"WILLIAMS-GOSS, NIGEL",1,20,00:08,8.0,1192,45,41,0,0,4,False,0,
E2026,1,2,Q2,363,OUT,Out,ZAL,Zalgiris Kaunas,P011987,"EDWARDS, CARSEN",3,20,00:08,8.0,1192,45,41,0,0,4,False,0,
E2026,1,2,Q2,364,IN,In,ZAL,Zalgiris Kaunas,P007513,"GIEDRAITIS, DOVYDAS",9,20,00:08,8.0,1192,45,41,0,0,4,False,0,
E2026,1,2,Q2,365,OUT,Out,ZAL,Zalgiris Kaunas,P000898,"VALANCIUNAS, JONAS",17,20,00:08,8.0,1192,45,41,0,0,4,False,0,
E2026,1,2,Q2,366,IN,In,ZAL,Zalgiris Kaunas,P008186,"BLAZEVIC, MAREK",22,20,00:08,8.0,1192,45,41,0,0,4,False,0,
E2026,1,2,Q2,367,IN,In,ZAL,Zalgiris Kaunas,P002329,"ULANOVAS, EDGARAS",92,20,00:08,8.0,1192,45,41,0,0,4,False,0,
E2026,1,2,Q2,368,FTM,Free Throw In (1/1 -  4 pt),ZAL,Zalgiris Kaunas,P012720,"BROWN, STERLING",0,20,00:08,8.0,1192,45,42,0,1,3,True,0,
E2026,1,2,Q2,369,FTM,Free Throw In (2/2 -  5 pt),ZAL,Zalgiris Kaunas,P012720,"BROWN, STERLING",0,20,00:08,8.0,1192,45,43,0,1,2,True,0,
E2026,1,2,Q2,370,OUT,Out,RED,Crvena Zvezda Meridianbet Belgrade,P014029,"IZUNDU, EBUKA",15,20,00:08,8.0,1192,45,43,0,0,2,False,0,
E2026,1,2,Q2,371,IN,In,RED,Crvena Zvezda Meridianbet Belgrade,P013363,"NWORA, JORDAN",33,20,00:08,8.0,1192,45,43,0,0,2,False,0,
E2026,1,2,Q2,372,OUT,Out,ZAL,Zalgiris Kaunas,P012720,"BROWN, STERLING",0,20,00:08,8.0,1192,45,43,0,0,2,False,0,
E2026,1,2,Q2,373,IN,In,ZAL,Zalgiris Kaunas,P002676,"BUTKEVICIUS, ARNAS",51,20,00:08,8.0,1192,45,43,0,0,2,False,0,
E2026,1,2,Q2,374,3FGA,Missed Three Pointer (2/4 -  6 pt),RED,Crvena Zvezda Meridianbet Belgrade,P014163,"BUTLER, JARED",6,20,00:00,0.0,1200,45,43,0,0,2,False,0,
E2026,1,2,Q2,376,EP,End Period,,,,,,21,,,1260,45,43,0,0,2,False,0,
E2026,1,3,Q3,388,BP,Begin Period,,,,,,21,,,1260,45,43,0,0,2,False,0,
E2026,1,3,Q3,378,IN,In,RED,Crvena Zvezda Meridianbet Belgrade,P011157,"MOTLEY, JOHNATHAN",0,21,10:00,600.0,1200,45,43,0,0,2,False,0,
E2026,1,3,Q3,379,OUT,Out,RED,Crvena Zvezda Meridianbet Belgrade,P014163,"BUTLER, JARED",6,21,10:00,600.0,1200,45,43,0,0,2,False,0,
E2026,1,3,Q3,380,IN,In,RED,Crvena Zvezda Meridianbet Belgrade,P011305,"CARTER, TYSON",11,21,10:00,600.0,1200,45,43,0,0,2,False,0,
E2026,1,3,Q3,381,OUT,Out,RED,Crvena Zvezda Meridianbet Belgrade,P006482,"KRAMER, DAVID",44,21,10:00,600.0,1200,45,43,0,0,2,False,0,
E2026,1,3,Q3,382,IN,In,ZAL,Zalgiris Kaunas,P007982,"WILLIAMS-GOSS, NIGEL",1,21,10:00,600.0,1200,45,43,0,0,2,False,0,
E2026,1,3,Q3,383,IN,In,ZAL,Zalgiris Kaunas,P011987,"EDWARDS, CARSEN",3,21,10:00,600.0,1200,45,43,0,0,2,False,0,
E2026,1,3,Q3,384,OUT,Out,ZAL,Zalgiris Kaunas,P007513,"GIEDRAITIS, DOVYDAS",9,21,10:00,600.0,1200,45,43,0,0,2,False,0,
E2026,1,3,Q3,385,IN,In,ZAL,Zalgiris Kaunas,P000898,"VALANCIUNAS, JONAS",17,21,10:00,600.0,1200,45,43,0,0,2,False,0,
E2026,1,3,Q3,386,OUT,Out,ZAL,Zalgiris Kaunas,P008186,"BLAZEVIC, MAREK",22,21,10:00,600.0,1200,45,43,0,0,2,False,0,
E2026,1,3,Q3,387,OUT,Out,ZAL,Zalgiris Kaunas,P002329,"ULANOVAS, EDGARAS",92,21,10:00,600.0,1200,45,43,0,0,2,False,0,
E2026,1,3,Q3,389,3FGA,Missed Three Pointer (0/2 -  2 pt),RED,Crvena Zvezda Meridianbet Belgrade,P011157,"MOTLEY, JOHNATHAN",0,21,09:37,577.0,1223,45,43,0,0,2,False,0,
E2026,1,3,Q3,390,D,Def Rebound (6),ZAL,Zalgiris Kaunas,P008192,"TUBELIS, AZUOLAS",10,21,09:36,576.0,1224,45,43,0,0,2,False,0,
E2026,1,3,Q3,391,CM,Foul (3),RED,Crvena Zvezda Meridianbet Belgrade,P011157,"MOTLEY, JOHNATHAN",0,21,09:24,564.0,1236,45,43,0,0,2,False,0,
E2026,1,3,Q3,392,RV,Foul Drawn (2),ZAL,Zalgiris Kaunas,P000898,"VALANCIUNAS, JONAS",17,21,09:24,564.0,1236,45,43,0,0,2,False,0,
E2026,1,3,Q3,393,2FGM,Two Pointer (2/5 -  4 pt),ZAL,Zalgiris Kaunas,P007982,"WILLIAMS-GOSS, NIGEL",1,21,09:18,558.0,1242,45,45,0,2,0,True,0,
E2026,1,3,Q3,395,2FGA,Missed Two Pointer (1/3 -  4 pt),RED,Crvena Zvezda Meridianbet Belgrade,P013363,"NWORA, JORDAN",33,22,08:59,539.0,1261,45,45,0,0,0,False,0,
E2026,1,3,Q3,398,D,Def Rebound (5),ZAL,Zalgiris Kaunas,,,,22,08:58,538.0,1262,45,45,0,0,0,False,0,
E2026,1,3,Q3,396,CMT1,Technical Foul 1 (2),RED,Crvena Zvezda Meridianbet Belgrade,P013363,"NWORA, JORDAN",33,22,08:58,538.0,1262,45,45,0,0,0,False,0,
E2026,1,3,Q3,397,FTM,Free Throw In (1/1 -  7 pt),ZAL,Zalgiris Kaunas,P011987,"EDWARDS, CARSEN",3,22,08:43,523.0,1277,45,46,0,1,-1,True,0,
E2026,1,3,Q3,399,2FGA,Missed Two Pointer (5/8 -  11 pt),ZAL,Zalgiris Kaunas,P000898,"VALANCIUNAS, JONAS",17,22,08:38,518.0,1282,45,46,0,0,-1,False,0,
E2026,1,3,Q3,400,O,Off Rebound (2),ZAL,Zalgiris Kaunas,P002676,"BUTKEVICIUS, ARNAS",51,22,08:37,517.0,1283,45,46,0,0,-1,False,0,
E2026,1,3,Q3,401,3FGA,Missed Three Pointer (2/5 -  7 pt),ZAL,Zalgiris Kaunas,P011987,"EDWARDS, CARSEN",3,22,08:34,514.0,1286,45,46,0,0,-1,False,0,
E2026,1,3,Q3,402,D,Def Rebound (4),RED,Crvena Zvezda Meridianbet Belgrade,P011982,"OJELEYE, SEMI",37,22,08:33,513.0,1287,45,46,0,0,-1,False,0,
E2026,1,3,Q3,403,TO,Turnover (1),RED,Crvena Zvezda Meridianbet Belgrade,P011982,"OJELEYE, SEMI",37,22,08:29,509.0,1291,45,46,0,0,-1,False,0,
E2026,1,3,Q3,404,ST,Steal (2),ZAL,Zalgiris Kaunas,P007982,"WILLIAMS-GOSS, NIGEL",1,22,08:29,509.0,1291,45,46,0,0,-1,False,0,
E2026,1,3,Q3,405,2FGM,Two Pointer (3/6 -  6 pt),ZAL,Zalgiris Kaunas,P007982,"WILLIAMS-GOSS, NIGEL",1,22,08:28,508.0,1292,45,48,0,2,-3,True,0,
E2026,1,3,Q3,407,2FGA,Missed Two Pointer (1/4 -  4 pt),RED,Crvena Zvezda Meridianbet Belgrade,P013363,"NWORA, JORDAN",33,23,07:56,476.0,1324,45,48,0,0,-3,False,0,
E2026,1,3,Q3,408,O,Off Rebound (1),RED,Crvena Zvezda Meridianbet Belgrade,P013363,"NWORA, JORDAN",33,23,07:55,475.0,1325,45,48,0,0,-3,False,0,
E2026,1,3,Q3,409,FV,Block (2),ZAL,Zalgiris Kaunas,P000898,"VALANCIUNAS, JONAS",17,23,07:55,475.0,1325,45,48,0,0,-3,False,0,
E2026,1,3,Q3,410,2FGA,Missed Two Pointer (1/5 -  4 pt),RED,Crvena Zvezda Meridianbet Belgrade,P013363,"NWORA, JORDAN",33,23,07:55,475.0,1325,45,48,0,0,-3,False,0,
E2026,1,3,Q3,411,AG,Shot Rejected (2),RED,Crvena Zvezda Meridianbet Belgrade,P013363,"NWORA, JORDAN",33,23,07:55,475.0,1325,45,48,0,0,-3,False,0,
E2026,1,3,Q3,412,D,Def Rebound (4),ZAL,Zalgiris Kaunas,P000898,"VALANCIUNAS, JONAS",17,23,07:54,474.0,1326,45,48,0,0,-3,False,0,
E2026,1,3,Q3,413,2FGM,Two Pointer (1/3 -  9 pt),ZAL,Zalgiris Kaunas,P011987,"EDWARDS, CARSEN",3,23,07:47,467.0,1333,45,50,0,2,-5,True,0,
E2026,1,3,Q3,414,AS,Assist (1),ZAL,Zalgiris Kaunas,P002676,"BUTKEVICIUS, ARNAS",51,23,07:47,467.0,1333,45,50,0,0,-5,False,0,
E2026,1,3,Q3,415,TOUT,Time Out (1),RED,Crvena Zvezda Meridianbet Belgrade,,,,23,07:47,467.0,1333,45,50,0,0,-5,False,0,
E2026,1,3,Q3,416,TOUT_TV,TV Time Out (3),,,,,,23,07:47,467.0,1333,45,50,0,0,-5,False,0,
E2026,1,3,Q3,417,OUT,Out,RED,Crvena Zvezda Meridianbet Belgrade,P011157,"MOTLEY, JOHNATHAN",0,23,07:47,467.0,1333,45,50,0,0,-5,False,0,
E2026,1,3,Q3,418,OUT,Out,RED,Crvena Zvezda Meridianbet Belgrade,P010568,"JONES, CHRIS",1,23,07:47,467.0,1333,45,50,0,0,-5,False,0,
E2026,1,3,Q3,419,IN,In,RED,Crvena Zvezda Meridianbet Belgrade,P010391,"WEILER-BABB, NICK",3,23,07:47,467.0,1333,45,50,0,0,-5,False,0,
E2026,1,3,Q3,420,IN,In,RED,Crvena Zvezda Meridianbet Belgrade,P014163,"BUTLER, JARED",6,23,07:47,467.0,1333,45,50,0,0,-5,False,0,
E2026,1,3,Q3,421,OUT,Out,RED,Crvena Zvezda Meridianbet Belgrade,P011305,"CARTER, TYSON",11,23,07:47,467.0,1333,45,50,0,0,-5,False,0,
E2026,1,3,Q3,422,IN,In,RED,Crvena Zvezda Meridianbet Belgrade,P014029,"IZUNDU, EBUKA",15,23,07:47,467.0,1333,45,50,0,0,-5,False,0,
E2026,1,3,Q3,423,2FGA,Missed Two Pointer (0/2 -  6 pt),RED,Crvena Zvezda Meridianbet Belgrade,P014163,"BUTLER, JARED",6,23,07:26,446.0,1354,45,50,0,0,-5,False,0,
E2026,1,3,Q3,424,D,Def Rebound (5),ZAL,Zalgiris Kaunas,P000898,"VALANCIUNAS, JONAS",17,23,07:25,445.0,1355,45,50,0,0,-5,False,0,
E2026,1,3,Q3,425,TO,Turnover (1),ZAL,Zalgiris Kaunas,P008192,"TUBELIS, AZUOLAS",10,23,07:09,429.0,1371,45,50,0,0,-5,False,0,
E2026,1,3,Q3,426,CCH,Coach Challenge (2),ZAL,Zalgiris Kaunas,,,,23,07:09,429.0,1371,45,50,0,0,-5,False,0,
E2026,1,3,Q3,428,3FGA,Missed Three Pointer (2/3 -  7 pt),RED,Crvena Zvezda Meridianbet Belgrade,P011982,"OJELEYE, SEMI",37,24,06:46,406.0,1394,45,50,0,0,-5,False,0,
E2026,1,3,Q3,429,D,Def Rebound (6),ZAL,Zalgiris Kaunas,P000898,"VALANCIUNAS, JONAS",17,24,06:45,405.0,1395,45,50,0,0,-5,False,0,
E2026,1,3,Q3,430,2FGA,Missed Two Pointer (3/7 -  6 pt),ZAL,Zalgiris Kaunas,P007982,"WILLIAMS-GOSS, NIGEL",1,24,06:24,384.0,1416,45,50,0,0,-5,False,0,
E2026,1,3,Q3,431,D,Def Rebound (2),RED,Crvena Zvezda Meridianbet Belgrade,P010391,"WEILER-BABB, NICK",3,24,06:23,383.0,1417,45,50,0,0,-5,False,0,
E2026,1,3,Q3,432,TO,Turnover (3),RED,Crvena Zvezda Meridianbet Belgrade,P010391,"WEILER-BABB, NICK",3,24,06:12,372.0,1428,45,50,0,0,-5,False,0,
E2026,1,3,Q3,433,ST,Steal (1),ZAL,Zalgiris Kaunas,P008192,"TUBELIS, AZUOLAS",10,24,06:12,372.0,1428,45,50,0,0,-5,False,0,
E2026,1,3,Q3,435,OF,Offensive Foul (3),ZAL,Zalgiris Kaunas,P011987,"EDWARDS, CARSEN",3,24,06:00,360.0,1440,45,50,0,0,-5,False,0,
E2026,1,3,Q3,436,TO,Turnover (1),ZAL,Zalgiris Kaunas,P011987,"EDWARDS, CARSEN",3,24,06:00,360.0,1440,45,50,0,0,-5,False,0,
E2026,1,3,Q3,437,RV,Foul Drawn (3),RED,Crvena Zvezda Meridianbet Belgrade,P014029,"IZUNDU, EBUKA",15,24,06:00,360.0,1440,45,50,0,0,-5,False,0,
E2026,1,3,Q3,438,IN,In,ZAL,Zalgiris Kaunas,P012720,"BROWN, STERLING",0,24,06:00,360.0,1440,45,50,0,0,-5,False,0,
E2026,1,3,Q3,439,OUT,Out,ZAL,Zalgiris Kaunas,P011987,"EDWARDS, CARSEN",3,24,06:00,360.0,1440,45,50,0,0,-5,False,0,
E2026,1,3,Q3,440,OUT,Out,ZAL,Zalgiris Kaunas,P000898,"VALANCIUNAS, JONAS",17,24,06:00,360.0,1440,45,50,0,0,-5,False,0,
E2026,1,3,Q3,441,IN,In,ZAL,Zalgiris Kaunas,P008186,"BLAZEVIC, MAREK",22,24,06:00,360.0,1440,45,50,0,0,-5,False,0,
E2026,1,3,Q3,443,3FGM,Three Pointer (3/5 -  9 pt),RED,Crvena Zvezda Meridianbet Belgrade,P014163,"BUTLER, JARED",6,25,05:47,347.0,1453,48,50,3,0,-2,True,0,
E2026,1,3,Q3,444,2FGM,Two Pointer (4/8 -  8 pt),ZAL,Zalgiris Kaunas,P007982,"WILLIAMS-GOSS, NIGEL",1,25,05:35,335.0,1465,48,52,0,2,-4,True,0,
E2026,1,3,Q3,445,CM,Foul (2),RED,Crvena Zvezda Meridianbet Belgrade,P010391,"WEILER-BABB, NICK",3,25,05:35,335.0,1465,48,52,0,0,-4,False,0,
E2026,1,3,Q3,446,RV,Foul Drawn (2),ZAL,Zalgiris Kaunas,P007982,"WILLIAMS-GOSS, NIGEL",1,25,05:35,335.0,1465,48,52,0,0,-4,False,0,
E2026,1,3,Q3,447,FTM,Free Throw In (1/1 -  9 pt),ZAL,Zalgiris Kaunas,P007982,"WILLIAMS-GOSS, NIGEL",1,25,05:35,335.0,1465,48,53,0,1,-5,True,0,
E2026,1,3,Q3,448,2FGM,Two Pointer (2/6 -  6 pt),RED,Crvena Zvezda Meridianbet Belgrade,P013363,"NWORA, JORDAN",33,25,05:20,320.0,1480,50,53,2,0,-3,True,0,
E2026,1,3,Q3,450,TO,Turnover (2),ZAL,Zalgiris Kaunas,P008186,"BLAZEVIC, MAREK",22,26,04:58,298.0,1502,50,53,0,0,-3,False,0,
E2026,1,3,Q3,451,ST,Steal (2),RED,Crvena Zvezda Meridianbet Belgrade,P014029,"IZUNDU, EBUKA",15,26,04:58,298.0,1502,50,53,0,0,-3,False,0,
E2026,1,3,Q3,452,CM,Foul (3),ZAL,Zalgiris Kaunas,P012720,"BROWN, STERLING",0,26,04:41,281.0,1519,50,53,0,0,-3,False,0,
E2026,1,3,Q3,453,RV,Foul Drawn (2),RED,Crvena Zvezda Meridianbet Belgrade,P013363,"NWORA, JORDAN",33,26,04:41,281.0,1519,50,53,0,0,-3,False,0,
E2026,1,3,Q3,454,OUT,Out,ZAL,Zalgiris Kaunas,P007982,"WILLIAMS-GOSS, NIGEL",1,26,04:41,281.0,1519,50,53,0,0,-3,False,0,
E2026,1,3,Q3,455,IN,In,ZAL,Zalgiris Kaunas,P007032,"LO, MAODO",12,26,04:41,281.0,1519,50,53,0,0,-3,False,0,
E2026,1,3,Q3,456,OUT,Out,RED,Crvena Zvezda Meridianbet Belgrade,P011982,"OJELEYE, SEMI",37,26,04:41,281.0,1519,50,53,0,0,-3,False,0,
E2026,1,3,Q3,457,IN,In,RED,Crvena Zvezda Meridianbet Belgrade,P012201,"MONEKE, CHIMA",95,26,04:41,281.0,1519,50,53,0,0,-3,False,0,
E2026,1,3,Q3,458,OUT,Out,ZAL,Zalgiris Kaunas,P008192,"TUBELIS, AZUOLAS",10,26,04:41,281.0,1519,50,53,0,0,-3,False,0,
E2026,1,3,Q3,459,IN,In,ZAL,Zalgiris Kaunas,P011927,"SLEVA, DUSTIN",14,26,04:41,281.0,1519,50,53,0,0,-3,False,0,
E2026,1,3,Q3,460,FTA,Missed Free Throw (2/3 -  6 pt),RED,Crvena Zvezda Meridianbet Belgrade,P013363,"NWORA, JORDAN",33,26,04:41,281.0,1519,50,53,0,0,-3,False,0,
E2026,1,3,Q3,461,FTM,Free Throw In (3/4 -  7 pt),RED,Crvena Zvezda Meridianbet Belgrade,P013363,"NWORA, JORDAN",33,26,04:41,281.0,1519,51,53,1,0,-2,True,0,
E2026,1,3,Q3,462,AS,Assist (3),RED,Crvena Zvezda Meridianbet Belgrade,P014163,"BUTLER, JARED",6,26,04:41,281.0,1519,51,53,0,0,-2,False,0,
E2026,1,3,Q3,463,OUT,Out,RED,Crvena Zvezda Meridianbet Belgrade,P013363,"NWORA, JORDAN",33,26,04:41,281.0,1519,51,53,0,0,-2,False,0,
E2026,1,3,Q3,464,IN,In,RED,Crvena Zvezda Meridianbet Belgrade,P006482,"KRAMER, DAVID",44,26,04:41,281.0,1519,51,53,0,0,-2,False,0,
E2026,1,3,Q3,465,OUT,Out,ZAL,Zalgiris Kaunas,P012720,"BROWN, STERLING",0,26,04:41,281.0,1519,51,53,0,0,-2,False,0,
E2026,1,3,Q3,466,IN,In,ZAL,Zalgiris Kaunas,P002328,"GRIGONIS, MARIUS",40,26,04:41,281.0,1519,51,53,0,0,-2,False,0,
E2026,1,3,Q3,467,CM,Foul (3),RED,Crvena Zvezda Meridianbet Belgrade,P014029,"IZUNDU, EBUKA",15,26,04:23,263.0,1537,51,53,0,0,-2,False,0,
E2026,1,3,Q3,468,RV,Foul Drawn (2),ZAL,Zalgiris Kaunas,P008186,"BLAZEVIC, MAREK",22,26,04:23,263.0,1537,51,53,0,0,-2,False,0,
E2026,1,3,Q3,469,OUT,Out,ZAL,Zalgiris Kaunas,P002676,"BUTKEVICIUS, ARNAS",51,26,04:23,263.0,1537,51,53,0,0,-2,False,0,
E2026,1,3,Q3,470,IN,In,ZAL,Zalgiris Kaunas,P002329,"ULANOVAS, EDGARAS",92,26,04:23,263.0,1537,51,53,0,0,-2,False,0,
E2026,1,3,Q3,471,FTA,Missed Free Throw (0/1 -  4 pt),ZAL,Zalgiris Kaunas,P008186,"BLAZEVIC, MAREK",22,26,04:23,263.0,1537,51,53,0,0,-2,False,0,
E2026,1,3,Q3,472,FTM,Free Throw In (1/2 -  5 pt),ZAL,Zalgiris Kaunas,P008186,"BLAZEVIC, MAREK",22,26,04:23,263.0,1537,51,54,0,1,-3,True,0,
E2026,1,3,Q3,473,AS,Assist (2),ZAL,Zalgiris Kaunas,P002328,"GRIGONIS, MARIUS",40,26,04:23,263.0,1537,51,54,0,0,-3,False,0,
E2026,1,3,Q3,474,OUT,Out,RED,Crvena Zvezda Meridianbet Belgrade,P014029,"IZUNDU, EBUKA",15,26,04:23,263.0,1537,51,54,0,0,-3,False,0,
E2026,1,3,Q3,475,IN,In,RED,Crvena Zvezda Meridianbet Belgrade,P011982,"OJELEYE, SEMI",37,26,04:23,263.0,1537,51,54,0,0,-3,False,0,
E2026,1,3,Q3,476,3FGM,Three Pointer (2/3 -  8 pt),RED,Crvena Zvezda Meridianbet Belgrade,P006482,"KRAMER, DAVID",44,26,04:02,242.0,1558,54,54,3,0,0,True,0,
E2026,1,3,Q3,477,AS,Assist (4),RED,Crvena Zvezda Meridianbet Belgrade,P014163,"BUTLER, JARED",6,26,04:02,242.0,1558,54,54,0,0,0,False,0,
E2026,1,3,Q3,479,TO,Turnover (3),ZAL,Zalgiris Kaunas,P007032,"LO, MAODO",12,27,03:38,218.0,1582,54,54,0,0,0,False,0,
E2026,1,3,Q3,480,ST,Steal (1),RED,Crvena Zvezda Meridianbet Belgrade,P010391,"WEILER-BABB, NICK",3,27,03:38,218.0,1582,54,54,0,0,0,False,0,
E2026,1,3,Q3,481,3FGA,Missed Three Pointer (2/4 -  8 pt),RED,Crvena Zvezda Meridianbet Belgrade,P006482,"KRAMER, DAVID",44,27,03:28,208.0,1592,54,54,0,0,0,False,0,
E2026,1,3,Q3,482,D,Def Rebound (1),ZAL,Zalgiris Kaunas,P011927,"SLEVA, DUSTIN",14,27,03:27,207.0,1593,54,54,0,0,0,False,0,
E2026,1,3,Q3,483,TO,Turnover (1),ZAL,Zalgiris Kaunas,P002329,"ULANOVAS, EDGARAS",92,27,03:12,192.0,1608,54,54,0,0,0,False,0,
E2026,1,3,Q3,484,ST,Steal (1),RED,Crvena Zvezda Meridianbet Belgrade,P006482,"KRAMER, DAVID",44,27,03:12,192.0,1608,54,54,0,0,0,False,0,
E2026,1,3,Q3,485,3FGA,Missed Three Pointer (3/6 -  9 pt),RED,Crvena Zvezda Meridianbet Belgrade,P014163,"BUTLER, JARED",6,27,03:06,186.0,1614,54,54,0,0,0,False,0,
E2026,1,3,Q3,486,O,Off Rebound (1),RED,Crvena Zvezda Meridianbet Belgrade,P011982,"OJELEYE, SEMI",37,27,03:06,186.0,1614,54,54,0,0,0,False,0,
E2026,1,3,Q3,487,CM,Foul (3),ZAL,Zalgiris Kaunas,P011927,"SLEVA, DUSTIN",14,27,03:05,185.0,1615,54,54,0,0,0,False,0,
E2026,1,3,Q3,488,RV,Foul Drawn (2),RED,Crvena Zvezda Meridianbet Belgrade,P012201,"MONEKE, CHIMA",95,27,03:05,185.0,1615,54,54,0,0,0,False,0,
E2026,1,3,Q3,490,2FGA,Missed Two Pointer (0/3 -  9 pt),RED,Crvena Zvezda Meridianbet Belgrade,P014163,"BUTLER, JARED",6,28,02:51,171.0,1629,54,54,0,0,0,False,0,
E2026,1,3,Q3,491,D,Def Rebound (1),ZAL,Zalgiris Kaunas,P008186,"BLAZEVIC, MAREK",22,28,02:50,170.0,1630,54,54,0,0,0,False,0,
E2026,1,3,Q3,492,CM,Foul (1),RED,Crvena Zvezda Meridianbet Belgrade,P006482,"KRAMER, DAVID",44,28,02:45,165.0,1635,54,54,0,0,0,False,0,
E2026,1,3,Q3,493,RV,Foul Drawn (3),ZAL,Zalgiris Kaunas,P002329,"ULANOVAS, EDGARAS",92,28,02:45,165.0,1635,54,54,0,0,0,False,0,
E2026,1,3,Q3,495,FTA,Missed Free Throw (1/3 -  1 pt),ZAL,Zalgiris Kaunas,P002329,"ULANOVAS, EDGARAS",92,28,02:45,165.0,1635,54,54,0,0,0,False,0,
E2026,1,3,Q3,496,FTM,Free Throw In (2/4 -  2 pt),ZAL,Zalgiris Kaunas,P002329,"ULANOVAS, EDGARAS",92,28,02:45,165.0,1635,54,55,0,1,-1,True,0,
E2026,1,3,Q3,497,CM,Foul (2),ZAL,Zalgiris Kaunas,P008186,"BLAZEVIC, MAREK",22,28,02:25,145.0,1655,54,55,0,0,-1,False,0,
E2026,1,3,Q3,498,RV,Foul Drawn (3),RED,Crvena Zvezda Meridianbet Belgrade,P012201,"MONEKE, CHIMA",95,28,02:25,145.0,1655,54,55,0,0,-1,False,0,
E2026,1,3,Q3,499,FTM,Free Throw In (1/1 -  1 pt),RED,Crvena Zvezda Meridianbet Belgrade,P012201,"MONEKE, CHIMA",95,28,02:25,145.0,1655,55,55,1,0,0,True,0,
E2026,1,3,Q3,530,AS,Assist (1),RED,Crvena Zvezda Meridianbet Belgrade,P011982,"OJELEYE, SEMI",37,28,02:25,145.0,1655,55,55,0,0,0,False,0,
E2026,1,3,Q3,500,FTA,Missed Free Throw (1/2 -  1 pt),RED,Crvena Zvezda Meridianbet Belgrade,P012201,"MONEKE, CHIMA",95,28,02:25,145.0,1655,55,55,0,0,0,False,0,
E2026,1,3,Q3,501,D,Def Rebound (2),ZAL,Zalgiris Kaunas,P008186,"BLAZEVIC, MAREK",22,28,02:25,145.0,1655,55,55,0,0,0,False,0,
E2026,1,3,Q3,502,TO,Turnover (3),ZAL,Zalgiris Kaunas,P008186,"BLAZEVIC, MAREK",22,28,02:25,145.0,1655,55,55,0,0,0,False,0,
E2026,1,3,Q3,503,3FGA,Missed Three Pointer (0/3 -  1 pt),RED,Crvena Zvezda Meridianbet Belgrade,P012201,"MONEKE, CHIMA",95,28,02:19,139.0,1661,55,55,0,0,0,False,0,
E2026,1,3,Q3,504,D,Def Rebound (1),ZAL,Zalgiris Kaunas,P002329,"ULANOVAS, EDGARAS",92,28,02:18,138.0,1662,55,55,0,0,0,False,0,
E2026,1,3,Q3,505,2FGA,Missed Two Pointer (1/2 -  2 pt),ZAL,Zalgiris Kaunas,P002328,"GRIGONIS, MARIUS",40,28,02:03,123.0,1677,55,55,0,0,0,False,0,
E2026,1,3,Q3,506,D,Def Rebound (1),RED,Crvena Zvezda Meridianbet Belgrade,P006482,"KRAMER, DAVID",44,28,02:02,122.0,1678,55,55,0,0,0,False,0,
E2026,1,3,Q3,508,2FGM,Two Pointer (1/4 -  11 pt),RED,Crvena Zvezda Meridianbet Belgrade,P014163,"BUTLER, JARED",6,29,01:58,118.0,1682,57,55,2,0,2,True,0,
E2026,1,3,Q3,509,AS,Assist (1),RED,Crvena Zvezda Meridianbet Belgrade,P006482,"KRAMER, DAVID",44,29,01:58,118.0,1682,57,55,0,0,2,False,0,
E2026,1,3,Q3,510,CM,Foul (2),RED,Crvena Zvezda Meridianbet Belgrade,P006482,"KRAMER, DAVID",44,29,01:48,108.0,1692,57,55,0,0,2,False,0,
E2026,1,3,Q3,511,RV,Foul Drawn (4),ZAL,Zalgiris Kaunas,P002329,"ULANOVAS, EDGARAS",92,29,01:48,108.0,1692,57,55,0,0,2,False,0,
E2026,1,3,Q3,512,FTM,Free Throw In (3/5 -  3 pt),ZAL,Zalgiris Kaunas,P002329,"ULANOVAS, EDGARAS",92,29,01:48,108.0,1692,57,56,0,1,1,True,0,
E2026,1,3,Q3,513,FTM,Free Throw In (4/6 -  4 pt),ZAL,Zalgiris Kaunas,P002329,"ULANOVAS, EDGARAS",92,29,01:48,108.0,1692,57,57,0,1,0,True,0,
E2026,1,3,Q3,514,3FGA,Missed Three Pointer (3/7 -  11 pt),RED,Crvena Zvezda Meridianbet Belgrade,P014163,"BUTLER, JARED",6,29,01:27,87.0,1713,57,57,0,0,0,False,0,
E2026,1,3,Q3,515,O,Off Rebound (2),RED,Crvena Zvezda Meridianbet Belgrade,P011982,"OJELEYE, SEMI",37,29,01:26,86.0,1714,57,57,0,0,0,False,0,
E2026,1,3,Q3,516,FV,Block (1),ZAL,Zalgiris Kaunas,P002328,"GRIGONIS, MARIUS",40,29,01:22,82.0,1718,57,57,0,0,0,False,0,
E2026,1,3,Q3,517,2FGA,Missed Two Pointer (0/2 -  7 pt),RED,Crvena Zvezda Meridianbet Belgrade,P011982,"OJELEYE, SEMI",37,29,01:22,82.0,1718,57,57,0,0,0,False,0,
E2026,1,3,Q3,518,AG,Shot Rejected (1),RED,Crvena Zvezda Meridianbet Belgrade,P011982,"OJELEYE, SEMI",37,29,01:22,82.0,1718,57,57,0,0,0,False,0,
E2026,1,3,Q3,519,D,Def Rebound (3),ZAL,Zalgiris Kaunas,P007032,"LO, MAODO",12,29,01:21,81.0,1719,57,57,0,0,0,False,0,
E2026,1,3,Q3,520,CM,Foul (1),RED,Crvena Zvezda Meridianbet Belgrade,P014163,"BUTLER, JARED",6,29,01:07,67.0,1733,57,57,0,0,0,False,0,
E2026,1,3,Q3,521,RV,Foul Drawn (5),ZAL,Zalgiris Kaunas,P002329,"ULANOVAS, EDGARAS",92,29,01:07,67.0,1733,57,57,0,0,0,False,0,
E2026,1,3,Q3,522,IN,In,RED,Crvena Zvezda Meridianbet Belgrade,P011157,"MOTLEY, JOHNATHAN",0,29,01:07,67.0,1733,57,57,0,0,0,False,0,
E2026,1,3,Q3,523,OUT,Out,RED,Crvena Zvezda Meridianbet Belgrade,P014163,"BUTLER, JARED",6,29,01:07,67.0,1733,57,57,0,0,0,False,0,
E2026,1,3,Q3,524,IN,In,RED,Crvena Zvezda Meridianbet Belgrade,P011305,"CARTER, TYSON",11,29,01:07,67.0,1733,57,57,0,0,0,False,0,
E2026,1,3,Q3,525,OUT,Out,RED,Crvena Zvezda Meridianbet Belgrade,P011982,"OJELEYE, SEMI",37,29,01:07,67.0,1733,57,57,0,0,0,False,0,
E2026,1,3,Q3,526,IN,In,ZAL,Zalgiris Kaunas,P000898,"VALANCIUNAS, JONAS",17,29,01:07,67.0,1733,57,57,0,0,0,False,0,
E2026,1,3,Q3,527,OUT,Out,ZAL,Zalgiris Kaunas,P008186,"BLAZEVIC, MAREK",22,29,01:07,67.0,1733,57,57,0,0,0,False,0,
E2026,1,3,Q3,528,IN,In,ZAL,Zalgiris Kaunas,P007982,"WILLIAMS-GOSS, NIGEL",1,29,01:07,67.0,1733,57,57,0,0,0,False,0,
E2026,1,3,Q3,529,OUT,Out,ZAL,Zalgiris Kaunas,P007032,"LO, MAODO",12,29,01:07,67.0,1733,57,57,0,0,0,False,0,
E2026,1,3,Q3,531,FTM,Free Throw In (5/7 -  5 pt),ZAL,Zalgiris Kaunas,P002329,"ULANOVAS, EDGARAS",92,29,01:07,67.0,1733,57,58,0,1,-1,True,0,
E2026,1,3,Q3,532,FTM,Free Throw In (6/8 -  6 pt),ZAL,Zalgiris Kaunas,P002329,"ULANOVAS, EDGARAS",92,29,01:07,67.0,1733,57,59,0,1,-2,True,0,
E2026,1,3,Q3,534,2FGA,Missed Two Pointer (1/5 -  2 pt),RED,Crvena Zvezda Meridianbet Belgrade,P011157,"MOTLEY, JOHNATHAN",0,30,00:50,50.0,1750,57,59,0,0,-2,False,0,
E2026,1,3,Q3,535,D,Def Rebound (7),ZAL,Zalgiris Kaunas,P000898,"VALANCIUNAS, JONAS",17,30,00:49,49.0,1751,57,59,0,0,-2,False,0,
E2026,1,3,Q3,536,2FGA,Missed Two Pointer (1/3 -  2 pt),ZAL,Zalgiris Kaunas,P002328,"GRIGONIS, MARIUS",40,30,00:36,36.0,1764,57,59,0,0,-2,False,0,
E2026,1,3,Q3,537,D,Def Rebound (2),RED,Crvena Zvezda Meridianbet Belgrade,P006482,"KRAMER, DAVID",44,30,00:35,35.0,1765,57,59,0,0,-2,False,0,
E2026,1,3,Q3,538,OF,Offensive Foul (4),RED,Crvena Zvezda Meridianbet Belgrade,P011157,"MOTLEY, JOHNATHAN",0,30,00:15,15.0,1785,57,59,0,0,-2,False,0,
E2026,1,3,Q3,539,TO,Turnover (5),RED,Crvena Zvezda Meridianbet Belgrade,P011157,"MOTLEY, JOHNATHAN",0,30,00:15,15.0,1785,57,59,0,0,-2,False,0,
E2026,1,3,Q3,540,RV,Foul Drawn (6),ZAL,Zalgiris Kaunas,P002329,"ULANOVAS, EDGARAS",92,30,00:15,15.0,1785,57,59,0,0,-2,False,0,
E2026,1,3,Q3,541,OUT,Out,RED,Crvena Zvezda Meridianbet Belgrade,P011157,"MOTLEY, JOHNATHAN",0,30,00:15,15.0,1785,57,59,0,0,-2,False,0,
E2026,1,3,Q3,542,IN,In,RED,Crvena Zvezda Meridianbet Belgrade,P014029,"IZUNDU, EBUKA",15,30,00:15,15.0,1785,57,59,0,0,-2,False,0,
E2026,1,3,Q3,543,2FGA,Missed Two Pointer (1/4 -  2 pt),ZAL,Zalgiris Kaunas,P002328,"GRIGONIS, MARIUS",40,30,00:02,2.0,1798,57,59,0,0,-2,False,0,
E2026,1,3,Q3,544,D,Def Rebound (1),RED,Crvena Zvezda Meridianbet Belgrade,P011305,"CARTER, TYSON",11,30,00:01,1.0,1799,57,59,0,0,-2,False,0,
E2026,1,3,Q3,546,EP,End Period,,,,,,31,,,1860,57,59,0,0,-2,False,0,
E2026,1,4,Q4,549,BP,Begin Period,,,,,,31,,,1860,57,59,0,0,-2,False,0,
E2026,1,4,Q4,547,IN,In,ZAL,Zalgiris Kaunas,P011987,"EDWARDS, CARSEN",3,31,10:00,600.0,1800,57,59,0,0,-2,False,0,
E2026,1,4,Q4,548,OUT,Out,ZAL,Zalgiris Kaunas,P002328,"GRIGONIS, MARIUS",40,31,10:00,600.0,1800,57,59,0,0,-2,False,0,
E2026,1,4,Q4,550,3FGM,Three Pointer (2/2 -  7 pt),ZAL,Zalgiris Kaunas,P011927,"SLEVA, DUSTIN",14,31,09:47,587.0,1813,57,62,0,3,-5,True,0,
E2026,1,4,Q4,551,AS,Assist (5),ZAL,Zalgiris Kaunas,P007982,"WILLIAMS-GOSS, NIGEL",1,31,09:47,587.0,1813,57,62,0,0,-5,False,0,
E2026,1,4,Q4,552,3FGA,Missed Three Pointer (1/2 -  3 pt),RED,Crvena Zvezda Meridianbet Belgrade,P011305,"CARTER, TYSON",11,31,09:24,564.0,1836,57,62,0,0,-5,False,0,
E2026,1,4,Q4,553,O,Off Rebound (1),RED,Crvena Zvezda Meridianbet Belgrade,P012201,"MONEKE, CHIMA",95,31,09:23,563.0,1837,57,62,0,0,-5,False,0,
E2026,1,4,Q4,554,3FGM,Three Pointer (3/5 -  11 pt),RED,Crvena Zvezda Meridianbet Belgrade,P006482,"KRAMER, DAVID",44,31,09:18,558.0,1842,60,62,3,0,-2,True,0,
E2026,1,4,Q4,555,AS,Assist (1),RED,Crvena Zvezda Meridianbet Belgrade,P010391,"WEILER-BABB, NICK",3,31,09:18,558.0,1842,60,62,0,0,-2,False,0,
E2026,1,4,Q4,557,3FGA,Missed Three Pointer (2/3 -  7 pt),ZAL,Zalgiris Kaunas,P011927,"SLEVA, DUSTIN",14,32,08:59,539.0,1861,60,62,0,0,-2,False,0,
E2026,1,4,Q4,558,D,Def Rebound (3),RED,Crvena Zvezda Meridianbet Belgrade,P006482,"KRAMER, DAVID",44,32,08:58,538.0,1862,60,62,0,0,-2,False,0,
E2026,1,4,Q4,559,2FGM,Two Pointer (1/1 -  3 pt),RED,Crvena Zvezda Meridianbet Belgrade,P012201,"MONEKE, CHIMA",95,32,08:50,530.0,1870,62,62,2,0,0,True,0,
E2026,1,4,Q4,560,AS,Assist (2),RED,Crvena Zvezda Meridianbet Belgrade,P010391,"WEILER-BABB, NICK",3,32,08:50,530.0,1870,62,62,0,0,0,False,0,
E2026,1,4,Q4,561,2FGM,Two Pointer (5/9 -  11 pt),ZAL,Zalgiris Kaunas,P007982,"WILLIAMS-GOSS, NIGEL",1,32,08:31,511.0,1889,62,64,0,2,-2,True,0,
E2026,1,4,Q4,562,TO,Turnover (4),RED,Crvena Zvezda Meridianbet Belgrade,P010391,"WEILER-BABB, NICK",3,32,08:24,504.0,1896,62,64,0,0,-2,False,0,
E2026,1,4,Q4,563,ST,Steal (1),ZAL,Zalgiris Kaunas,P011927,"SLEVA, DUSTIN",14,32,08:24,504.0,1896,62,64,0,0,-2,False,0,
E2026,1,4,Q4,564,3FGA,Missed Three Pointer (2/6 -  9 pt),ZAL,Zalgiris Kaunas,P011987,"EDWARDS, CARSEN",3,32,08:16,496.0,1904,62,64,0,0,-2,False,0,
E2026,1,4,Q4,565,D,Def Rebound (4),RED,Crvena Zvezda Meridianbet Belgrade,P006482,"KRAMER, DAVID",44,32,08:15,495.0,1905,62,64,0,0,-2,False,0,
E2026,1,4,Q4,566,FV,Block (3),ZAL,Zalgiris Kaunas,P000898,"VALANCIUNAS, JONAS",17,32,08:01,481.0,1919,62,64,0,0,-2,False,0,
E2026,1,4,Q4,567,2FGA,Missed Two Pointer (0/2 -  0 pt),RED,Crvena Zvezda Meridianbet Belgrade,P010391,"WEILER-BABB, NICK",3,32,08:01,481.0,1919,62,64,0,0,-2,False,0,
E2026,1,4,Q4,568,AG,Shot Rejected (1),RED,Crvena Zvezda Meridianbet Belgrade,P010391,"WEILER-BABB, NICK",3,32,08:01,481.0,1919,62,64,0,0,-2,False,0,
E2026,1,4,Q4,571,O,Off Rebound (1),RED,Crvena Zvezda Meridianbet Belgrade,P010391,"WEILER-BABB, NICK",3,32,08:01,481.0,1919,62,64,0,0,-2,False,0,
E2026,1,4,Q4,569,2FGM,Two Pointer (2/5 -  7 pt),RED,Crvena Zvezda Meridianbet Belgrade,P014029,"IZUNDU, EBUKA",15,32,08:01,481.0,1919,64,64,2,0,0,True,0,
E2026,1,4,Q4,570,AS,Assist (3),RED,Crvena Zvezda Meridianbet Belgrade,P010391,"WEILER-BABB, NICK",3,32,08:01,481.0,1919,64,64,0,0,0,False,0,
E2026,1,4,Q4,573,2FGA,Missed Two Pointer (1/4 -  9 pt),ZAL,Zalgiris Kaunas,P011987,"EDWARDS, CARSEN",3,33,07:39,459.0,1941,64,64,0,0,0,False,0,
E2026,1,4,Q4,574,D,Def Rebound (2),RED,Crvena Zvezda Meridianbet Belgrade,P011305,"CARTER, TYSON",11,33,07:39,459.0,1941,64,64,0,0,0,False,0,
E2026,1,4,Q4,575,CM,Foul (4),ZAL,Zalgiris Kaunas,P011927,"SLEVA, DUSTIN",14,33,07:33,453.0,1947,64,64,0,0,0,False,0,
E2026,1,4,Q4,576,RV,Foul Drawn (1),RED,Crvena Zvezda Meridianbet Belgrade,P011305,"CARTER, TYSON",11,33,07:33,453.0,1947,64,64,0,0,0,False,0,
E2026,1,4,Q4,577,IN,In,RED,Crvena Zvezda Meridianbet Belgrade,P010568,"JONES, CHRIS",1,33,07:33,453.0,1947,64,64,0,0,0,False,0,
E2026,1,4,Q4,578,OUT,Out,RED,Crvena Zvezda Meridianbet Belgrade,P010391,"WEILER-BABB, NICK",3,33,07:33,453.0,1947,64,64,0,0,0,False,0,
E2026,1,4,Q4,579,IN,In,RED,Crvena Zvezda Meridianbet Belgrade,P013363,"NWORA, JORDAN",33,33,07:33,453.0,1947,64,64,0,0,0,False,0,
E2026,1,4,Q4,580,OUT,Out,RED,Crvena Zvezda Meridianbet Belgrade,P006482,"KRAMER, DAVID",44,33,07:33,453.0,1947,64,64,0,0,0,False,0,
E2026,1,4,Q4,581,IN,In,ZAL,Zalgiris Kaunas,P012720,"BROWN, STERLING",0,33,07:33,453.0,1947,64,64,0,0,0,False,0,
E2026,1,4,Q4,582,OUT,Out,ZAL,Zalgiris Kaunas,P007982,"WILLIAMS-GOSS, NIGEL",1,33,07:33,453.0,1947,64,64,0,0,0,False,0,
E2026,1,4,Q4,583,OUT,Out,ZAL,Zalgiris Kaunas,P011987,"EDWARDS, CARSEN",3,33,07:33,453.0,1947,64,64,0,0,0,False,0,
E2026,1,4,Q4,584,IN,In,ZAL,Zalgiris Kaunas,P008192,"TUBELIS, AZUOLAS",10,33,07:33,453.0,1947,64,64,0,0,0,False,0,
E2026,1,4,Q4,585,IN,In,ZAL,Zalgiris Kaunas,P007032,"LO, MAODO",12,33,07:33,453.0,1947,64,64,0,0,0,False,0,
E2026,1,4,Q4,586,OUT,Out,ZAL,Zalgiris Kaunas,P011927,"SLEVA, DUSTIN",14,33,07:33,453.0,1947,64,64,0,0,0,False,0,
E2026,1,4,Q4,587,IN,In,ZAL,Zalgiris Kaunas,P002676,"BUTKEVICIUS, ARNAS",51,33,07:33,453.0,1947,64,64,0,0,0,False,0,
E2026,1,4,Q4,588,OUT,Out,ZAL,Zalgiris Kaunas,P002329,"ULANOVAS, EDGARAS",92,33,07:33,453.0,1947,64,64,0,0,0,False,0,
E2026,1,4,Q4,589,TO,Turnover (1),RED,Crvena Zvezda Meridianbet Belgrade,P011305,"CARTER, TYSON",11,33,07:27,447.0,1953,64,64,0,0,0,False,0,
E2026,1,4,Q4,590,ST,Steal (2),ZAL,Zalgiris Kaunas,P002676,"BUTKEVICIUS, ARNAS",51,33,07:27,447.0,1953,64,64,0,0,0,False,0,
E2026,1,4,Q4,591,2FGM,Two Pointer (6/9 -  13 pt),ZAL,Zalgiris Kaunas,P000898,"VALANCIUNAS, JONAS",17,33,07:10,430.0,1970,64,66,0,2,-2,True,0,
E2026,1,4,Q4,592,AS,Assist (4),ZAL,Zalgiris Kaunas,P008192,"TUBELIS, AZUOLAS",10,33,07:10,430.0,1970,64,66,0,0,-2,False,0,
E2026,1,4,Q4,594,2FGA,Missed Two Pointer (4/5 -  13 pt),RED,Crvena Zvezda Meridianbet Belgrade,P010568,"JONES, CHRIS",1,34,06:59,419.0,1981,64,66,0,0,-2,False,0,
E2026,1,4,Q4,595,O,Off Rebound (4),RED,Crvena Zvezda Meridianbet Belgrade,P014029,"IZUNDU, EBUKA",15,34,06:59,419.0,1981,64,66,0,0,-2,False,0,
E2026,1,4,Q4,596,2FGA,Missed Two Pointer (2/6 -  7 pt),RED,Crvena Zvezda Meridianbet Belgrade,P014029,"IZUNDU, EBUKA",15,34,06:59,419.0,1981,64,66,0,0,-2,False,0,
E2026,1,4,Q4,597,D,Def Rebound (4),ZAL,Zalgiris Kaunas,P007032,"LO, MAODO",12,34,06:58,418.0,1982,64,66,0,0,-2,False,0,
E2026,1,4,Q4,629,FV,Block (1),RED,Crvena Zvezda Meridianbet Belgrade,P014029,"IZUNDU, EBUKA",15,34,06:50,410.0,1990,64,66,0,0,-2,False,0,
E2026,1,4,Q4,631,AG,Shot Rejected (1),ZAL,Zalgiris Kaunas,P007032,"LO, MAODO",12,34,06:50,410.0,1990,64,66,0,0,-2,False,0,
E2026,1,4,Q4,630,2FGA,Missed Two Pointer (0/1 -  0 pt),ZAL,Zalgiris Kaunas,P007032,"LO, MAODO",12,34,06:50,410.0,1990,64,66,0,0,-2,False,0,
E2026,1,4,Q4,632,O,Off Rebound (3),ZAL,Zalgiris Kaunas,P008192,"TUBELIS, AZUOLAS",10,34,06:50,410.0,1990,64,66,0,0,-2,False,0,
E2026,1,4,Q4,600,CCH,Coach Challenge (3),RED,Crvena Zvezda Meridianbet Belgrade,,,,34,06:50,410.0,1990,64,66,0,0,-2,False,0,
E2026,1,4,Q4,648,IN,In,ZAL,Zalgiris Kaunas,P008186,"BLAZEVIC, MAREK",22,34,06:50,410.0,1990,64,66,0,0,-2,False,0,
E2026,1,4,Q4,647,OUT,Out,ZAL,Zalgiris Kaunas,P000898,"VALANCIUNAS, JONAS",17,34,06:50,410.0,1990,64,66,0,0,-2,False,0,
E2026,1,4,Q4,602,O,Off Rebound (4),ZAL,Zalgiris Kaunas,,,,34,06:50,410.0,1990,64,66,0,0,-2,False,0,
E2026,1,4,Q4,603,3FGM,Three Pointer (2/2 -  8 pt),ZAL,Zalgiris Kaunas,P012720,"BROWN, STERLING",0,34,06:45,405.0,1995,64,69,0,3,-5,True,0,
E2026,1,4,Q4,604,AS,Assist (3),ZAL,Zalgiris Kaunas,P007032,"LO, MAODO",12,34,06:45,405.0,1995,64,69,0,0,-5,False,0,
E2026,1,4,Q4,605,2FGM,Two Pointer (2/2 -  5 pt),RED,Crvena Zvezda Meridianbet Belgrade,P012201,"MONEKE, CHIMA",95,34,06:23,383.0,2017,66,69,2,0,-3,True,0,
E2026,1,4,Q4,606,AS,Assist (6),RED,Crvena Zvezda Meridianbet Belgrade,P010568,"JONES, CHRIS",1,34,06:23,383.0,2017,66,69,0,0,-3,False,0,
E2026,1,4,Q4,607,3FGM,Three Pointer (1/2 -  3 pt),ZAL,Zalgiris Kaunas,P007032,"LO, MAODO",12,34,06:00,360.0,2040,66,72,0,3,-6,True,0,
E2026,1,4,Q4,609,2FGM,Two Pointer (3/7 -  9 pt),RED,Crvena Zvezda Meridianbet Belgrade,P013363,"NWORA, JORDAN",33,35,05:51,351.0,2049,68,72,2,0,-4,True,0,
E2026,1,4,Q4,610,AS,Assist (7),RED,Crvena Zvezda Meridianbet Belgrade,P010568,"JONES, CHRIS",1,35,05:51,351.0,2049,68,72,0,0,-4,False,0,
E2026,1,4,Q4,611,2FGA,Missed Two Pointer (2/4 -  5 pt),ZAL,Zalgiris Kaunas,P008186,"BLAZEVIC, MAREK",22,35,05:31,331.0,2069,68,72,0,0,-4,False,0,
E2026,1,4,Q4,612,O,Off Rebound (3),ZAL,Zalgiris Kaunas,P002676,"BUTKEVICIUS, ARNAS",51,35,05:31,331.0,2069,68,72,0,0,-4,False,0,
E2026,1,4,Q4,613,3FGA,Missed Three Pointer (0/2 -  8 pt),ZAL,Zalgiris Kaunas,P008192,"TUBELIS, AZUOLAS",10,35,05:31,331.0,2069,68,72,0,0,-4,False,0,
E2026,1,4,Q4,614,D,Def Rebound (2),RED,Crvena Zvezda Meridianbet Belgrade,P013363,"NWORA, JORDAN",33,35,05:30,330.0,2070,68,72,0,0,-4,False,0,
E2026,1,4,Q4,615,CM,Foul (2),ZAL,Zalgiris Kaunas,P002676,"BUTKEVICIUS, ARNAS",51,35,05:23,323.0,2077,68,72,0,0,-4,False,0,
E2026,1,4,Q4,616,RV,Foul Drawn (3),RED,Crvena Zvezda Meridianbet Belgrade,P013363,"NWORA, JORDAN",33,35,05:23,323.0,2077,68,72,0,0,-4,False,0,
E2026,1,4,Q4,617,OUT,Out,RED,Crvena Zvezda Meridianbet Belgrade,P014029,"IZUNDU, EBUKA",15,35,05:23,323.0,2077,68,72,0,0,-4,False,0,
E2026,1,4,Q4,618,IN,In,RED,Crvena Zvezda Meridianbet Belgrade,P011982,"OJELEYE, SEMI",37,35,05:23,323.0,2077,68,72,0,0,-4,False,0,
E2026,1,4,Q4,621,3FGA,Missed Three Pointer (0/4 -  5 pt),RED,Crvena Zvezda Meridianbet Belgrade,P012201,"MONEKE, CHIMA",95,35,05:14,314.0,2086,68,72,0,0,-4,False,0,
E2026,1,4,Q4,622,D,Def Rebound (6),ZAL,Zalgiris Kaunas,,,,35,05:11,311.0,2089,68,72,0,0,-4,False,0,
E2026,1,4,Q4,624,3FGA,Missed Three Pointer (2/3 -  8 pt),ZAL,Zalgiris Kaunas,P012720,"BROWN, STERLING",0,36,04:53,293.0,2107,68,72,0,0,-4,False,0,
E2026,1,4,Q4,625,D,Def Rebound (3),RED,Crvena Zvezda Meridianbet Belgrade,P013363,"NWORA, JORDAN",33,36,04:52,292.0,2108,68,72,0,0,-4,False,0,
E2026,1,4,Q4,626,CM,Foul (3),ZAL,Zalgiris Kaunas,P008186,"BLAZEVIC, MAREK",22,36,04:44,284.0,2116,68,72,0,0,-4,False,0,
E2026,1,4,Q4,627,RV,Foul Drawn (2),RED,Crvena Zvezda Meridianbet Belgrade,P011305,"CARTER, TYSON",11,36,04:44,284.0,2116,68,72,0,0,-4,False,0,
E2026,1,4,Q4,628,TOUT_TV,TV Time Out (4),,,,,,36,04:44,284.0,2116,68,72,0,0,-4,False,0,
E2026,1,4,Q4,633,IN,In,ZAL,Zalgiris Kaunas,P007982,"WILLIAMS-GOSS, NIGEL",1,36,04:44,284.0,2116,68,72,0,0,-4,False,0,
E2026,1,4,Q4,634,OUT,Out,ZAL,Zalgiris Kaunas,P007032,"LO, MAODO",12,36,04:44,284.0,2116,68,72,0,0,-4,False,0,
E2026,1,4,Q4,635,OUT,Out,ZAL,Zalgiris Kaunas,P008186,"BLAZEVIC, MAREK",22,36,04:44,284.0,2116,68,72,0,0,-4,False,0,
E2026,1,4,Q4,636,IN,In,ZAL,Zalgiris Kaunas,P002329,"ULANOVAS, EDGARAS",92,36,04:44,284.0,2116,68,72,0,0,-4,False,0,
E2026,1,4,Q4,637,CM,Foul (1),ZAL,Zalgiris Kaunas,P002329,"ULANOVAS, EDGARAS",92,36,04:38,278.0,2122,68,72,0,0,-4,False,0,
E2026,1,4,Q4,638,RV,Foul Drawn (4),RED,Crvena Zvezda Meridianbet Belgrade,P012201,"MONEKE, CHIMA",95,36,04:38,278.0,2122,68,72,0,0,-4,False,0,
E2026,1,4,Q4,639,2FGM,Two Pointer (5/6 -  15 pt),RED,Crvena Zvezda Meridianbet Belgrade,P010568,"JONES, CHRIS",1,36,04:27,267.0,2133,70,72,2,0,-2,True,0,
E2026,1,4,Q4,640,2FGA,Missed Two Pointer (4/8 -  8 pt),ZAL,Zalgiris Kaunas,P008192,"TUBELIS, AZUOLAS",10,36,04:14,254.0,2146,70,72,0,0,-2,False,0,
E2026,1,4,Q4,641,D,Def Rebound (5),RED,Crvena Zvezda Meridianbet Belgrade,P011982,"OJELEYE, SEMI",37,36,04:13,253.0,2147,70,72,0,0,-2,False,0,
E2026,1,4,Q4,642,2FGM,Two Pointer (1/3 -  9 pt),RED,Crvena Zvezda Meridianbet Belgrade,P011982,"OJELEYE, SEMI",37,36,04:08,248.0,2152,72,72,2,0,0,True,0,
E2026,1,4,Q4,643,AS,Assist (1),RED,Crvena Zvezda Meridianbet Belgrade,P012201,"MONEKE, CHIMA",95,36,04:08,248.0,2152,72,72,0,0,0,False,0,
E2026,1,4,Q4,644,CM,Foul (3),ZAL,Zalgiris Kaunas,P002676,"BUTKEVICIUS, ARNAS",51,36,04:08,248.0,2152,72,72,0,0,0,False,0,
E2026,1,4,Q4,645,RV,Foul Drawn (4),RED,Crvena Zvezda Meridianbet Belgrade,P011982,"OJELEYE, SEMI",37,36,04:08,248.0,2152,72,72,0,0,0,False,0,
E2026,1,4,Q4,646,TOUT,Time Out (1),ZAL,Zalgiris Kaunas,,,,36,04:08,248.0,2152,72,72,0,0,0,False,0,
E2026,1,4,Q4,649,FTA,Missed Free Throw (1/3 -  9 pt),RED,Crvena Zvezda Meridianbet Belgrade,P011982,"OJELEYE, SEMI",37,36,04:08,248.0,2152,72,72,0,0,0,False,0,
E2026,1,4,Q4,650,D,Def Rebound (7),ZAL,Zalgiris Kaunas,P008192,"TUBELIS, AZUOLAS",10,36,04:08,248.0,2152,72,72,0,0,0,False,0,
E2026,1,4,Q4,652,3FGA,Missed Three Pointer (0/1 -  6 pt),ZAL,Zalgiris Kaunas,P002329,"ULANOVAS, EDGARAS",92,37,03:49,229.0,2171,72,72,0,0,0,False,0,
E2026,1,4,Q4,653,D,Def Rebound (3),RED,Crvena Zvezda Meridianbet Belgrade,P011305,"CARTER, TYSON",11,37,03:48,228.0,2172,72,72,0,0,0,False,0,
E2026,1,4,Q4,654,FV,Block (1),ZAL,Zalgiris Kaunas,P008192,"TUBELIS, AZUOLAS",10,37,03:33,213.0,2187,72,72,0,0,0,False,0,
E2026,1,4,Q4,655,2FGA,Missed Two Pointer (0/1 -  3 pt),RED,Crvena Zvezda Meridianbet Belgrade,P011305,"CARTER, TYSON",11,37,03:33,213.0,2187,72,72,0,0,0,False,0,
E2026,1,4,Q4,656,AG,Shot Rejected (1),RED,Crvena Zvezda Meridianbet Belgrade,P011305,"CARTER, TYSON",11,37,03:33,213.0,2187,72,72,0,0,0,False,0,
E2026,1,4,Q4,657,O,Off Rebound (2),RED,Crvena Zvezda Meridianbet Belgrade,P012201,"MONEKE, CHIMA",95,37,03:32,212.0,2188,72,72,0,0,0,False,0,
E2026,1,4,Q4,658,2FGA,Missed Two Pointer (3/8 -  9 pt),RED,Crvena Zvezda Meridianbet Belgrade,P013363,"NWORA, JORDAN",33,37,03:24,204.0,2196,72,72,0,0,0,False,0,
E2026,1,4,Q4,659,D,Def Rebound (8),ZAL,Zalgiris Kaunas,P008192,"TUBELIS, AZUOLAS",10,37,03:23,203.0,2197,72,72,0,0,0,False,0,
E2026,1,4,Q4,660,2FGA,Missed Two Pointer (5/10 -  11 pt),ZAL,Zalgiris Kaunas,P007982,"WILLIAMS-GOSS, NIGEL",1,37,03:20,200.0,2200,72,72,0,0,0,False,0,
E2026,1,4,Q4,663,O,Off Rebound (4),ZAL,Zalgiris Kaunas,P002676,"BUTKEVICIUS, ARNAS",51,37,03:19,199.0,2201,72,72,0,0,0,False,0,
E2026,1,4,Q4,664,3FGM,Three Pointer (1/2 -  14 pt),ZAL,Zalgiris Kaunas,P007982,"WILLIAMS-GOSS, NIGEL",1,37,03:04,184.0,2216,72,75,0,3,-3,True,0,
E2026,1,4,Q4,666,3FGA,Missed Three Pointer (1/3 -  3 pt),RED,Crvena Zvezda Meridianbet Belgrade,P011305,"CARTER, TYSON",11,38,02:40,160.0,2240,72,75,0,0,-3,False,0,
E2026,1,4,Q4,667,D,Def Rebound (9),ZAL,Zalgiris Kaunas,P008192,"TUBELIS, AZUOLAS",10,38,02:39,159.0,2241,72,75,0,0,-3,False,0,
E2026,1,4,Q4,668,2FGA,Missed Two Pointer (0/1 -  6 pt),ZAL,Zalgiris Kaunas,P002329,"ULANOVAS, EDGARAS",92,38,02:30,150.0,2250,72,75,0,0,-3,False,0,
E2026,1,4,Q4,669,D,Def Rebound (7),RED,Crvena Zvezda Meridianbet Belgrade,,,,38,02:29,149.0,2251,72,75,0,0,-3,False,0,
E2026,1,4,Q4,670,CM,Foul (4),ZAL,Zalgiris Kaunas,P002676,"BUTKEVICIUS, ARNAS",51,38,02:28,148.0,2252,72,75,0,0,-3,False,0,
E2026,1,4,Q4,671,RV,Foul Drawn (4),RED,Crvena Zvezda Meridianbet Belgrade,P013363,"NWORA, JORDAN",33,38,02:28,148.0,2252,72,75,0,0,-3,False,0,
E2026,1,4,Q4,672,IN,In,RED,Crvena Zvezda Meridianbet Belgrade,P014163,"BUTLER, JARED",6,38,02:28,148.0,2252,72,75,0,0,-3,False,0,
E2026,1,4,Q4,673,OUT,Out,RED,Crvena Zvezda Meridianbet Belgrade,P011305,"CARTER, TYSON",11,38,02:28,148.0,2252,72,75,0,0,-3,False,0,
E2026,1,4,Q4,674,OUT,Out,ZAL,Zalgiris Kaunas,P008192,"TUBELIS, AZUOLAS",10,38,02:28,148.0,2252,72,75,0,0,-3,False,0,
E2026,1,4,Q4,675,IN,In,ZAL,Zalgiris Kaunas,P000898,"VALANCIUNAS, JONAS",17,38,02:28,148.0,2252,72,75,0,0,-3,False,0,
E2026,1,4,Q4,676,FTA,Missed Free Throw (3/5 -  9 pt),RED,Crvena Zvezda Meridianbet Belgrade,P013363,"NWORA, JORDAN",33,38,02:28,148.0,2252,72,75,0,0,-3,False,0,
E2026,1,4,Q4,677,FTM,Free Throw In (4/6 -  10 pt),RED,Crvena Zvezda Meridianbet Belgrade,P013363,"NWORA, JORDAN",33,38,02:28,148.0,2252,73,75,1,0,-2,True,0,
E2026,1,4,Q4,678,OUT,Out,RED,Crvena Zvezda Meridianbet Belgrade,P013363,"NWORA, JORDAN",33,38,02:28,148.0,2252,73,75,0,0,-2,False,0,
E2026,1,4,Q4,679,IN,In,RED,Crvena Zvezda Meridianbet Belgrade,P006482,"KRAMER, DAVID",44,38,02:28,148.0,2252,73,75,0,0,-2,False,0,
E2026,1,4,Q4,680,OUT,Out,RED,Crvena Zvezda Meridianbet Belgrade,P010568,"JONES, CHRIS",1,38,02:28,148.0,2252,73,75,0,0,-2,False,0,
E2026,1,4,Q4,681,IN,In,RED,Crvena Zvezda Meridianbet Belgrade,P010391,"WEILER-BABB, NICK",3,38,02:28,148.0,2252,73,75,0,0,-2,False,0,
E2026,1,4,Q4,682,CM,Foul (2),RED,Crvena Zvezda Meridianbet Belgrade,P011982,"OJELEYE, SEMI",37,38,02:09,129.0,2271,73,75,0,0,-2,False,0,
E2026,1,4,Q4,683,RV,Foul Drawn (3),ZAL,Zalgiris Kaunas,P000898,"VALANCIUNAS, JONAS",17,38,02:09,129.0,2271,73,75,0,0,-2,False,0,
E2026,1,4,Q4,684,IN,In,ZAL,Zalgiris Kaunas,P011987,"EDWARDS, CARSEN",3,38,02:09,129.0,2271,73,75,0,0,-2,False,0,
E2026,1,4,Q4,685,OUT,Out,ZAL,Zalgiris Kaunas,P000898,"VALANCIUNAS, JONAS",17,38,02:09,129.0,2271,73,75,0,0,-2,False,0,
E2026,1,4,Q4,686,FTM,Free Throw In (2/2 -  10 pt),ZAL,Zalgiris Kaunas,P011987,"EDWARDS, CARSEN",3,38,02:09,129.0,2271,73,76,0,1,-3,True,0,
E2026,1,4,Q4,687,FTM,Free Throw In (3/3 -  11 pt),ZAL,Zalgiris Kaunas,P011987,"EDWARDS, CARSEN",3,38,02:09,129.0,2271,73,77,0,1,-4,True,0,
E2026,1,4,Q4,688,IN,In,ZAL,Zalgiris Kaunas,P008192,"TUBELIS, AZUOLAS",10,38,02:09,129.0,2271,73,77,0,0,-4,False,0,
E2026,1,4,Q4,689,OUT,Out,ZAL,Zalgiris Kaunas,P002676,"BUTKEVICIUS, ARNAS",51,38,02:09,129.0,2271,73,77,0,0,-4,False,0,
E2026,1,4,Q4,691,FV,Block (1),ZAL,Zalgiris Kaunas,P012720,"BROWN, STERLING",0,39,01:49,109.0,2291,73,77,0,0,-4,False,0,
E2026,1,4,Q4,692,2FGA,Missed Two Pointer (0/3 -  0 pt),RED,Crvena Zvezda Meridianbet Belgrade,P010391,"WEILER-BABB, NICK",3,39,01:49,109.0,2291,73,77,0,0,-4,False,0,
E2026,1,4,Q4,693,AG,Shot Rejected (2),RED,Crvena Zvezda Meridianbet Belgrade,P010391,"WEILER-BABB, NICK",3,39,01:49,109.0,2291,73,77,0,0,-4,False,0,
E2026,1,4,Q4,694,D,Def Rebound (2),ZAL,Zalgiris Kaunas,P007982,"WILLIAMS-GOSS, NIGEL",1,39,01:48,108.0,2292,73,77,0,0,-4,False,0,
E2026,1,4,Q4,695,CM,Foul (3),RED,Crvena Zvezda Meridianbet Belgrade,P011982,"OJELEYE, SEMI",37,39,01:33,93.0,2307,73,77,0,0,-4,False,0,
E2026,1,4,Q4,696,RV,Foul Drawn (3),ZAL,Zalgiris Kaunas,P008192,"TUBELIS, AZUOLAS",10,39,01:33,93.0,2307,73,77,0,0,-4,False,0,
E2026,1,4,Q4,697,IN,In,RED,Crvena Zvezda Meridianbet Belgrade,P010568,"JONES, CHRIS",1,39,01:33,93.0,2307,73,77,0,0,-4,False,0,
E2026,1,4,Q4,698,OUT,Out,RED,Crvena Zvezda Meridianbet Belgrade,P010391,"WEILER-BABB, NICK",3,39,01:33,93.0,2307,73,77,0,0,-4,False,0,
E2026,1,4,Q4,699,OUT,Out,RED,Crvena Zvezda Meridianbet Belgrade,P014163,"BUTLER, JARED",6,39,01:33,93.0,2307,73,77,0,0,-4,False,0,
E2026,1,4,Q4,700,IN,In,RED,Crvena Zvezda Meridianbet Belgrade,P013363,"NWORA, JORDAN",33,39,01:33,93.0,2307,73,77,0,0,-4,False,0,
E2026,1,4,Q4,701,FTA,Missed Free Throw (0/1 -  8 pt),ZAL,Zalgiris Kaunas,P008192,"TUBELIS, AZUOLAS",10,39,01:33,93.0,2307,73,77,0,0,-4,False,0,
E2026,1,4,Q4,702,FTM,Free Throw In (1/2 -  9 pt),ZAL,Zalgiris Kaunas,P008192,"TUBELIS, AZUOLAS",10,39,01:33,93.0,2307,73,78,0,1,-5,True,0,
E2026,1,4,Q4,703,AS,Assist (6),ZAL,Zalgiris Kaunas,P007982,"WILLIAMS-GOSS, NIGEL",1,39,01:33,93.0,2307,73,78,0,0,-5,False,0,
E2026,1,4,Q4,704,TOUT,Time Out (1),RED,Crvena Zvezda Meridianbet Belgrade,,,,39,01:33,93.0,2307,73,78,0,0,-5,False,0,
E2026,1,4,Q4,705,OUT,Out,ZAL,Zalgiris Kaunas,P012720,"BROWN, STERLING",0,39,01:33,93.0,2307,73,78,0,0,-5,False,0,
E2026,1,4,Q4,706,IN,In,ZAL,Zalgiris Kaunas,P002676,"BUTKEVICIUS, ARNAS",51,39,01:33,93.0,2307,73,78,0,0,-5,False,0,
E2026,1,4,Q4,707,2FGA,Missed Two Pointer (2/3 -  5 pt),RED,Crvena Zvezda Meridianbet Belgrade,P012201,"MONEKE, CHIMA",95,39,01:27,87.0,2313,73,78,0,0,-5,False,0,
E2026,1,4,Q4,708,O,Off Rebound (3),RED,Crvena Zvezda Meridianbet Belgrade,P012201,"MONEKE, CHIMA",95,39,01:26,86.0,2314,73,78,0,0,-5,False,0,
E2026,1,4,Q4,709,2FGM,Two Pointer (3/4 -  7 pt),RED,Crvena Zvezda Meridianbet Belgrade,P012201,"MONEKE, CHIMA",95,39,01:26,86.0,2314,75,78,2,0,-3,True,0,
E2026,1,4,Q4,710,IN,In,RED,Crvena Zvezda Meridianbet Belgrade,P011157,"MOTLEY, JOHNATHAN",0,39,01:25,85.0,2315,75,78,0,0,-3,False,0,
E2026,1,4,Q4,711,OUT,Out,RED,Crvena Zvezda Meridianbet Belgrade,P011982,"OJELEYE, SEMI",37,39,01:25,85.0,2315,75,78,0,0,-3,False,0,
E2026,1,4,Q4,712,IN,In,ZAL,Zalgiris Kaunas,P012720,"BROWN, STERLING",0,39,01:25,85.0,2315,75,78,0,0,-3,False,0,
E2026,1,4,Q4,713,IN,In,ZAL,Zalgiris Kaunas,P000898,"VALANCIUNAS, JONAS",17,39,01:25,85.0,2315,75,78,0,0,-3,False,0,
E2026,1,4,Q4,714,OUT,Out,ZAL,Zalgiris Kaunas,P002676,"BUTKEVICIUS, ARNAS",51,39,01:25,85.0,2315,75,78,0,0,-3,False,0,
E2026,1,4,Q4,715,OUT,Out,ZAL,Zalgiris Kaunas,P002329,"ULANOVAS, EDGARAS",92,39,01:25,85.0,2315,75,78,0,0,-3,False,0,
E2026,1,4,Q4,716,FV,Block (1),RED,Crvena Zvezda Meridianbet Belgrade,P012201,"MONEKE, CHIMA",95,39,01:08,68.0,2332,75,78,0,0,-3,False,0,
E2026,1,4,Q4,717,2FGA,Missed Two Pointer (5/11 -  14 pt),ZAL,Zalgiris Kaunas,P007982,"WILLIAMS-GOSS, NIGEL",1,39,01:08,68.0,2332,75,78,0,0,-3,False,0,
E2026,1,4,Q4,718,AG,Shot Rejected (1),ZAL,Zalgiris Kaunas,P007982,"WILLIAMS-GOSS, NIGEL",1,39,01:08,68.0,2332,75,78,0,0,-3,False,0,
E2026,1,4,Q4,719,D,Def Rebound (4),RED,Crvena Zvezda Meridianbet Belgrade,P013363,"NWORA, JORDAN",33,39,01:07,67.0,2333,75,78,0,0,-3,False,0,
E2026,1,4,Q4,720,TO,Turnover (1),RED,Crvena Zvezda Meridianbet Belgrade,P013363,"NWORA, JORDAN",33,39,01:00,60.0,2340,75,78,0,0,-3,False,0,
E2026,1,4,Q4,721,ST,Steal (2),ZAL,Zalgiris Kaunas,P011987,"EDWARDS, CARSEN",3,39,01:00,60.0,2340,75,78,0,0,-3,False,0,
E2026,1,4,Q4,723,2FGM,Two Pointer (2/5 -  13 pt),ZAL,Zalgiris Kaunas,P011987,"EDWARDS, CARSEN",3,40,00:49,49.0,2351,75,80,0,2,-5,True,0,
E2026,1,4,Q4,724,TOUT,Time Out (2),RED,Crvena Zvezda Meridianbet Belgrade,,,,40,00:49,49.0,2351,75,80,0,0,-5,False,0,
E2026,1,4,Q4,725,OUT,Out,ZAL,Zalgiris Kaunas,P007982,"WILLIAMS-GOSS, NIGEL",1,40,00:49,49.0,2351,75,80,0,0,-5,False,0,
E2026,1,4,Q4,726,OUT,Out,ZAL,Zalgiris Kaunas,P000898,"VALANCIUNAS, JONAS",17,40,00:49,49.0,2351,75,80,0,0,-5,False,0,
E2026,1,4,Q4,727,IN,In,ZAL,Zalgiris Kaunas,P002676,"BUTKEVICIUS, ARNAS",51,40,00:49,49.0,2351,75,80,0,0,-5,False,0,
E2026,1,4,Q4,728,IN,In,ZAL,Zalgiris Kaunas,P002329,"ULANOVAS, EDGARAS",92,40,00:49,49.0,2351,75,80,0,0,-5,False,0,
E2026,1,4,Q4,729,OF,Offensive Foul (5),RED,Crvena Zvezda Meridianbet Belgrade,P011157,"MOTLEY, JOHNATHAN",0,40,00:44,44.0,2356,75,80,0,0,-5,False,0,
E2026,1,4,Q4,730,TO,Turnover (6),RED,Crvena Zvezda Meridianbet Belgrade,P011157,"MOTLEY, JOHNATHAN",0,40,00:44,44.0,2356,75,80,0,0,-5,False,0,
E2026,1,4,Q4,731,RV,Foul Drawn (1),ZAL,Zalgiris Kaunas,P002676,"BUTKEVICIUS, ARNAS",51,40,00:44,44.0,2356,75,80,0,0,-5,False,0,
E2026,1,4,Q4,732,OUT,Out,RED,Crvena Zvezda Meridianbet Belgrade,P011157,"MOTLEY, JOHNATHAN",0,40,00:44,44.0,2356,75,80,0,0,-5,False,0,
E2026,1,4,Q4,733,IN,In,RED,Crvena Zvezda Meridianbet Belgrade,P011982,"OJELEYE, SEMI",37,40,00:44,44.0,2356,75,80,0,0,-5,False,0,
E2026,1,4,Q4,734,CM,Foul (3),RED,Crvena Zvezda Meridianbet Belgrade,P006482,"KRAMER, DAVID",44,40,00:41,41.0,2359,75,80,0,0,-5,False,0,
E2026,1,4,Q4,735,RV,Foul Drawn (1),ZAL,Zalgiris Kaunas,P011987,"EDWARDS, CARSEN",3,40,00:41,41.0,2359,75,80,0,0,-5,False,0,
E2026,1,4,Q4,736,CM,Foul (4),RED,Crvena Zvezda Meridianbet Belgrade,P006482,"KRAMER, DAVID",44,40,00:28,28.0,2372,75,80,0,0,-5,False,0,
E2026,1,4,Q4,737,RV,Foul Drawn (2),ZAL,Zalgiris Kaunas,P012720,"BROWN, STERLING",0,40,00:28,28.0,2372,75,80,0,0,-5,False,0,
E2026,1,4,Q4,738,FTM,Free Throw In (3/3 -  9 pt),ZAL,Zalgiris Kaunas,P012720,"BROWN, STERLING",0,40,00:28,28.0,2372,75,81,0,1,-6,True,0,
E2026,1,4,Q4,739,FTM,Free Throw In (4/4 -  10 pt),ZAL,Zalgiris Kaunas,P012720,"BROWN, STERLING",0,40,00:28,28.0,2372,75,82,0,1,-7,True,0,
E2026,1,4,Q4,740,2FGM,Two Pointer (4/5 -  9 pt),RED,Crvena Zvezda Meridianbet Belgrade,P012201,"MONEKE, CHIMA",95,40,00:18,18.0,2382,77,82,2,0,-5,True,0,
E2026,1,4,Q4,741,AS,Assist (8),RED,Crvena Zvezda Meridianbet Belgrade,P010568,"JONES, CHRIS",1,40,00:18,18.0,2382,77,82,0,0,-5,False,0,
E2026,1,4,Q4,742,CM,Foul (4),RED,Crvena Zvezda Meridianbet Belgrade,P011982,"OJELEYE, SEMI",37,40,00:12,12.0,2388,77,82,0,0,-5,False,0,
E2026,1,4,Q4,743,RV,Foul Drawn (4),ZAL,Zalgiris Kaunas,P008192,"TUBELIS, AZUOLAS",10,40,00:12,12.0,2388,77,82,0,0,-5,False,0,
E2026,1,4,Q4,744,FTA,Missed Free Throw (1/3 -  9 pt),ZAL,Zalgiris Kaunas,P008192,"TUBELIS, AZUOLAS",10,40,00:12,12.0,2388,77,82,0,0,-5,False,0,
E2026,1,4,Q4,745,FTM,Free Throw In (2/4 -  10 pt),ZAL,Zalgiris Kaunas,P008192,"TUBELIS, AZUOLAS",10,40,00:12,12.0,2388,77,83,0,1,-6,True,0,
E2026,1,4,Q4,746,2FGA,Missed Two Pointer (1/4 -  9 pt),RED,Crvena Zvezda Meridianbet Belgrade,P011982,"OJELEYE, SEMI",37,40,00:07,7.0,2393,77,83,0,0,-6,False,0,
E2026,1,4,Q4,747,D,Def Rebound (2),ZAL,Zalgiris Kaunas,P012720,"BROWN, STERLING",0,40,00:06,6.0,2394,77,83,0,0,-6,False,0,
E2026,1,4,Q4,750,EG,End Game,,,,,,41,,,2460,77,83,0,0,-6,False,0,
E2026,2,1,Q1,64,BP,Begin Period,,,,,,1,,,60,0,0,0,0,0,False,0,
E2026,2,1,Q1,65,JB,Jump Ball (1),MAD,Real Madrid,,,,1,09:59,599.0,1,0,0,0,0,0,False,0,
E2026,2,1,Q1,66,2FGA,Missed Two Pointer (0/1 -  0 pt),MAD,Real Madrid,P005791,"TAVARES, WALTER",22,1,09:41,581.0,19,0,0,0,0,0,False,0,
E2026,2,1,Q1,67,D,Def Rebound (1),DUB,Dubai Basketball,P011212,"OKOBO, ELIE",0,1,09:38,578.0,22,0,0,0,0,0,False,0,
E2026,2,1,Q1,68,2FGA,Missed Two Pointer (0/1 -  0 pt),DUB,Dubai Basketball,P011194,"PETRUSEV, FILIP",30,1,09:18,558.0,42,0,0,0,0,0,False,0,
E2026,2,1,Q1,69,D,Def Rebound (1),MAD,Real Madrid,P005791,"TAVARES, WALTER",22,1,09:16,556.0,44,0,0,0,0,0,False,0,
E2026,2,1,Q1,70,CM,Foul (1),DUB,Dubai Basketball,P011212,"OKOBO, ELIE",0,1,09:03,543.0,57,0,0,0,0,0,False,0,
E2026,2,1,Q1,71,RV,Foul Drawn (1),MAD,Real Madrid,P012080,"LUWAWU-CABARROT, TIMOTHE",3,1,09:03,543.0,57,0,0,0,0,0,False,0,
E2026,2,1,Q1,72,FTM,Free Throw In (1/1 -  1 pt),MAD,Real Madrid,P012080,"LUWAWU-CABARROT, TIMOTHE",3,1,09:03,543.0,57,0,1,0,1,-1,True,0,
E2026,2,1,Q1,73,FTM,Free Throw In (2/2 -  2 pt),MAD,Real Madrid,P012080,"LUWAWU-CABARROT, TIMOTHE",3,1,09:03,543.0,57,0,2,0,1,-2,True,0,
E2026,2,1,Q1,75,2FGM,Two Pointer (1/1 -  2 pt),DUB,Dubai Basketball,P011286,"BACON, DWAYNE",3,2,08:41,521.0,79,2,2,2,0,0,True,0,
E2026,2,1,Q1,76,2FGA,Missed Two Pointer (0/1 -  0 pt),MAD,Real Madrid,P005928,"CAMPAZZO, FACUNDO",7,2,08:21,501.0,99,2,2,0,0,0,False,0,
E2026,2,1,Q1,77,O,Off Rebound (1),MAD,Real Madrid,P005791,"TAVARES, WALTER",22,2,08:18,498.0,102,2,2,0,0,0,False,0,
E2026,2,1,Q1,78,2FGM,Two Pointer (1/2 -  2 pt),MAD,Real Madrid,P005791,"TAVARES, WALTER",22,2,08:18,498.0,102,2,4,0,2,-2,True,0,
E2026,2,1,Q1,80,CM,Foul (1),MAD,Real Madrid,P012080,"LUWAWU-CABARROT, TIMOTHE",3,3,07:57,477.0,123,2,4,0,0,-2,False,0,
E2026,2,1,Q1,81,RV,Foul Drawn (1),DUB,Dubai Basketball,P012606,"WRIGHT IV, MCKINLEY",25,3,07:57,477.0,123,2,4,0,0,-2,False,0,
E2026,2,1,Q1,82,FTM,Free Throw In (1/1 -  1 pt),DUB,Dubai Basketball,P012606,"WRIGHT IV, MCKINLEY",25,3,07:57,477.0,123,3,4,1,0,-1,True,0,
E2026,2,1,Q1,83,AS,Assist (1),DUB,Dubai Basketball,P011194,"PETRUSEV, FILIP",30,3,07:57,477.0,123,3,4,0,0,-1,False,0,
E2026,2,1,Q1,84,FTA,Missed Free Throw (1/2 -  1 pt),DUB,Dubai Basketball,P012606,"WRIGHT IV, MCKINLEY",25,3,07:57,477.0,123,3,4,0,0,-1,False,0,
E2026,2,1,Q1,85,FTM,Free Throw In (2/3 -  2 pt),DUB,Dubai Basketball,P012606,"WRIGHT IV, MCKINLEY",25,3,07:57,477.0,123,4,4,1,0,0,True,0,
E2026,2,1,Q1,86,3FGA,Missed Three Pointer (0/1 -  0 pt),MAD,Real Madrid,P005928,"CAMPAZZO, FACUNDO",7,3,07:49,469.0,131,4,4,0,0,0,False,0,
E2026,2,1,Q1,87,D,Def Rebound (1),DUB,Dubai Basketball,P011286,"BACON, DWAYNE",3,3,07:47,467.0,133,4,4,0,0,0,False,0,
E2026,2,1,Q1,88,2FGA,Missed Two Pointer (1/2 -  2 pt),DUB,Dubai Basketball,P011286,"BACON, DWAYNE",3,3,07:39,459.0,141,4,4,0,0,0,False,0,
E2026,2,1,Q1,89,D,Def Rebound (1),MAD,Real Madrid,P010393,"PRADILLA, JAIME",4,3,07:38,458.0,142,4,4,0,0,0,False,0,
E2026,2,1,Q1,90,3FGA,Missed Three Pointer (0/2 -  0 pt),MAD,Real Madrid,P005928,"CAMPAZZO, FACUNDO",7,3,07:23,443.0,157,4,4,0,0,0,False,0,
E2026,2,1,Q1,91,D,Def Rebound (1),DUB,Dubai Basketball,P011194,"PETRUSEV, FILIP",30,3,07:21,441.0,159,4,4,0,0,0,False,0,
E2026,2,1,Q1,92,TO,Turnover (1),DUB,Dubai Basketball,P012796,"KABENGELE, MFIONDU",17,3,07:12,432.0,168,4,4,0,0,0,False,0,
E2026,2,1,Q1,93,ST,Steal (1),MAD,Real Madrid,P010393,"PRADILLA, JAIME",4,3,07:10,430.0,170,4,4,0,0,0,False,0,
E2026,2,1,Q1,94,TO,Turnover (1),MAD,Real Madrid,P005928,"CAMPAZZO, FACUNDO",7,3,07:09,429.0,171,4,4,0,0,0,False,0,
E2026,2,1,Q1,95,2FGM,Two Pointer (1/1 -  4 pt),DUB,Dubai Basketball,P012606,"WRIGHT IV, MCKINLEY",25,3,07:04,424.0,176,6,4,2,0,2,True,0,
E2026,2,1,Q1,96,AS,Assist (1),DUB,Dubai Basketball,P012796,"KABENGELE, MFIONDU",17,3,07:02,422.0,178,6,4,0,0,2,False,0,
E2026,2,1,Q1,98,2FGA,Missed Two Pointer (0/1 -  2 pt),MAD,Real Madrid,P012080,"LUWAWU-CABARROT, TIMOTHE",3,4,06:52,412.0,188,6,4,0,0,2,False,0,
E2026,2,1,Q1,99,AG,Shot Rejected (1),MAD,Real Madrid,P012080,"LUWAWU-CABARROT, TIMOTHE",3,4,06:52,412.0,188,6,4,0,0,2,False,0,
E2026,2,1,Q1,100,FV,Block (1),DUB,Dubai Basketball,P012796,"KABENGELE, MFIONDU",17,4,06:50,410.0,190,6,4,0,0,2,False,0,
E2026,2,1,Q1,101,D,Def Rebound (2),DUB,Dubai Basketball,P011194,"PETRUSEV, FILIP",30,4,06:48,408.0,192,6,4,0,0,2,False,0,
E2026,2,1,Q1,102,2FGA,Missed Two Pointer (1/2 -  4 pt),DUB,Dubai Basketball,P012606,"WRIGHT IV, MCKINLEY",25,4,06:47,407.0,193,6,4,0,0,2,False,0,
E2026,2,1,Q1,103,D,Def Rebound (2),MAD,Real Madrid,P010393,"PRADILLA, JAIME",4,4,06:45,405.0,195,6,4,0,0,2,False,0,
E2026,2,1,Q1,104,3FGA,Missed Three Pointer (0/1 -  0 pt),MAD,Real Madrid,P003733,"ABALDE, ALBERTO",6,4,06:41,401.0,199,6,4,0,0,2,False,0,
E2026,2,1,Q1,105,D,Def Rebound (1),DUB,Dubai Basketball,P012796,"KABENGELE, MFIONDU",17,4,06:39,399.0,201,6,4,0,0,2,False,0,
E2026,2,1,Q1,106,2FGA,Missed Two Pointer (1/3 -  4 pt),DUB,Dubai Basketball,P012606,"WRIGHT IV, MCKINLEY",25,4,06:22,382.0,218,6,4,0,0,2,False,0,
E2026,2,1,Q1,107,D,Def Rebound (1),MAD,Real Madrid,,,,4,06:22,382.0,218,6,4,0,0,2,False,0,
E2026,2,1,Q1,108,CM,Foul (1),DUB,Dubai Basketball,P011194,"PETRUSEV, FILIP",30,4,06:22,382.0,218,6,4,0,0,2,False,0,
E2026,2,1,Q1,109,RV,Foul Drawn (1),MAD,Real Madrid,P010393,"PRADILLA, JAIME",4,4,06:22,382.0,218,6,4,0,0,2,False,0,
E2026,2,1,Q1,110,OUT,Out,MAD,Real Madrid,P012080,"LUWAWU-CABARROT, TIMOTHE",3,4,06:22,382.0,218,6,4,0,0,2,False,0,
E2026,2,1,Q1,111,OUT,Out,MAD,Real Madrid,P010393,"PRADILLA, JAIME",4,4,06:22,382.0,218,6,4,0,0,2,False,0,
E2026,2,1,Q1,112,OUT,Out,MAD,Real Madrid,P003733,"ABALDE, ALBERTO",6,4,06:22,382.0,218,6,4,0,0,2,False,0,
E2026,2,1,Q1,113,OUT,Out,MAD,Real Madrid,P005928,"CAMPAZZO, FACUNDO",7,4,06:22,382.0,218,6,4,0,0,2,False,0,
E2026,2,1,Q1,114,IN,In,MAD,Real Madrid,P007027,"MALEDON, THEO",12,4,06:22,382.0,218,6,4,0,0,2,False,0,
E2026,2,1,Q1,115,IN,In,MAD,Real Madrid,P009005,"DECK, GABRIEL",14,4,06:22,382.0,218,6,4,0,0,2,False,0,
E2026,2,1,Q1,116,IN,In,MAD,Real Madrid,P012613,"JANTUNEN, MIKAEL",20,4,06:22,382.0,218,6,4,0,0,2,False,0,
E2026,2,1,Q1,117,IN,In,MAD,Real Madrid,P011247,"FELIZ, ANDRES",24,4,06:22,382.0,218,6,4,0,0,2,False,0,
E2026,2,1,Q1,118,2FGA,Missed Two Pointer (0/1 -  0 pt),MAD,Real Madrid,P011247,"FELIZ, ANDRES",24,4,06:09,369.0,231,6,4,0,0,2,False,0,
E2026,2,1,Q1,119,D,Def Rebound (2),DUB,Dubai Basketball,,,,4,06:09,369.0,231,6,4,0,0,2,False,0,
E2026,2,1,Q1,120,OUT,Out,DUB,Dubai Basketball,P012606,"WRIGHT IV, MCKINLEY",25,4,06:09,369.0,231,6,4,0,0,2,False,0,
E2026,2,1,Q1,121,IN,In,DUB,Dubai Basketball,P008855,"WALKUP, THOMAS",44,4,06:09,369.0,231,6,4,0,0,2,False,0,
E2026,2,1,Q1,122,OUT,Out,MAD,Real Madrid,P005791,"TAVARES, WALTER",22,4,06:09,369.0,231,6,4,0,0,2,False,0,
E2026,2,1,Q1,123,IN,In,MAD,Real Madrid,P015103,"JONES, DAMIAN",30,4,06:09,369.0,231,6,4,0,0,2,False,0,
E2026,2,1,Q1,125,2FGM,Two Pointer (2/3 -  4 pt),DUB,Dubai Basketball,P011286,"BACON, DWAYNE",3,5,05:47,347.0,253,8,4,2,0,4,True,0,
E2026,2,1,Q1,126,AS,Assist (2),DUB,Dubai Basketball,P011194,"PETRUSEV, FILIP",30,5,05:45,345.0,255,8,4,0,0,4,False,0,
E2026,2,1,Q1,127,TO,Turnover (1),MAD,Real Madrid,P011247,"FELIZ, ANDRES",24,5,05:32,332.0,268,8,4,0,0,4,False,0,
E2026,2,1,Q1,128,ST,Steal (1),DUB,Dubai Basketball,P011212,"OKOBO, ELIE",0,5,05:27,327.0,273,8,4,0,0,4,False,0,
E2026,2,1,Q1,129,CM,Foul (1),MAD,Real Madrid,P007027,"MALEDON, THEO",12,5,05:27,327.0,273,8,4,0,0,4,False,0,
E2026,2,1,Q1,130,RV,Foul Drawn (1),DUB,Dubai Basketball,P011286,"BACON, DWAYNE",3,5,05:27,327.0,273,8,4,0,0,4,False,0,
E2026,2,1,Q1,131,FTM,Free Throw In (1/1 -  5 pt),DUB,Dubai Basketball,P011286,"BACON, DWAYNE",3,5,05:27,327.0,273,9,4,1,0,5,True,0,
E2026,2,1,Q1,132,FTM,Free Throw In (2/2 -  6 pt),DUB,Dubai Basketball,P011286,"BACON, DWAYNE",3,5,05:27,327.0,273,10,4,1,0,6,True,0,
E2026,2,1,Q1,133,CM,Foul (1),DUB,Dubai Basketball,P008855,"WALKUP, THOMAS",44,5,05:12,312.0,288,10,4,0,0,6,False,0,
E2026,2,1,Q1,134,RV,Foul Drawn (1),MAD,Real Madrid,P007027,"MALEDON, THEO",12,5,05:12,312.0,288,10,4,0,0,6,False,0,
E2026,2,1,Q1,135,OUT,Out,DUB,Dubai Basketball,P012796,"KABENGELE, MFIONDU",17,5,05:12,312.0,288,10,4,0,0,6,False,0,
E2026,2,1,Q1,136,IN,In,DUB,Dubai Basketball,P014027,"DIAKITE, MAMADI",21,5,05:12,312.0,288,10,4,0,0,6,False,0,
E2026,2,1,Q1,137,FTA,Missed Free Throw (0/1 -  0 pt),MAD,Real Madrid,P007027,"MALEDON, THEO",12,5,05:12,312.0,288,10,4,0,0,6,False,0,
E2026,2,1,Q1,138,FTM,Free Throw In (1/2 -  1 pt),MAD,Real Madrid,P007027,"MALEDON, THEO",12,5,05:12,312.0,288,10,5,0,1,5,True,0,
E2026,2,1,Q1,140,TO,Turnover (1),DUB,Dubai Basketball,P011212,"OKOBO, ELIE",0,6,04:56,296.0,304,10,5,0,0,5,False,0,
E2026,2,1,Q1,141,TOUT_TV,TV Time Out (1),,,,,,6,04:56,296.0,304,10,5,0,0,5,False,0,
E2026,2,1,Q1,142,2FGM,Two Pointer (1/1 -  3 pt),MAD,Real Madrid,P007027,"MALEDON, THEO",12,6,04:40,280.0,320,10,7,0,2,3,True,0,
E2026,2,1,Q1,143,TO,Turnover (1),DUB,Dubai Basketball,P011286,"BACON, DWAYNE",3,6,04:21,261.0,339,10,7,0,0,3,False,0,
E2026,2,1,Q1,144,OUT,Out,DUB,Dubai Basketball,P011212,"OKOBO, ELIE",0,6,04:21,261.0,339,10,7,0,0,3,False,0,
E2026,2,1,Q1,145,IN,In,DUB,Dubai Basketball,P014731,"MINTZ, DAVION",6,6,04:21,261.0,339,10,7,0,0,3,False,0,
E2026,2,1,Q1,146,IN,In,DUB,Dubai Basketball,P001133,"SHENGELIA, TORNIKE",23,6,04:21,261.0,339,10,7,0,0,3,False,0,
E2026,2,1,Q1,147,OUT,Out,DUB,Dubai Basketball,P011194,"PETRUSEV, FILIP",30,6,04:21,261.0,339,10,7,0,0,3,False,0,
E2026,2,1,Q1,148,TO,Turnover (1),MAD,Real Madrid,P015103,"JONES, DAMIAN",30,6,04:06,246.0,354,10,7,0,0,3,False,0,
E2026,2,1,Q1,149,ST,Steal (1),DUB,Dubai Basketball,P014027,"DIAKITE, MAMADI",21,6,04:04,244.0,356,10,7,0,0,3,False,0,
E2026,2,1,Q1,151,3FGA,Missed Three Pointer (0/1 -  0 pt),DUB,Dubai Basketball,P014731,"MINTZ, DAVION",6,7,03:47,227.0,373,10,7,0,0,3,False,0,
E2026,2,1,Q1,152,D,Def Rebound (3),MAD,Real Madrid,,,,7,03:46,226.0,374,10,7,0,0,3,False,0,
E2026,2,1,Q1,153,TO,Turnover (1),MAD,Real Madrid,P009005,"DECK, GABRIEL",14,7,03:29,209.0,391,10,7,0,0,3,False,0,
E2026,2,1,Q1,154,2FGA,Missed Two Pointer (0/1 -  0 pt),DUB,Dubai Basketball,P001133,"SHENGELIA, TORNIKE",23,7,03:12,192.0,408,10,7,0,0,3,False,0,
E2026,2,1,Q1,155,O,Off Rebound (1),DUB,Dubai Basketball,P011286,"BACON, DWAYNE",3,7,03:10,190.0,410,10,7,0,0,3,False,0,
E2026,2,1,Q1,156,3FGM,Three Pointer (1/2 -  3 pt),DUB,Dubai Basketball,P014731,"MINTZ, DAVION",6,7,03:06,186.0,414,13,7,3,0,6,True,0,
E2026,2,1,Q1,157,AS,Assist (1),DUB,Dubai Basketball,P011286,"BACON, DWAYNE",3,7,03:04,184.0,416,13,7,0,0,6,False,0,
E2026,2,1,Q1,159,2FGA,Missed Two Pointer (0/2 -  0 pt),MAD,Real Madrid,P011247,"FELIZ, ANDRES",24,8,02:47,167.0,433,13,7,0,0,6,False,0,
E2026,2,1,Q1,160,AG,Shot Rejected (1),MAD,Real Madrid,P011247,"FELIZ, ANDRES",24,8,02:47,167.0,433,13,7,0,0,6,False,0,
E2026,2,1,Q1,161,FV,Block (1),DUB,Dubai Basketball,P014731,"MINTZ, DAVION",6,8,02:45,165.0,435,13,7,0,0,6,False,0,
E2026,2,1,Q1,162,D,Def Rebound (2),DUB,Dubai Basketball,P011286,"BACON, DWAYNE",3,8,02:43,163.0,437,13,7,0,0,6,False,0,
E2026,2,1,Q1,163,2FGM,Two Pointer (3/4 -  8 pt),DUB,Dubai Basketball,P011286,"BACON, DWAYNE",3,8,02:43,163.0,437,15,7,2,0,8,True,0,
E2026,2,1,Q1,164,TOUT,Time Out (1),MAD,Real Madrid,,,,8,02:43,163.0,437,15,7,0,0,8,False,0,
E2026,2,1,Q1,165,OUT,Out,DUB,Dubai Basketball,P011286,"BACON, DWAYNE",3,8,02:43,163.0,437,15,7,0,0,8,False,0,
E2026,2,1,Q1,166,IN,In,DUB,Dubai Basketball,P003458,"BERTANS, DAVIS",8,8,02:43,163.0,437,15,7,0,0,8,False,0,
E2026,2,1,Q1,167,IN,In,MAD,Real Madrid,P010393,"PRADILLA, JAIME",4,8,02:43,163.0,437,15,7,0,0,8,False,0,
E2026,2,1,Q1,168,OUT,Out,MAD,Real Madrid,P012613,"JANTUNEN, MIKAEL",20,8,02:43,163.0,437,15,7,0,0,8,False,0,
E2026,2,1,Q1,169,2FGM,Two Pointer (1/1 -  2 pt),MAD,Real Madrid,P006833,"SARR, OLIVIER",33,8,02:32,152.0,448,15,9,0,2,6,True,0,
E2026,2,1,Q1,170,CM,Foul (1),DUB,Dubai Basketball,P014027,"DIAKITE, MAMADI",21,8,02:32,152.0,448,15,9,0,0,6,False,0,
E2026,2,1,Q1,171,RV,Foul Drawn (1),MAD,Real Madrid,P006833,"SARR, OLIVIER",33,8,02:32,152.0,448,15,9,0,0,6,False,0,
E2026,2,1,Q1,172,FTM,Free Throw In (1/1 -  3 pt),MAD,Real Madrid,P006833,"SARR, OLIVIER",33,8,02:32,152.0,448,15,10,0,1,5,True,0,
E2026,2,1,Q1,173,OUT,Out,MAD,Real Madrid,P015103,"JONES, DAMIAN",30,8,02:32,152.0,448,15,10,0,0,5,False,0,
E2026,2,1,Q1,174,IN,In,MAD,Real Madrid,P006833,"SARR, OLIVIER",33,8,02:32,152.0,448,15,10,0,0,5,False,0,
E2026,2,1,Q1,175,2FGA,Missed Two Pointer (0/1 -  0 pt),DUB,Dubai Basketball,P008855,"WALKUP, THOMAS",44,8,02:17,137.0,463,15,10,0,0,5,False,0,
E2026,2,1,Q1,176,AG,Shot Rejected (1),DUB,Dubai Basketball,P008855,"WALKUP, THOMAS",44,8,02:17,137.0,463,15,10,0,0,5,False,0,
E2026,2,1,Q1,177,FV,Block (1),MAD,Real Madrid,P007027,"MALEDON, THEO",12,8,02:17,137.0,463,15,10,0,0,5,False,0,
E2026,2,1,Q1,178,O,Off Rebound (1),DUB,Dubai Basketball,,,,8,02:17,137.0,463,15,10,0,0,5,False,0,
E2026,2,1,Q1,179,3FGA,Missed Three Pointer (0/1 -  0 pt),DUB,Dubai Basketball,P003458,"BERTANS, DAVIS",8,8,02:08,128.0,472,15,10,0,0,5,False,0,
E2026,2,1,Q1,180,O,Off Rebound (1),DUB,Dubai Basketball,P001133,"SHENGELIA, TORNIKE",23,8,02:05,125.0,475,15,10,0,0,5,False,0,
E2026,2,1,Q1,209,2FGA,Missed Two Pointer (0/2 -  0 pt),DUB,Dubai Basketball,P001133,"SHENGELIA, TORNIKE",23,8,02:05,125.0,475,15,10,0,0,5,False,0,
E2026,2,1,Q1,182,D,Def Rebound (1),MAD,Real Madrid,P011247,"FELIZ, ANDRES",24,8,02:02,122.0,478,15,10,0,0,5,False,0,
E2026,2,1,Q1,184,2FGM,Two Pointer (2/2 -  5 pt),MAD,Real Madrid,P007027,"MALEDON, THEO",12,9,01:49,109.0,491,15,12,0,2,3,True,0,
E2026,2,1,Q1,185,IN,In,MAD,Real Madrid,P012080,"LUWAWU-CABARROT, TIMOTHE",3,9,01:49,109.0,491,15,12,0,0,3,False,0,
E2026,2,1,Q1,186,IN,In,MAD,Real Madrid,P005928,"CAMPAZZO, FACUNDO",7,9,01:49,109.0,491,15,12,0,0,3,False,0,
E2026,2,1,Q1,187,IN,In,MAD,Real Madrid,P008384,"PROCIDA, GABRIELE",9,9,01:49,109.0,491,15,12,0,0,3,False,0,
E2026,2,1,Q1,188,OUT,Out,MAD,Real Madrid,P007027,"MALEDON, THEO",12,9,01:49,109.0,491,15,12,0,0,3,False,0,
E2026,2,1,Q1,189,OUT,Out,MAD,Real Madrid,P009005,"DECK, GABRIEL",14,9,01:49,109.0,491,15,12,0,0,3,False,0,
E2026,2,1,Q1,190,OUT,Out,MAD,Real Madrid,P011247,"FELIZ, ANDRES",24,9,01:49,109.0,491,15,12,0,0,3,False,0,
E2026,2,1,Q1,191,TO,Turnover (1),DUB,Dubai Basketball,P008855,"WALKUP, THOMAS",44,9,01:40,100.0,500,15,12,0,0,3,False,0,
E2026,2,1,Q1,192,ST,Steal (1),MAD,Real Madrid,P005928,"CAMPAZZO, FACUNDO",7,9,01:40,100.0,500,15,12,0,0,3,False,0,
E2026,2,1,Q1,193,CM,Foul (2),DUB,Dubai Basketball,P014027,"DIAKITE, MAMADI",21,9,01:40,100.0,500,15,12,0,0,3,False,0,
E2026,2,1,Q1,194,RV,Foul Drawn (1),MAD,Real Madrid,P005928,"CAMPAZZO, FACUNDO",7,9,01:40,100.0,500,15,12,0,0,3,False,0,
E2026,2,1,Q1,195,IN,In,DUB,Dubai Basketball,P012796,"KABENGELE, MFIONDU",17,9,01:40,100.0,500,15,12,0,0,3,False,0,
E2026,2,1,Q1,196,OUT,Out,DUB,Dubai Basketball,P014027,"DIAKITE, MAMADI",21,9,01:40,100.0,500,15,12,0,0,3,False,0,
E2026,2,1,Q1,197,IN,In,DUB,Dubai Basketball,P012606,"WRIGHT IV, MCKINLEY",25,9,01:40,100.0,500,15,12,0,0,3,False,0,
E2026,2,1,Q1,198,OUT,Out,DUB,Dubai Basketball,P008855,"WALKUP, THOMAS",44,9,01:40,100.0,500,15,12,0,0,3,False,0,
E2026,2,1,Q1,199,FTM,Free Throw In (1/1 -  1 pt),MAD,Real Madrid,P005928,"CAMPAZZO, FACUNDO",7,9,01:40,100.0,500,15,13,0,1,2,True,0,
E2026,2,1,Q1,200,FTM,Free Throw In (2/2 -  2 pt),MAD,Real Madrid,P005928,"CAMPAZZO, FACUNDO",7,9,01:40,100.0,500,15,14,0,1,1,True,0,
E2026,2,1,Q1,201,CM,Foul (1),MAD,Real Madrid,P010393,"PRADILLA, JAIME",4,9,01:30,90.0,510,15,14,0,0,1,False,0,
E2026,2,1,Q1,202,RV,Foul Drawn (1),DUB,Dubai Basketball,P001133,"SHENGELIA, TORNIKE",23,9,01:30,90.0,510,15,14,0,0,1,False,0,
E2026,2,1,Q1,203,2FGA,Missed Two Pointer (0/3 -  0 pt),DUB,Dubai Basketball,P001133,"SHENGELIA, TORNIKE",23,9,01:20,80.0,520,15,14,0,0,1,False,0,
E2026,2,1,Q1,204,O,Off Rebound (1),DUB,Dubai Basketball,P012606,"WRIGHT IV, MCKINLEY",25,9,01:18,78.0,522,15,14,0,0,1,False,0,
E2026,2,1,Q1,205,2FGA,Missed Two Pointer (0/4 -  0 pt),DUB,Dubai Basketball,P001133,"SHENGELIA, TORNIKE",23,9,01:13,73.0,527,15,14,0,0,1,False,0,
E2026,2,1,Q1,206,D,Def Rebound (1),MAD,Real Madrid,P008384,"PROCIDA, GABRIELE",9,9,01:12,72.0,528,15,14,0,0,1,False,0,
E2026,2,1,Q1,207,2FGM,Two Pointer (1/1 -  2 pt),MAD,Real Madrid,P010393,"PRADILLA, JAIME",4,9,01:04,64.0,536,15,16,0,2,-1,True,0,
E2026,2,1,Q1,208,TOUT,Time Out (1),DUB,Dubai Basketball,,,,9,01:04,64.0,536,15,16,0,0,-1,False,0,
E2026,2,1,Q1,211,2FGA,Missed Two Pointer (0/1 -  3 pt),DUB,Dubai Basketball,P014731,"MINTZ, DAVION",6,10,00:46,46.0,554,15,16,0,0,-1,False,0,
E2026,2,1,Q1,212,O,Off Rebound (1),DUB,Dubai Basketball,P014731,"MINTZ, DAVION",6,10,00:44,44.0,556,15,16,0,0,-1,False,0,
E2026,2,1,Q1,213,3FGA,Missed Three Pointer (0/1 -  0 pt),DUB,Dubai Basketball,P001133,"SHENGELIA, TORNIKE",23,10,00:42,42.0,558,15,16,0,0,-1,False,0,
E2026,2,1,Q1,214,O,Off Rebound (2),DUB,Dubai Basketball,P001133,"SHENGELIA, TORNIKE",23,10,00:40,40.0,560,15,16,0,0,-1,False,0,
E2026,2,1,Q1,215,CM,Foul (1),MAD,Real Madrid,P005928,"CAMPAZZO, FACUNDO",7,10,00:33,33.0,567,15,16,0,0,-1,False,0,
E2026,2,1,Q1,216,RV,Foul Drawn (2),DUB,Dubai Basketball,P001133,"SHENGELIA, TORNIKE",23,10,00:33,33.0,567,15,16,0,0,-1,False,0,
E2026,2,1,Q1,217,FTM,Free Throw In (1/1 -  1 pt),DUB,Dubai Basketball,P001133,"SHENGELIA, TORNIKE",23,10,00:33,33.0,567,16,16,1,0,0,True,0,
E2026,2,1,Q1,218,FTM,Free Throw In (2/2 -  2 pt),DUB,Dubai Basketball,P001133,"SHENGELIA, TORNIKE",23,10,00:33,33.0,567,17,16,1,0,1,True,0,
E2026,2,1,Q1,219,3FGA,Missed Three Pointer (0/1 -  2 pt),MAD,Real Madrid,P012080,"LUWAWU-CABARROT, TIMOTHE",3,10,00:08,8.0,592,17,16,0,0,1,False,0,
E2026,2,1,Q1,220,D,Def Rebound (2),DUB,Dubai Basketball,P012796,"KABENGELE, MFIONDU",17,10,00:06,6.0,594,17,16,0,0,1,False,0,
E2026,2,1,Q1,221,3FGM,Three Pointer (1/2 -  5 pt),DUB,Dubai Basketball,P001133,"SHENGELIA, TORNIKE",23,10,00:01,1.0,599,20,16,3,0,4,True,0,
E2026,2,1,Q1,222,AS,Assist (1),DUB,Dubai Basketball,P012606,"WRIGHT IV, MCKINLEY",25,10,00:01,1.0,599,20,16,0,0,4,False,0,
E2026,2,1,Q1,224,EP,End Period,,,,,,11,,,660,20,16,0,0,4,False,0,
E2026,2,2,Q2,231,BP,Begin Period,,,,,,11,,,660,20,16,0,0,4,False,0,
E2026,2,2,Q2,225,OUT,Out,MAD,Real Madrid,P012080,"LUWAWU-CABARROT, TIMOTHE",3,11,10:00,600.0,600,20,16,0,0,4,False,0,
E2026,2,2,Q2,226,OUT,Out,MAD,Real Madrid,P010393,"PRADILLA, JAIME",4,11,10:00,600.0,600,20,16,0,0,4,False,0,
E2026,2,2,Q2,227,IN,In,MAD,Real Madrid,P012613,"JANTUNEN, MIKAEL",20,11,10:00,600.0,600,20,16,0,0,4,False,0,
E2026,2,2,Q2,228,IN,In,MAD,Real Madrid,P005791,"TAVARES, WALTER",22,11,10:00,600.0,600,20,16,0,0,4,False,0,
E2026,2,2,Q2,229,IN,In,MAD,Real Madrid,P011247,"FELIZ, ANDRES",24,11,10:00,600.0,600,20,16,0,0,4,False,0,
E2026,2,2,Q2,230,OUT,Out,MAD,Real Madrid,P006833,"SARR, OLIVIER",33,11,10:00,600.0,600,20,16,0,0,4,False,0,
E2026,2,2,Q2,232,3FGA,Missed Three Pointer (1/3 -  3 pt),DUB,Dubai Basketball,P014731,"MINTZ, DAVION",6,11,09:43,583.0,617,20,16,0,0,4,False,0,
E2026,2,2,Q2,233,D,Def Rebound (2),MAD,Real Madrid,P005791,"TAVARES, WALTER",22,11,09:41,581.0,619,20,16,0,0,4,False,0,
E2026,2,2,Q2,234,2FGM,Two Pointer (1/3 -  2 pt),MAD,Real Madrid,P011247,"FELIZ, ANDRES",24,11,09:31,571.0,629,20,18,0,2,2,True,0,
E2026,2,2,Q2,235,3FGA,Missed Three Pointer (0/1 -  0 pt),DUB,Dubai Basketball,P012796,"KABENGELE, MFIONDU",17,11,09:13,553.0,647,20,18,0,0,2,False,0,
E2026,2,2,Q2,236,O,Off Rebound (2),DUB,Dubai Basketball,,,,11,09:11,551.0,649,20,18,0,0,2,False,0,
E2026,2,2,Q2,237,OF,Offensive Foul (1),DUB,Dubai Basketball,P012606,"WRIGHT IV, MCKINLEY",25,11,09:07,547.0,653,20,18,0,0,2,False,0,
E2026,2,2,Q2,238,TO,Turnover (1),DUB,Dubai Basketball,P012606,"WRIGHT IV, MCKINLEY",25,11,09:07,547.0,653,20,18,0,0,2,False,0,
E2026,2,2,Q2,239,RV,Foul Drawn (2),MAD,Real Madrid,P005928,"CAMPAZZO, FACUNDO",7,11,09:07,547.0,653,20,18,0,0,2,False,0,
E2026,2,2,Q2,241,TO,Turnover (2),MAD,Real Madrid,P011247,"FELIZ, ANDRES",24,12,08:45,525.0,675,20,18,0,0,2,False,0,
E2026,2,2,Q2,242,ST,Steal (1),DUB,Dubai Basketball,P003458,"BERTANS, DAVIS",8,12,08:43,523.0,677,20,18,0,0,2,False,0,
E2026,2,2,Q2,243,3FGM,Three Pointer (1/2 -  3 pt),DUB,Dubai Basketball,P003458,"BERTANS, DAVIS",8,12,08:37,517.0,683,23,18,3,0,5,True,0,
E2026,2,2,Q2,244,AS,Assist (2),DUB,Dubai Basketball,P012796,"KABENGELE, MFIONDU",17,12,08:36,516.0,684,23,18,0,0,5,False,0,
E2026,2,2,Q2,245,2FGM,Two Pointer (2/3 -  4 pt),MAD,Real Madrid,P005791,"TAVARES, WALTER",22,12,08:25,505.0,695,23,20,0,2,3,True,0,
E2026,2,2,Q2,246,AS,Assist (1),MAD,Real Madrid,P011247,"FELIZ, ANDRES",24,12,08:24,504.0,696,23,20,0,0,3,False,0,
E2026,2,2,Q2,247,TO,Turnover (2),DUB,Dubai Basketball,P012606,"WRIGHT IV, MCKINLEY",25,12,08:03,483.0,717,23,20,0,0,3,False,0,
E2026,2,2,Q2,248,ST,Steal (1),MAD,Real Madrid,P005791,"TAVARES, WALTER",22,12,08:03,483.0,717,23,20,0,0,3,False,0,
E2026,2,2,Q2,249,CM,Foul (1),DUB,Dubai Basketball,P003458,"BERTANS, DAVIS",8,12,08:03,483.0,717,23,20,0,0,3,False,0,
E2026,2,2,Q2,250,RV,Foul Drawn (3),MAD,Real Madrid,P005928,"CAMPAZZO, FACUNDO",7,12,08:03,483.0,717,23,20,0,0,3,False,0,
E2026,2,2,Q2,251,IN,In,DUB,Dubai Basketball,P011212,"OKOBO, ELIE",0,12,08:03,483.0,717,23,20,0,0,3,False,0,
E2026,2,2,Q2,252,OUT,Out,DUB,Dubai Basketball,P014731,"MINTZ, DAVION",6,12,08:03,483.0,717,23,20,0,0,3,False,0,
E2026,2,2,Q2,253,IN,In,MAD,Real Madrid,P012080,"LUWAWU-CABARROT, TIMOTHE",3,12,08:03,483.0,717,23,20,0,0,3,False,0,
E2026,2,2,Q2,254,OUT,Out,MAD,Real Madrid,P005928,"CAMPAZZO, FACUNDO",7,12,08:03,483.0,717,23,20,0,0,3,False,0,
E2026,2,2,Q2,255,OUT,Out,MAD,Real Madrid,P008384,"PROCIDA, GABRIELE",9,12,08:03,483.0,717,23,20,0,0,3,False,0,
E2026,2,2,Q2,256,IN,In,MAD,Real Madrid,P007027,"MALEDON, THEO",12,12,08:03,483.0,717,23,20,0,0,3,False,0,
E2026,2,2,Q2,258,3FGM,Three Pointer (1/1 -  3 pt),MAD,Real Madrid,P012613,"JANTUNEN, MIKAEL",20,13,07:42,462.0,738,23,23,0,3,0,True,0,
E2026,2,2,Q2,259,AS,Assist (1),MAD,Real Madrid,P007027,"MALEDON, THEO",12,13,07:40,460.0,740,23,23,0,0,0,False,0,
E2026,2,2,Q2,260,3FGA,Missed Three Pointer (0/2 -  0 pt),DUB,Dubai Basketball,P012796,"KABENGELE, MFIONDU",17,13,07:28,448.0,752,23,23,0,0,0,False,0,
E2026,2,2,Q2,261,D,Def Rebound (2),MAD,Real Madrid,P011247,"FELIZ, ANDRES",24,13,07:26,446.0,754,23,23,0,0,0,False,0,
E2026,2,2,Q2,262,2FGA,Missed Two Pointer (2/4 -  4 pt),MAD,Real Madrid,P005791,"TAVARES, WALTER",22,13,07:20,440.0,760,23,23,0,0,0,False,0,
E2026,2,2,Q2,263,AG,Shot Rejected (1),MAD,Real Madrid,P005791,"TAVARES, WALTER",22,13,07:20,440.0,760,23,23,0,0,0,False,0,
E2026,2,2,Q2,264,FV,Block (2),DUB,Dubai Basketball,P012796,"KABENGELE, MFIONDU",17,13,07:18,438.0,762,23,23,0,0,0,False,0,
E2026,2,2,Q2,265,D,Def Rebound (1),DUB,Dubai Basketball,P001133,"SHENGELIA, TORNIKE",23,13,07:15,435.0,765,23,23,0,0,0,False,0,
E2026,2,2,Q2,266,TO,Turnover (1),DUB,Dubai Basketball,P001133,"SHENGELIA, TORNIKE",23,13,07:14,434.0,766,23,23,0,0,0,False,0,
E2026,2,2,Q2,267,ST,Steal (1),MAD,Real Madrid,P012080,"LUWAWU-CABARROT, TIMOTHE",3,13,07:12,432.0,768,23,23,0,0,0,False,0,
E2026,2,2,Q2,268,3FGA,Missed Three Pointer (0/1 -  2 pt),MAD,Real Madrid,P011247,"FELIZ, ANDRES",24,13,07:10,430.0,770,23,23,0,0,0,False,0,
E2026,2,2,Q2,269,D,Def Rebound (1),DUB,Dubai Basketball,P012606,"WRIGHT IV, MCKINLEY",25,13,07:08,428.0,772,23,23,0,0,0,False,0,
E2026,2,2,Q2,270,2FGM,Two Pointer (2/4 -  6 pt),DUB,Dubai Basketball,P012606,"WRIGHT IV, MCKINLEY",25,13,07:03,423.0,777,25,23,2,0,2,True,0,
E2026,2,2,Q2,272,2FGM,Two Pointer (3/3 -  7 pt),MAD,Real Madrid,P007027,"MALEDON, THEO",12,14,06:51,411.0,789,25,25,0,2,0,True,0,
E2026,2,2,Q2,273,2FGA,Missed Two Pointer (0/1 -  0 pt),DUB,Dubai Basketball,P012796,"KABENGELE, MFIONDU",17,14,06:34,394.0,806,25,25,0,0,0,False,0,
E2026,2,2,Q2,274,D,Def Rebound (1),MAD,Real Madrid,P012613,"JANTUNEN, MIKAEL",20,14,06:32,392.0,808,25,25,0,0,0,False,0,
E2026,2,2,Q2,275,2FGM,Two Pointer (1/2 -  4 pt),MAD,Real Madrid,P012080,"LUWAWU-CABARROT, TIMOTHE",3,14,06:25,385.0,815,25,27,0,2,-2,True,0,
E2026,2,2,Q2,387,AS,Assist (2),MAD,Real Madrid,P011247,"FELIZ, ANDRES",24,14,06:25,385.0,815,25,27,0,0,-2,False,0,
E2026,2,2,Q2,276,2FGA,Missed Two Pointer (0/1 -  0 pt),DUB,Dubai Basketball,P011212,"OKOBO, ELIE",0,14,06:08,368.0,832,25,27,0,0,-2,False,0,
E2026,2,2,Q2,277,O,Off Rebound (3),DUB,Dubai Basketball,P001133,"SHENGELIA, TORNIKE",23,14,06:04,364.0,836,25,27,0,0,-2,False,0,
E2026,2,2,Q2,279,2FGA,Missed Two Pointer (0/2 -  0 pt),DUB,Dubai Basketball,P012796,"KABENGELE, MFIONDU",17,15,05:56,356.0,844,25,27,0,0,-2,False,0,
E2026,2,2,Q2,280,AG,Shot Rejected (1),DUB,Dubai Basketball,P012796,"KABENGELE, MFIONDU",17,15,05:56,356.0,844,25,27,0,0,-2,False,0,
E2026,2,2,Q2,281,FV,Block (1),MAD,Real Madrid,P005791,"TAVARES, WALTER",22,15,05:53,353.0,847,25,27,0,0,-2,False,0,
E2026,2,2,Q2,282,D,Def Rebound (3),MAD,Real Madrid,P011247,"FELIZ, ANDRES",24,15,05:52,352.0,848,25,27,0,0,-2,False,0,
E2026,2,2,Q2,283,3FGM,Three Pointer (2/2 -  6 pt),MAD,Real Madrid,P012613,"JANTUNEN, MIKAEL",20,15,05:52,352.0,848,25,30,0,3,-5,True,0,
E2026,2,2,Q2,284,AS,Assist (3),MAD,Real Madrid,P011247,"FELIZ, ANDRES",24,15,05:52,352.0,848,25,30,0,0,-5,False,0,
E2026,2,2,Q2,285,TOUT,Time Out (1),DUB,Dubai Basketball,,,,15,05:52,352.0,848,25,30,0,0,-5,False,0,
E2026,2,2,Q2,286,TOUT_TV,TV Time Out (2),,,,,,15,05:52,352.0,848,25,30,0,0,-5,False,0,
E2026,2,2,Q2,287,IN,In,DUB,Dubai Basketball,P011286,"BACON, DWAYNE",3,15,05:52,352.0,848,25,30,0,0,-5,False,0,
E2026,2,2,Q2,288,IN,In,DUB,Dubai Basketball,P011231,"BLOSSOMGAME, JARON",4,15,05:52,352.0,848,25,30,0,0,-5,False,0,
E2026,2,2,Q2,289,OUT,Out,DUB,Dubai Basketball,P003458,"BERTANS, DAVIS",8,15,05:52,352.0,848,25,30,0,0,-5,False,0,
E2026,2,2,Q2,290,OUT,Out,DUB,Dubai Basketball,P012796,"KABENGELE, MFIONDU",17,15,05:52,352.0,848,25,30,0,0,-5,False,0,
E2026,2,2,Q2,291,IN,In,DUB,Dubai Basketball,P014027,"DIAKITE, MAMADI",21,15,05:52,352.0,848,25,30,0,0,-5,False,0,
E2026,2,2,Q2,292,OUT,Out,DUB,Dubai Basketball,P001133,"SHENGELIA, TORNIKE",23,15,05:52,352.0,848,25,30,0,0,-5,False,0,
E2026,2,2,Q2,293,IN,In,MAD,Real Madrid,P010393,"PRADILLA, JAIME",4,15,05:52,352.0,848,25,30,0,0,-5,False,0,
E2026,2,2,Q2,294,IN,In,MAD,Real Madrid,P003733,"ABALDE, ALBERTO",6,15,05:52,352.0,848,25,30,0,0,-5,False,0,
E2026,2,2,Q2,295,OUT,Out,MAD,Real Madrid,P012613,"JANTUNEN, MIKAEL",20,15,05:52,352.0,848,25,30,0,0,-5,False,0,
E2026,2,2,Q2,296,OUT,Out,MAD,Real Madrid,P005791,"TAVARES, WALTER",22,15,05:52,352.0,848,25,30,0,0,-5,False,0,
E2026,2,2,Q2,297,OUT,Out,MAD,Real Madrid,P011247,"FELIZ, ANDRES",24,15,05:52,352.0,848,25,30,0,0,-5,False,0,
E2026,2,2,Q2,298,IN,In,MAD,Real Madrid,P015103,"JONES, DAMIAN",30,15,05:52,352.0,848,25,30,0,0,-5,False,0,
E2026,2,2,Q2,299,2FGM,Two Pointer (3/5 -  8 pt),DUB,Dubai Basketball,P012606,"WRIGHT IV, MCKINLEY",25,15,05:41,341.0,859,27,30,2,0,-3,True,0,
E2026,2,2,Q2,300,3FGA,Missed Three Pointer (0/1 -  7 pt),MAD,Real Madrid,P007027,"MALEDON, THEO",12,15,05:31,331.0,869,27,30,0,0,-3,False,0,
E2026,2,2,Q2,301,D,Def Rebound (3),DUB,Dubai Basketball,P011286,"BACON, DWAYNE",3,15,05:29,329.0,871,27,30,0,0,-3,False,0,
E2026,2,2,Q2,302,3FGM,Three Pointer (1/1 -  3 pt),DUB,Dubai Basketball,P014027,"DIAKITE, MAMADI",21,15,05:20,320.0,880,30,30,3,0,0,True,0,
E2026,2,2,Q2,303,AS,Assist (2),DUB,Dubai Basketball,P011286,"BACON, DWAYNE",3,15,05:18,318.0,882,30,30,0,0,0,False,0,
E2026,2,2,Q2,304,2FGA,Missed Two Pointer (0/1 -  0 pt),MAD,Real Madrid,P015103,"JONES, DAMIAN",30,15,05:06,306.0,894,30,30,0,0,0,False,0,
E2026,2,2,Q2,305,D,Def Rebound (1),DUB,Dubai Basketball,P014027,"DIAKITE, MAMADI",21,15,05:04,304.0,896,30,30,0,0,0,False,0,
E2026,2,2,Q2,307,2FGM,Two Pointer (4/5 -  10 pt),DUB,Dubai Basketball,P011286,"BACON, DWAYNE",3,16,04:54,294.0,906,32,30,2,0,2,True,0,
E2026,2,2,Q2,308,TOUT,Time Out (1),MAD,Real Madrid,,,,16,04:54,294.0,906,32,30,0,0,2,False,0,
E2026,2,2,Q2,309,2FGM,Two Pointer (2/3 -  6 pt),MAD,Real Madrid,P012080,"LUWAWU-CABARROT, TIMOTHE",3,16,04:35,275.0,925,32,32,0,2,0,True,0,
E2026,2,2,Q2,310,CM,Foul (1),MAD,Real Madrid,P015103,"JONES, DAMIAN",30,16,04:14,254.0,946,32,32,0,0,0,False,0,
E2026,2,2,Q2,311,RV,Foul Drawn (2),DUB,Dubai Basketball,P011286,"BACON, DWAYNE",3,16,04:14,254.0,946,32,32,0,0,0,False,0,
E2026,2,2,Q2,312,CCH,Coach Challenge (1),DUB,Dubai Basketball,,,,16,04:14,254.0,946,32,32,0,0,0,False,0,
E2026,2,2,Q2,313,FTA,Missed Free Throw (2/3 -  10 pt),DUB,Dubai Basketball,P011286,"BACON, DWAYNE",3,16,04:14,254.0,946,32,32,0,0,0,False,0,
E2026,2,2,Q2,314,FTM,Free Throw In (3/4 -  11 pt),DUB,Dubai Basketball,P011286,"BACON, DWAYNE",3,16,04:14,254.0,946,33,32,1,0,1,True,0,
E2026,2,2,Q2,386,2FGA,Missed Two Pointer (2/4 -  6 pt),MAD,Real Madrid,P012080,"LUWAWU-CABARROT, TIMOTHE",3,17,03:46,226.0,974,33,32,0,0,1,False,0,
E2026,2,2,Q2,317,O,Off Rebound (1),MAD,Real Madrid,P015103,"JONES, DAMIAN",30,17,03:46,226.0,974,33,32,0,0,1,False,0,
E2026,2,2,Q2,318,3FGM,Three Pointer (1/2 -  9 pt),MAD,Real Madrid,P012080,"LUWAWU-CABARROT, TIMOTHE",3,17,03:44,224.0,976,33,35,0,3,-2,True,0,
E2026,2,2,Q2,319,AS,Assist (2),MAD,Real Madrid,P007027,"MALEDON, THEO",12,17,03:42,222.0,978,33,35,0,0,-2,False,0,
E2026,2,2,Q2,320,3FGA,Missed Three Pointer (0/1 -  11 pt),DUB,Dubai Basketball,P011286,"BACON, DWAYNE",3,17,03:28,208.0,992,33,35,0,0,-2,False,0,
E2026,2,2,Q2,321,D,Def Rebound (1),MAD,Real Madrid,P007027,"MALEDON, THEO",12,17,03:26,206.0,994,33,35,0,0,-2,False,0,
E2026,2,2,Q2,322,2FGA,Missed Two Pointer (3/4 -  7 pt),MAD,Real Madrid,P007027,"MALEDON, THEO",12,17,03:22,202.0,998,33,35,0,0,-2,False,0,
E2026,2,2,Q2,323,AG,Shot Rejected (1),MAD,Real Madrid,P007027,"MALEDON, THEO",12,17,03:22,202.0,998,33,35,0,0,-2,False,0,
E2026,2,2,Q2,324,FV,Block (1),DUB,Dubai Basketball,P011231,"BLOSSOMGAME, JARON",4,17,03:22,202.0,998,33,35,0,0,-2,False,0,
E2026,2,2,Q2,325,O,Off Rebound (3),MAD,Real Madrid,,,,17,03:22,202.0,998,33,35,0,0,-2,False,0,
E2026,2,2,Q2,326,OUT,Out,MAD,Real Madrid,P012080,"LUWAWU-CABARROT, TIMOTHE",3,17,03:22,202.0,998,33,35,0,0,-2,False,0,
E2026,2,2,Q2,327,IN,In,MAD,Real Madrid,P009005,"DECK, GABRIEL",14,17,03:22,202.0,998,33,35,0,0,-2,False,0,
E2026,2,2,Q2,328,IN,In,MAD,Real Madrid,P005791,"TAVARES, WALTER",22,17,03:22,202.0,998,33,35,0,0,-2,False,0,
E2026,2,2,Q2,329,OUT,Out,MAD,Real Madrid,P015103,"JONES, DAMIAN",30,17,03:22,202.0,998,33,35,0,0,-2,False,0,
E2026,2,2,Q2,330,OF,Offensive Foul (1),MAD,Real Madrid,P005791,"TAVARES, WALTER",22,17,03:22,202.0,998,33,35,0,0,-2,False,0,
E2026,2,2,Q2,331,TO,Turnover (1),MAD,Real Madrid,P005791,"TAVARES, WALTER",22,17,03:22,202.0,998,33,35,0,0,-2,False,0,
E2026,2,2,Q2,332,RV,Foul Drawn (1),DUB,Dubai Basketball,P011231,"BLOSSOMGAME, JARON",4,17,03:22,202.0,998,33,35,0,0,-2,False,0,
E2026,2,2,Q2,333,TO,Turnover (3),DUB,Dubai Basketball,P012606,"WRIGHT IV, MCKINLEY",25,17,03:16,196.0,1004,33,35,0,0,-2,False,0,
E2026,2,2,Q2,334,ST,Steal (1),MAD,Real Madrid,P007027,"MALEDON, THEO",12,17,03:16,196.0,1004,33,35,0,0,-2,False,0,
E2026,2,2,Q2,335,2FGM,Two Pointer (4/5 -  9 pt),MAD,Real Madrid,P007027,"MALEDON, THEO",12,17,03:16,196.0,1004,33,37,0,2,-4,True,0,
E2026,2,2,Q2,336,CM,Foul (2),DUB,Dubai Basketball,P012606,"WRIGHT IV, MCKINLEY",25,17,03:16,196.0,1004,33,37,0,0,-4,False,0,
E2026,2,2,Q2,337,RV,Foul Drawn (2),MAD,Real Madrid,P007027,"MALEDON, THEO",12,17,03:16,196.0,1004,33,37,0,0,-4,False,0,
E2026,2,2,Q2,338,FTM,Free Throw In (2/3 -  10 pt),MAD,Real Madrid,P007027,"MALEDON, THEO",12,17,03:16,196.0,1004,33,38,0,1,-5,True,0,
E2026,2,2,Q2,339,OUT,Out,DUB,Dubai Basketball,P012606,"WRIGHT IV, MCKINLEY",25,17,03:16,196.0,1004,33,38,0,0,-5,False,0,
E2026,2,2,Q2,340,IN,In,DUB,Dubai Basketball,P008855,"WALKUP, THOMAS",44,17,03:16,196.0,1004,33,38,0,0,-5,False,0,
E2026,2,2,Q2,341,CM,Foul (1),MAD,Real Madrid,P003733,"ABALDE, ALBERTO",6,17,03:07,187.0,1013,33,38,0,0,-5,False,0,
E2026,2,2,Q2,342,RV,Foul Drawn (1),DUB,Dubai Basketball,P011212,"OKOBO, ELIE",0,17,03:07,187.0,1013,33,38,0,0,-5,False,0,
E2026,2,2,Q2,344,2FGA,Missed Two Pointer (0/2 -  0 pt),DUB,Dubai Basketball,P011212,"OKOBO, ELIE",0,18,02:50,170.0,1030,33,38,0,0,-5,False,0,
E2026,2,2,Q2,345,D,Def Rebound (2),MAD,Real Madrid,P007027,"MALEDON, THEO",12,18,02:48,168.0,1032,33,38,0,0,-5,False,0,
E2026,2,2,Q2,346,2FGM,Two Pointer (3/5 -  6 pt),MAD,Real Madrid,P005791,"TAVARES, WALTER",22,18,02:44,164.0,1036,33,40,0,2,-7,True,0,
E2026,2,2,Q2,347,AS,Assist (3),MAD,Real Madrid,P007027,"MALEDON, THEO",12,18,02:42,162.0,1038,33,40,0,0,-7,False,0,
E2026,2,2,Q2,348,TO,Turnover (2),DUB,Dubai Basketball,P008855,"WALKUP, THOMAS",44,18,02:26,146.0,1054,33,40,0,0,-7,False,0,
E2026,2,2,Q2,349,OUT,Out,MAD,Real Madrid,P010393,"PRADILLA, JAIME",4,18,02:26,146.0,1054,33,40,0,0,-7,False,0,
E2026,2,2,Q2,350,IN,In,MAD,Real Madrid,P005928,"CAMPAZZO, FACUNDO",7,18,02:26,146.0,1054,33,40,0,0,-7,False,0,
E2026,2,2,Q2,351,OUT,Out,MAD,Real Madrid,P007027,"MALEDON, THEO",12,18,02:26,146.0,1054,33,40,0,0,-7,False,0,
E2026,2,2,Q2,352,IN,In,MAD,Real Madrid,P012613,"JANTUNEN, MIKAEL",20,18,02:26,146.0,1054,33,40,0,0,-7,False,0,
E2026,2,2,Q2,353,3FGM,Three Pointer (1/2 -  3 pt),MAD,Real Madrid,P003733,"ABALDE, ALBERTO",6,18,02:04,124.0,1076,33,43,0,3,-10,True,0,
E2026,2,2,Q2,355,3FGA,Missed Three Pointer (0/1 -  0 pt),DUB,Dubai Basketball,P008855,"WALKUP, THOMAS",44,19,01:36,96.0,1104,33,43,0,0,-10,False,0,
E2026,2,2,Q2,356,O,Off Rebound (4),DUB,Dubai Basketball,,,,19,01:36,96.0,1104,33,43,0,0,-10,False,0,
E2026,2,2,Q2,357,CM,Foul (2),MAD,Real Madrid,P005791,"TAVARES, WALTER",22,19,01:36,96.0,1104,33,43,0,0,-10,False,0,
E2026,2,2,Q2,358,RV,Foul Drawn (1),DUB,Dubai Basketball,P014027,"DIAKITE, MAMADI",21,19,01:36,96.0,1104,33,43,0,0,-10,False,0,
E2026,2,2,Q2,359,OUT,Out,MAD,Real Madrid,P005791,"TAVARES, WALTER",22,19,01:36,96.0,1104,33,43,0,0,-10,False,0,
E2026,2,2,Q2,360,IN,In,MAD,Real Madrid,P006833,"SARR, OLIVIER",33,19,01:36,96.0,1104,33,43,0,0,-10,False,0,
E2026,2,2,Q2,361,3FGA,Missed Three Pointer (0/2 -  0 pt),DUB,Dubai Basketball,P008855,"WALKUP, THOMAS",44,19,01:20,80.0,1120,33,43,0,0,-10,False,0,
E2026,2,2,Q2,362,O,Off Rebound (1),DUB,Dubai Basketball,P011231,"BLOSSOMGAME, JARON",4,19,01:15,75.0,1125,33,43,0,0,-10,False,0,
E2026,2,2,Q2,363,2FGA,Missed Two Pointer (0/1 -  3 pt),DUB,Dubai Basketball,P014027,"DIAKITE, MAMADI",21,19,01:05,65.0,1135,33,43,0,0,-10,False,0,
E2026,2,2,Q2,364,D,Def Rebound (1),MAD,Real Madrid,P006833,"SARR, OLIVIER",33,19,01:04,64.0,1136,33,43,0,0,-10,False,0,
E2026,2,2,Q2,366,3FGA,Missed Three Pointer (0/3 -  2 pt),MAD,Real Madrid,P005928,"CAMPAZZO, FACUNDO",7,20,00:49,49.0,1151,33,43,0,0,-10,False,0,
E2026,2,2,Q2,367,O,Off Rebound (1),MAD,Real Madrid,P006833,"SARR, OLIVIER",33,20,00:48,48.0,1152,33,43,0,0,-10,False,0,
E2026,2,2,Q2,368,CM,Foul (1),DUB,Dubai Basketball,P011286,"BACON, DWAYNE",3,20,00:48,48.0,1152,33,43,0,0,-10,False,0,
E2026,2,2,Q2,369,RV,Foul Drawn (2),MAD,Real Madrid,P006833,"SARR, OLIVIER",33,20,00:48,48.0,1152,33,43,0,0,-10,False,0,
E2026,2,2,Q2,370,OUT,Out,MAD,Real Madrid,P003733,"ABALDE, ALBERTO",6,20,00:48,48.0,1152,33,43,0,0,-10,False,0,
E2026,2,2,Q2,371,IN,In,MAD,Real Madrid,P011247,"FELIZ, ANDRES",24,20,00:48,48.0,1152,33,43,0,0,-10,False,0,
E2026,2,2,Q2,372,FTA,Missed Free Throw (1/2 -  3 pt),MAD,Real Madrid,P006833,"SARR, OLIVIER",33,20,00:48,48.0,1152,33,43,0,0,-10,False,0,
E2026,2,2,Q2,373,FTM,Free Throw In (2/3 -  4 pt),MAD,Real Madrid,P006833,"SARR, OLIVIER",33,20,00:48,48.0,1152,33,44,0,1,-11,True,0,
E2026,2,2,Q2,374,CM,Foul (1),MAD,Real Madrid,P011247,"FELIZ, ANDRES",24,20,00:30,30.0,1170,33,44,0,0,-11,False,0,
E2026,2,2,Q2,375,RV,Foul Drawn (3),DUB,Dubai Basketball,P011286,"BACON, DWAYNE",3,20,00:30,30.0,1170,33,44,0,0,-11,False,0,
E2026,2,2,Q2,376,IN,In,DUB,Dubai Basketball,P012796,"KABENGELE, MFIONDU",17,20,00:30,30.0,1170,33,44,0,0,-11,False,0,
E2026,2,2,Q2,377,OUT,Out,DUB,Dubai Basketball,P014027,"DIAKITE, MAMADI",21,20,00:30,30.0,1170,33,44,0,0,-11,False,0,
E2026,2,2,Q2,378,FTM,Free Throw In (4/5 -  12 pt),DUB,Dubai Basketball,P011286,"BACON, DWAYNE",3,20,00:30,30.0,1170,34,44,1,0,-10,True,0,
E2026,2,2,Q2,379,FTM,Free Throw In (5/6 -  13 pt),DUB,Dubai Basketball,P011286,"BACON, DWAYNE",3,20,00:30,30.0,1170,35,44,1,0,-9,True,0,
E2026,2,2,Q2,380,3FGA,Missed Three Pointer (2/3 -  6 pt),MAD,Real Madrid,P012613,"JANTUNEN, MIKAEL",20,20,00:08,8.0,1192,35,44,0,0,-9,False,0,
E2026,2,2,Q2,381,D,Def Rebound (2),DUB,Dubai Basketball,P011212,"OKOBO, ELIE",0,20,00:07,7.0,1193,35,44,0,0,-9,False,0,
E2026,2,2,Q2,382,3FGM,Three Pointer (1/3 -  3 pt),DUB,Dubai Basketball,P012796,"KABENGELE, MFIONDU",17,20,00:02,2.0,1198,38,44,3,0,-6,True,0,
E2026,2,2,Q2,383,AS,Assist (1),DUB,Dubai Basketball,P011212,"OKOBO, ELIE",0,20,00:01,1.0,1199,38,44,0,0,-6,False,0,
E2026,2,2,Q2,385,EP,End Period,,,,,,21,,,1260,38,44,0,0,-6,False,0,
E2026,2,3,Q3,398,BP,Begin Period,,,,,,21,,,1260,38,44,0,0,-6,False,0,
E2026,2,3,Q3,388,OUT,Out,DUB,Dubai Basketball,P011231,"BLOSSOMGAME, JARON",4,21,10:00,600.0,1200,38,44,0,0,-6,False,0,
E2026,2,3,Q3,389,IN,In,DUB,Dubai Basketball,P012606,"WRIGHT IV, MCKINLEY",25,21,10:00,600.0,1200,38,44,0,0,-6,False,0,
E2026,2,3,Q3,390,IN,In,DUB,Dubai Basketball,P011194,"PETRUSEV, FILIP",30,21,10:00,600.0,1200,38,44,0,0,-6,False,0,
E2026,2,3,Q3,391,OUT,Out,DUB,Dubai Basketball,P008855,"WALKUP, THOMAS",44,21,10:00,600.0,1200,38,44,0,0,-6,False,0,
E2026,2,3,Q3,392,IN,In,MAD,Real Madrid,P012080,"LUWAWU-CABARROT, TIMOTHE",3,21,10:00,600.0,1200,38,44,0,0,-6,False,0,
E2026,2,3,Q3,393,IN,In,MAD,Real Madrid,P003733,"ABALDE, ALBERTO",6,21,10:00,600.0,1200,38,44,0,0,-6,False,0,
E2026,2,3,Q3,394,OUT,Out,MAD,Real Madrid,P009005,"DECK, GABRIEL",14,21,10:00,600.0,1200,38,44,0,0,-6,False,0,
E2026,2,3,Q3,395,IN,In,MAD,Real Madrid,P005791,"TAVARES, WALTER",22,21,10:00,600.0,1200,38,44,0,0,-6,False,0,
E2026,2,3,Q3,396,OUT,Out,MAD,Real Madrid,P011247,"FELIZ, ANDRES",24,21,10:00,600.0,1200,38,44,0,0,-6,False,0,
E2026,2,3,Q3,397,OUT,Out,MAD,Real Madrid,P006833,"SARR, OLIVIER",33,21,10:00,600.0,1200,38,44,0,0,-6,False,0,
E2026,2,3,Q3,399,2FGM,Two Pointer (1/3 -  2 pt),DUB,Dubai Basketball,P011212,"OKOBO, ELIE",0,21,09:34,574.0,1226,40,44,2,0,-4,True,0,
E2026,2,3,Q3,417,AS,Assist (2),DUB,Dubai Basketball,P012606,"WRIGHT IV, MCKINLEY",25,21,09:34,574.0,1226,40,44,0,0,-4,False,0,
E2026,2,3,Q3,400,2FGA,Missed Two Pointer (0/1 -  3 pt),MAD,Real Madrid,P003733,"ABALDE, ALBERTO",6,21,09:08,548.0,1252,40,44,0,0,-4,False,0,
E2026,2,3,Q3,401,D,Def Rebound (2),DUB,Dubai Basketball,P012606,"WRIGHT IV, MCKINLEY",25,21,09:05,545.0,1255,40,44,0,0,-4,False,0,
E2026,2,3,Q3,403,2FGM,Two Pointer (2/4 -  4 pt),DUB,Dubai Basketball,P011212,"OKOBO, ELIE",0,22,08:54,534.0,1266,42,44,2,0,-2,True,0,
E2026,2,3,Q3,404,OF,Offensive Foul (3),MAD,Real Madrid,P005791,"TAVARES, WALTER",22,22,08:36,516.0,1284,42,44,0,0,-2,False,0,
E2026,2,3,Q3,405,TO,Turnover (2),MAD,Real Madrid,P005791,"TAVARES, WALTER",22,22,08:36,516.0,1284,42,44,0,0,-2,False,0,
E2026,2,3,Q3,406,RV,Foul Drawn (1),DUB,Dubai Basketball,P012796,"KABENGELE, MFIONDU",17,22,08:36,516.0,1284,42,44,0,0,-2,False,0,
E2026,2,3,Q3,407,OUT,Out,MAD,Real Madrid,P005928,"CAMPAZZO, FACUNDO",7,22,08:36,516.0,1284,42,44,0,0,-2,False,0,
E2026,2,3,Q3,408,IN,In,MAD,Real Madrid,P007027,"MALEDON, THEO",12,22,08:36,516.0,1284,42,44,0,0,-2,False,0,
E2026,2,3,Q3,409,2FGM,Two Pointer (3/5 -  6 pt),DUB,Dubai Basketball,P011212,"OKOBO, ELIE",0,22,08:21,501.0,1299,44,44,2,0,0,True,0,
E2026,2,3,Q3,410,2FGA,Missed Two Pointer (4/6 -  10 pt),MAD,Real Madrid,P007027,"MALEDON, THEO",12,22,08:11,491.0,1309,44,44,0,0,0,False,0,
E2026,2,3,Q3,411,D,Def Rebound (3),DUB,Dubai Basketball,P012796,"KABENGELE, MFIONDU",17,22,08:09,489.0,1311,44,44,0,0,0,False,0,
E2026,2,3,Q3,413,2FGA,Missed Two Pointer (0/3 -  3 pt),DUB,Dubai Basketball,P012796,"KABENGELE, MFIONDU",17,23,07:55,475.0,1325,44,44,0,0,0,False,0,
E2026,2,3,Q3,414,O,Off Rebound (5),DUB,Dubai Basketball,,,,23,07:55,475.0,1325,44,44,0,0,0,False,0,
E2026,2,3,Q3,415,CM,Foul (1),MAD,Real Madrid,P012613,"JANTUNEN, MIKAEL",20,23,07:55,475.0,1325,44,44,0,0,0,False,0,
E2026,2,3,Q3,416,RV,Foul Drawn (1),DUB,Dubai Basketball,P011194,"PETRUSEV, FILIP",30,23,07:55,475.0,1325,44,44,0,0,0,False,0,
E2026,2,3,Q3,418,2FGM,Two Pointer (5/6 -  15 pt),DUB,Dubai Basketball,P011286,"BACON, DWAYNE",3,23,07:50,470.0,1330,46,44,2,0,2,True,0,
E2026,2,3,Q3,419,AS,Assist (3),DUB,Dubai Basketball,P012796,"KABENGELE, MFIONDU",17,23,07:50,470.0,1330,46,44,0,0,2,False,0,
E2026,2,3,Q3,420,CM,Foul (2),MAD,Real Madrid,P012080,"LUWAWU-CABARROT, TIMOTHE",3,23,07:50,470.0,1330,46,44,0,0,2,False,0,
E2026,2,3,Q3,421,RV,Foul Drawn (4),DUB,Dubai Basketball,P011286,"BACON, DWAYNE",3,23,07:50,470.0,1330,46,44,0,0,2,False,0,
E2026,2,3,Q3,422,OUT,Out,MAD,Real Madrid,P005791,"TAVARES, WALTER",22,23,07:50,470.0,1330,46,44,0,0,2,False,0,
E2026,2,3,Q3,423,IN,In,MAD,Real Madrid,P015103,"JONES, DAMIAN",30,23,07:50,470.0,1330,46,44,0,0,2,False,0,
E2026,2,3,Q3,424,FTM,Free Throw In (6/7 -  16 pt),DUB,Dubai Basketball,P011286,"BACON, DWAYNE",3,23,07:50,470.0,1330,47,44,1,0,3,True,0,
E2026,2,3,Q3,425,2FGM,Two Pointer (3/5 -  11 pt),MAD,Real Madrid,P012080,"LUWAWU-CABARROT, TIMOTHE",3,23,07:31,451.0,1349,47,46,0,2,1,True,0,
E2026,2,3,Q3,426,CM,Foul (2),MAD,Real Madrid,P007027,"MALEDON, THEO",12,23,07:20,440.0,1360,47,46,0,0,1,False,0,
E2026,2,3,Q3,427,RV,Foul Drawn (2),DUB,Dubai Basketball,P012606,"WRIGHT IV, MCKINLEY",25,23,07:20,440.0,1360,47,46,0,0,1,False,0,
E2026,2,3,Q3,428,FTA,Missed Free Throw (2/4 -  8 pt),DUB,Dubai Basketball,P012606,"WRIGHT IV, MCKINLEY",25,23,07:20,440.0,1360,47,46,0,0,1,False,0,
E2026,2,3,Q3,429,FTM,Free Throw In (3/5 -  9 pt),DUB,Dubai Basketball,P012606,"WRIGHT IV, MCKINLEY",25,23,07:20,440.0,1360,48,46,1,0,2,True,0,
E2026,2,3,Q3,430,2FGM,Two Pointer (1/2 -  2 pt),MAD,Real Madrid,P015103,"JONES, DAMIAN",30,23,07:02,422.0,1378,48,48,0,2,0,True,0,
E2026,2,3,Q3,431,AS,Assist (4),MAD,Real Madrid,P007027,"MALEDON, THEO",12,23,07:00,420.0,1380,48,48,0,0,0,False,0,
E2026,2,3,Q3,433,3FGA,Missed Three Pointer (0/2 -  16 pt),DUB,Dubai Basketball,P011286,"BACON, DWAYNE",3,24,06:41,401.0,1399,48,48,0,0,0,False,0,
E2026,2,3,Q3,434,D,Def Rebound (1),MAD,Real Madrid,P015103,"JONES, DAMIAN",30,24,06:39,399.0,1401,48,48,0,0,0,False,0,
E2026,2,3,Q3,435,2FGA,Missed Two Pointer (1/3 -  2 pt),MAD,Real Madrid,P015103,"JONES, DAMIAN",30,24,06:20,380.0,1420,48,48,0,0,0,False,0,
E2026,2,3,Q3,436,D,Def Rebound (4),DUB,Dubai Basketball,P012796,"KABENGELE, MFIONDU",17,24,06:17,377.0,1423,48,48,0,0,0,False,0,
E2026,2,3,Q3,437,TO,Turnover (2),DUB,Dubai Basketball,P012796,"KABENGELE, MFIONDU",17,24,06:04,364.0,1436,48,48,0,0,0,False,0,
E2026,2,3,Q3,438,OUT,Out,MAD,Real Madrid,P012080,"LUWAWU-CABARROT, TIMOTHE",3,24,06:04,364.0,1436,48,48,0,0,0,False,0,
E2026,2,3,Q3,439,IN,In,MAD,Real Madrid,P010393,"PRADILLA, JAIME",4,24,06:04,364.0,1436,48,48,0,0,0,False,0,
E2026,2,3,Q3,440,OUT,Out,MAD,Real Madrid,P003733,"ABALDE, ALBERTO",6,24,06:04,364.0,1436,48,48,0,0,0,False,0,
E2026,2,3,Q3,441,IN,In,MAD,Real Madrid,P009005,"DECK, GABRIEL",14,24,06:04,364.0,1436,48,48,0,0,0,False,0,
E2026,2,3,Q3,442,OUT,Out,MAD,Real Madrid,P012613,"JANTUNEN, MIKAEL",20,24,06:04,364.0,1436,48,48,0,0,0,False,0,
E2026,2,3,Q3,443,IN,In,MAD,Real Madrid,P011247,"FELIZ, ANDRES",24,24,06:04,364.0,1436,48,48,0,0,0,False,0,
E2026,2,3,Q3,445,3FGA,Missed Three Pointer (0/1 -  0 pt),MAD,Real Madrid,P009005,"DECK, GABRIEL",14,25,05:47,347.0,1453,48,48,0,0,0,False,0,
E2026,2,3,Q3,446,D,Def Rebound (5),DUB,Dubai Basketball,P012796,"KABENGELE, MFIONDU",17,25,05:45,345.0,1455,48,48,0,0,0,False,0,
E2026,2,3,Q3,447,3FGM,Three Pointer (2/4 -  6 pt),DUB,Dubai Basketball,P012796,"KABENGELE, MFIONDU",17,25,05:34,334.0,1466,51,48,3,0,3,True,0,
E2026,2,3,Q3,448,3FGA,Missed Three Pointer (0/2 -  0 pt),MAD,Real Madrid,P009005,"DECK, GABRIEL",14,25,05:14,314.0,1486,51,48,0,0,3,False,0,
E2026,2,3,Q3,449,D,Def Rebound (3),DUB,Dubai Basketball,P011194,"PETRUSEV, FILIP",30,25,05:11,311.0,1489,51,48,0,0,3,False,0,
E2026,2,3,Q3,451,2FGA,Missed Two Pointer (0/2 -  0 pt),DUB,Dubai Basketball,P011194,"PETRUSEV, FILIP",30,26,04:50,290.0,1510,51,48,0,0,3,False,0,
E2026,2,3,Q3,452,O,Off Rebound (1),DUB,Dubai Basketball,P011194,"PETRUSEV, FILIP",30,26,04:47,287.0,1513,51,48,0,0,3,False,0,
E2026,2,3,Q3,460,AG,Shot Rejected (1),DUB,Dubai Basketball,P011194,"PETRUSEV, FILIP",30,26,04:47,287.0,1513,51,48,0,0,3,False,0,
E2026,2,3,Q3,459,2FGA,Missed Two Pointer (0/3 -  0 pt),DUB,Dubai Basketball,P011194,"PETRUSEV, FILIP",30,26,04:47,287.0,1513,51,48,0,0,3,False,0,
E2026,2,3,Q3,461,FV,Block (1),MAD,Real Madrid,P015103,"JONES, DAMIAN",30,26,04:47,287.0,1513,51,48,0,0,3,False,0,
E2026,2,3,Q3,454,D,Def Rebound (3),MAD,Real Madrid,P007027,"MALEDON, THEO",12,26,04:43,283.0,1517,51,48,0,0,3,False,0,
E2026,2,3,Q3,455,CM,Foul (2),DUB,Dubai Basketball,P011212,"OKOBO, ELIE",0,26,04:41,281.0,1519,51,48,0,0,3,False,0,
E2026,2,3,Q3,456,RV,Foul Drawn (3),MAD,Real Madrid,P007027,"MALEDON, THEO",12,26,04:41,281.0,1519,51,48,0,0,3,False,0,
E2026,2,3,Q3,462,TOUT_TV,TV Time Out (3),,,,,,26,04:41,281.0,1519,51,48,0,0,3,False,0,
E2026,2,3,Q3,463,OUT,Out,DUB,Dubai Basketball,P012796,"KABENGELE, MFIONDU",17,26,04:41,281.0,1519,51,48,0,0,3,False,0,
E2026,2,3,Q3,464,IN,In,DUB,Dubai Basketball,P014027,"DIAKITE, MAMADI",21,26,04:41,281.0,1519,51,48,0,0,3,False,0,
E2026,2,3,Q3,465,OUT,Out,DUB,Dubai Basketball,P012606,"WRIGHT IV, MCKINLEY",25,26,04:41,281.0,1519,51,48,0,0,3,False,0,
E2026,2,3,Q3,466,IN,In,DUB,Dubai Basketball,P008855,"WALKUP, THOMAS",44,26,04:41,281.0,1519,51,48,0,0,3,False,0,
E2026,2,3,Q3,467,2FGM,Two Pointer (2/4 -  4 pt),MAD,Real Madrid,P015103,"JONES, DAMIAN",30,26,04:27,267.0,1533,51,50,0,2,1,True,0,
E2026,2,3,Q3,468,AS,Assist (5),MAD,Real Madrid,P007027,"MALEDON, THEO",12,26,04:25,265.0,1535,51,50,0,0,1,False,0,
E2026,2,3,Q3,469,3FGA,Missed Three Pointer (0/1 -  6 pt),DUB,Dubai Basketball,P011212,"OKOBO, ELIE",0,26,04:00,240.0,1560,51,50,0,0,1,False,0,
E2026,2,3,Q3,472,O,Off Rebound (2),DUB,Dubai Basketball,P011194,"PETRUSEV, FILIP",30,26,04:00,240.0,1560,51,50,0,0,1,False,0,
E2026,2,3,Q3,473,TO,Turnover (1),DUB,Dubai Basketball,,,,26,04:00,240.0,1560,51,50,0,0,1,False,0,
E2026,2,3,Q3,474,IN,In,DUB,Dubai Basketball,P001133,"SHENGELIA, TORNIKE",23,26,04:00,240.0,1560,51,50,0,0,1,False,0,
E2026,2,3,Q3,475,OUT,Out,DUB,Dubai Basketball,P011194,"PETRUSEV, FILIP",30,26,04:00,240.0,1560,51,50,0,0,1,False,0,
E2026,2,3,Q3,477,2FGM,Two Pointer (3/5 -  6 pt),MAD,Real Madrid,P015103,"JONES, DAMIAN",30,27,03:39,219.0,1581,51,52,0,2,-1,True,0,
E2026,2,3,Q3,478,AS,Assist (4),MAD,Real Madrid,P011247,"FELIZ, ANDRES",24,27,03:37,217.0,1583,51,52,0,0,-1,False,0,
E2026,2,3,Q3,479,2FGM,Two Pointer (6/7 -  18 pt),DUB,Dubai Basketball,P011286,"BACON, DWAYNE",3,27,03:18,198.0,1602,53,52,2,0,1,True,0,
E2026,2,3,Q3,480,CM,Foul (1),DUB,Dubai Basketball,P001133,"SHENGELIA, TORNIKE",23,27,03:11,191.0,1609,53,52,0,0,1,False,0,
E2026,2,3,Q3,481,RV,Foul Drawn (1),MAD,Real Madrid,P009005,"DECK, GABRIEL",14,27,03:11,191.0,1609,53,52,0,0,1,False,0,
E2026,2,3,Q3,482,3FGM,Three Pointer (1/1 -  5 pt),MAD,Real Madrid,P010393,"PRADILLA, JAIME",4,27,03:02,182.0,1618,53,55,0,3,-2,True,0,
E2026,2,3,Q3,484,AS,Assist (6),MAD,Real Madrid,P007027,"MALEDON, THEO",12,28,02:59,179.0,1621,53,55,0,0,-2,False,0,
E2026,2,3,Q3,485,3FGM,Three Pointer (2/2 -  6 pt),DUB,Dubai Basketball,P014027,"DIAKITE, MAMADI",21,28,02:43,163.0,1637,56,55,3,0,1,True,0,
E2026,2,3,Q3,486,AS,Assist (2),DUB,Dubai Basketball,P011212,"OKOBO, ELIE",0,28,02:41,161.0,1639,56,55,0,0,1,False,0,
E2026,2,3,Q3,487,2FGM,Two Pointer (2/4 -  4 pt),MAD,Real Madrid,P011247,"FELIZ, ANDRES",24,28,02:28,148.0,1652,56,57,0,2,-1,True,0,
E2026,2,3,Q3,488,CMT1,Technical Foul 1 (2),DUB,Dubai Basketball,P001133,"SHENGELIA, TORNIKE",23,28,02:24,144.0,1656,56,57,0,0,-1,False,0,
E2026,2,3,Q3,490,FTM,Free Throw In (3/4 -  11 pt),MAD,Real Madrid,P007027,"MALEDON, THEO",12,28,02:24,144.0,1656,56,58,0,1,-2,True,0,
E2026,2,3,Q3,491,3FGA,Missed Three Pointer (1/3 -  5 pt),DUB,Dubai Basketball,P001133,"SHENGELIA, TORNIKE",23,28,02:04,124.0,1676,56,58,0,0,-2,False,0,
E2026,2,3,Q3,492,D,Def Rebound (1),MAD,Real Madrid,P009005,"DECK, GABRIEL",14,28,02:03,123.0,1677,56,58,0,0,-2,False,0,
E2026,2,3,Q3,494,2FGA,Missed Two Pointer (1/2 -  5 pt),MAD,Real Madrid,P010393,"PRADILLA, JAIME",4,29,01:56,116.0,1684,56,58,0,0,-2,False,0,
E2026,2,3,Q3,495,D,Def Rebound (2),DUB,Dubai Basketball,P001133,"SHENGELIA, TORNIKE",23,29,01:54,114.0,1686,56,58,0,0,-2,False,0,
E2026,2,3,Q3,496,2FGA,Missed Two Pointer (0/5 -  5 pt),DUB,Dubai Basketball,P001133,"SHENGELIA, TORNIKE",23,29,01:37,97.0,1703,56,58,0,0,-2,False,0,
E2026,2,3,Q3,497,O,Off Rebound (4),DUB,Dubai Basketball,P001133,"SHENGELIA, TORNIKE",23,29,01:35,95.0,1705,56,58,0,0,-2,False,0,
E2026,2,3,Q3,498,3FGM,Three Pointer (1/3 -  3 pt),DUB,Dubai Basketball,P008855,"WALKUP, THOMAS",44,29,01:32,92.0,1708,59,58,3,0,1,True,0,
E2026,2,3,Q3,499,AS,Assist (3),DUB,Dubai Basketball,P011286,"BACON, DWAYNE",3,29,01:30,90.0,1710,59,58,0,0,1,False,0,
E2026,2,3,Q3,500,3FGA,Missed Three Pointer (1/2 -  5 pt),MAD,Real Madrid,P010393,"PRADILLA, JAIME",4,29,01:21,81.0,1719,59,58,0,0,1,False,0,
E2026,2,3,Q3,501,O,Off Rebound (2),MAD,Real Madrid,P015103,"JONES, DAMIAN",30,29,01:19,79.0,1721,59,58,0,0,1,False,0,
E2026,2,3,Q3,502,2FGM,Two Pointer (4/6 -  8 pt),MAD,Real Madrid,P015103,"JONES, DAMIAN",30,29,01:19,79.0,1721,59,60,0,2,-1,True,0,
E2026,2,3,Q3,503,2FGM,Two Pointer (7/8 -  20 pt),DUB,Dubai Basketball,P011286,"BACON, DWAYNE",3,29,01:01,61.0,1739,61,60,2,0,1,True,0,
E2026,2,3,Q3,505,2FGA,Missed Two Pointer (4/7 -  11 pt),MAD,Real Madrid,P007027,"MALEDON, THEO",12,30,00:44,44.0,1756,61,60,0,0,1,False,0,
E2026,2,3,Q3,506,D,Def Rebound (3),DUB,Dubai Basketball,P011212,"OKOBO, ELIE",0,30,00:40,40.0,1760,61,60,0,0,1,False,0,
E2026,2,3,Q3,507,2FGM,Two Pointer (8/9 -  22 pt),DUB,Dubai Basketball,P011286,"BACON, DWAYNE",3,30,00:38,38.0,1762,63,60,2,0,3,True,0,
E2026,2,3,Q3,508,AS,Assist (3),DUB,Dubai Basketball,P011212,"OKOBO, ELIE",0,30,00:36,36.0,1764,63,60,0,0,3,False,0,
E2026,2,3,Q3,509,2FGA,Missed Two Pointer (2/5 -  4 pt),MAD,Real Madrid,P011247,"FELIZ, ANDRES",24,30,00:10,10.0,1790,63,60,0,0,3,False,0,
E2026,2,3,Q3,510,O,Off Rebound (3),MAD,Real Madrid,P015103,"JONES, DAMIAN",30,30,00:07,7.0,1793,63,60,0,0,3,False,0,
E2026,2,3,Q3,511,2FGM,Two Pointer (5/7 -  10 pt),MAD,Real Madrid,P015103,"JONES, DAMIAN",30,30,00:07,7.0,1793,63,62,0,2,1,True,0,
E2026,2,3,Q3,512,3FGA,Missed Three Pointer (2/3 -  6 pt),DUB,Dubai Basketball,P014027,"DIAKITE, MAMADI",21,30,00:01,1.0,1799,63,62,0,0,1,False,0,
E2026,2,3,Q3,514,EP,End Period,,,,,,31,,,1860,63,62,0,0,1,False,0,
E2026,2,4,Q4,527,BP,Begin Period,,,,,,31,,,1860,63,62,0,0,1,False,0,
E2026,2,4,Q4,515,OUT,Out,DUB,Dubai Basketball,P011286,"BACON, DWAYNE",3,31,10:00,600.0,1800,63,62,0,0,1,False,0,
E2026,2,4,Q4,516,IN,In,DUB,Dubai Basketball,P003458,"BERTANS, DAVIS",8,31,10:00,600.0,1800,63,62,0,0,1,False,0,
E2026,2,4,Q4,517,IN,In,MAD,Real Madrid,P012080,"LUWAWU-CABARROT, TIMOTHE",3,31,10:00,600.0,1800,63,62,0,0,1,False,0,
E2026,2,4,Q4,518,OUT,Out,MAD,Real Madrid,P010393,"PRADILLA, JAIME",4,31,10:00,600.0,1800,63,62,0,0,1,False,0,
E2026,2,4,Q4,519,IN,In,MAD,Real Madrid,P003733,"ABALDE, ALBERTO",6,31,10:00,600.0,1800,63,62,0,0,1,False,0,
E2026,2,4,Q4,520,IN,In,MAD,Real Madrid,P005928,"CAMPAZZO, FACUNDO",7,31,10:00,600.0,1800,63,62,0,0,1,False,0,
E2026,2,4,Q4,521,OUT,Out,MAD,Real Madrid,P007027,"MALEDON, THEO",12,31,10:00,600.0,1800,63,62,0,0,1,False,0,
E2026,2,4,Q4,522,OUT,Out,MAD,Real Madrid,P009005,"DECK, GABRIEL",14,31,10:00,600.0,1800,63,62,0,0,1,False,0,
E2026,2,4,Q4,523,IN,In,MAD,Real Madrid,P012613,"JANTUNEN, MIKAEL",20,31,10:00,600.0,1800,63,62,0,0,1,False,0,
E2026,2,4,Q4,524,IN,In,MAD,Real Madrid,P005791,"TAVARES, WALTER",22,31,10:00,600.0,1800,63,62,0,0,1,False,0,
E2026,2,4,Q4,525,OUT,Out,MAD,Real Madrid,P011247,"FELIZ, ANDRES",24,31,10:00,600.0,1800,63,62,0,0,1,False,0,
E2026,2,4,Q4,526,OUT,Out,MAD,Real Madrid,P015103,"JONES, DAMIAN",30,31,10:00,600.0,1800,63,62,0,0,1,False,0,
E2026,2,4,Q4,528,CM,Foul (3),DUB,Dubai Basketball,P014027,"DIAKITE, MAMADI",21,31,09:49,589.0,1811,63,62,0,0,1,False,0,
E2026,2,4,Q4,529,RV,Foul Drawn (1),MAD,Real Madrid,P005791,"TAVARES, WALTER",22,31,09:49,589.0,1811,63,62,0,0,1,False,0,
E2026,2,4,Q4,530,2FGA,Missed Two Pointer (0/2 -  3 pt),MAD,Real Madrid,P003733,"ABALDE, ALBERTO",6,31,09:32,572.0,1828,63,62,0,0,1,False,0,
E2026,2,4,Q4,531,O,Off Rebound (2),MAD,Real Madrid,P005791,"TAVARES, WALTER",22,31,09:27,567.0,1833,63,62,0,0,1,False,0,
E2026,2,4,Q4,538,2FGA,Missed Two Pointer (3/6 -  6 pt),MAD,Real Madrid,P005791,"TAVARES, WALTER",22,31,09:27,567.0,1833,63,62,0,0,1,False,0,
E2026,2,4,Q4,539,AG,Shot Rejected (2),MAD,Real Madrid,P005791,"TAVARES, WALTER",22,31,09:27,567.0,1833,63,62,0,0,1,False,0,
E2026,2,4,Q4,540,FV,Block (1),DUB,Dubai Basketball,P014027,"DIAKITE, MAMADI",21,31,09:27,567.0,1833,63,62,0,0,1,False,0,
E2026,2,4,Q4,533,D,Def Rebound (2),DUB,Dubai Basketball,P014027,"DIAKITE, MAMADI",21,31,09:27,567.0,1833,63,62,0,0,1,False,0,
E2026,2,4,Q4,534,OF,Offensive Foul (3),DUB,Dubai Basketball,P001133,"SHENGELIA, TORNIKE",23,31,09:17,557.0,1843,63,62,0,0,1,False,0,
E2026,2,4,Q4,535,TO,Turnover (2),DUB,Dubai Basketball,P001133,"SHENGELIA, TORNIKE",23,31,09:17,557.0,1843,63,62,0,0,1,False,0,
E2026,2,4,Q4,536,RV,Foul Drawn (1),MAD,Real Madrid,P012613,"JANTUNEN, MIKAEL",20,31,09:17,557.0,1843,63,62,0,0,1,False,0,
E2026,2,4,Q4,537,CCH,Coach Challenge (2),MAD,Real Madrid,,,,31,09:17,557.0,1843,63,62,0,0,1,False,0,
E2026,2,4,Q4,542,2FGA,Missed Two Pointer (0/3 -  3 pt),MAD,Real Madrid,P003733,"ABALDE, ALBERTO",6,32,08:55,535.0,1865,63,62,0,0,1,False,0,
E2026,2,4,Q4,543,D,Def Rebound (3),DUB,Dubai Basketball,P001133,"SHENGELIA, TORNIKE",23,32,08:53,533.0,1867,63,62,0,0,1,False,0,
E2026,2,4,Q4,544,2FGM,Two Pointer (1/2 -  5 pt),DUB,Dubai Basketball,P008855,"WALKUP, THOMAS",44,32,08:43,523.0,1877,65,62,2,0,3,True,0,
E2026,2,4,Q4,545,AS,Assist (1),DUB,Dubai Basketball,P014027,"DIAKITE, MAMADI",21,32,08:40,520.0,1880,65,62,0,0,3,False,0,
E2026,2,4,Q4,546,2FGM,Two Pointer (1/1 -  8 pt),MAD,Real Madrid,P012613,"JANTUNEN, MIKAEL",20,32,08:28,508.0,1892,65,64,0,2,1,True,0,
E2026,2,4,Q4,547,AS,Assist (1),MAD,Real Madrid,P003733,"ABALDE, ALBERTO",6,32,08:26,506.0,1894,65,64,0,0,1,False,0,
E2026,2,4,Q4,548,3FGA,Missed Three Pointer (0/2 -  6 pt),DUB,Dubai Basketball,P011212,"OKOBO, ELIE",0,32,08:06,486.0,1914,65,64,0,0,1,False,0,
E2026,2,4,Q4,549,D,Def Rebound (1),MAD,Real Madrid,P005928,"CAMPAZZO, FACUNDO",7,32,08:04,484.0,1916,65,64,0,0,1,False,0,
E2026,2,4,Q4,551,CM,Foul (2),DUB,Dubai Basketball,P003458,"BERTANS, DAVIS",8,33,07:52,472.0,1928,65,64,0,0,1,False,0,
E2026,2,4,Q4,552,RV,Foul Drawn (4),MAD,Real Madrid,P005928,"CAMPAZZO, FACUNDO",7,33,07:52,472.0,1928,65,64,0,0,1,False,0,
E2026,2,4,Q4,553,OUT,Out,DUB,Dubai Basketball,P011212,"OKOBO, ELIE",0,33,07:52,472.0,1928,65,64,0,0,1,False,0,
E2026,2,4,Q4,554,IN,In,DUB,Dubai Basketball,P014731,"MINTZ, DAVION",6,33,07:52,472.0,1928,65,64,0,0,1,False,0,
E2026,2,4,Q4,555,IN,In,DUB,Dubai Basketball,P012796,"KABENGELE, MFIONDU",17,33,07:52,472.0,1928,65,64,0,0,1,False,0,
E2026,2,4,Q4,556,OUT,Out,DUB,Dubai Basketball,P014027,"DIAKITE, MAMADI",21,33,07:52,472.0,1928,65,64,0,0,1,False,0,
E2026,2,4,Q4,557,OUT,Out,MAD,Real Madrid,P003733,"ABALDE, ALBERTO",6,33,07:52,472.0,1928,65,64,0,0,1,False,0,
E2026,2,4,Q4,558,IN,In,MAD,Real Madrid,P011247,"FELIZ, ANDRES",24,33,07:52,472.0,1928,65,64,0,0,1,False,0,
E2026,2,4,Q4,559,3FGA,Missed Three Pointer (1/3 -  11 pt),MAD,Real Madrid,P012080,"LUWAWU-CABARROT, TIMOTHE",3,33,07:40,460.0,1940,65,64,0,0,1,False,0,
E2026,2,4,Q4,560,D,Def Rebound (4),DUB,Dubai Basketball,,,,33,07:40,460.0,1940,65,64,0,0,1,False,0,
E2026,2,4,Q4,561,3FGA,Missed Three Pointer (1/4 -  3 pt),DUB,Dubai Basketball,P014731,"MINTZ, DAVION",6,33,07:13,433.0,1967,65,64,0,0,1,False,0,
E2026,2,4,Q4,562,AG,Shot Rejected (1),DUB,Dubai Basketball,P014731,"MINTZ, DAVION",6,33,07:13,433.0,1967,65,64,0,0,1,False,0,
E2026,2,4,Q4,563,FV,Block (1),MAD,Real Madrid,P012613,"JANTUNEN, MIKAEL",20,33,07:13,433.0,1967,65,64,0,0,1,False,0,
E2026,2,4,Q4,564,O,Off Rebound (5),DUB,Dubai Basketball,P001133,"SHENGELIA, TORNIKE",23,33,07:13,433.0,1967,65,64,0,0,1,False,0,
E2026,2,4,Q4,593,2FGA,Missed Two Pointer (0/6 -  5 pt),DUB,Dubai Basketball,P001133,"SHENGELIA, TORNIKE",23,33,07:13,433.0,1967,65,64,0,0,1,False,0,
E2026,2,4,Q4,565,TO,Turnover (2),DUB,Dubai Basketball,,,,33,07:13,433.0,1967,65,64,0,0,1,False,0,
E2026,2,4,Q4,566,OUT,Out,DUB,Dubai Basketball,P001133,"SHENGELIA, TORNIKE",23,33,07:13,433.0,1967,65,64,0,0,1,False,0,
E2026,2,4,Q4,567,IN,In,DUB,Dubai Basketball,P011194,"PETRUSEV, FILIP",30,33,07:13,433.0,1967,65,64,0,0,1,False,0,
E2026,2,4,Q4,569,2FGM,Two Pointer (1/2 -  4 pt),MAD,Real Madrid,P005928,"CAMPAZZO, FACUNDO",7,34,06:56,416.0,1984,65,66,0,2,-1,True,0,
E2026,2,4,Q4,570,TO,Turnover (1),DUB,Dubai Basketball,P014731,"MINTZ, DAVION",6,34,06:43,403.0,1997,65,66,0,0,-1,False,0,
E2026,2,4,Q4,571,IN,In,DUB,Dubai Basketball,P012606,"WRIGHT IV, MCKINLEY",25,34,06:43,403.0,1997,65,66,0,0,-1,False,0,
E2026,2,4,Q4,572,OUT,Out,DUB,Dubai Basketball,P008855,"WALKUP, THOMAS",44,34,06:43,403.0,1997,65,66,0,0,-1,False,0,
E2026,2,4,Q4,573,2FGM,Two Pointer (2/3 -  6 pt),MAD,Real Madrid,P005928,"CAMPAZZO, FACUNDO",7,34,06:31,391.0,2009,65,68,0,2,-3,True,0,
E2026,2,4,Q4,574,2FGA,Missed Two Pointer (0/4 -  6 pt),DUB,Dubai Basketball,P012796,"KABENGELE, MFIONDU",17,34,06:15,375.0,2025,65,68,0,0,-3,False,0,
E2026,2,4,Q4,575,D,Def Rebound (2),MAD,Real Madrid,P005928,"CAMPAZZO, FACUNDO",7,34,06:13,373.0,2027,65,68,0,0,-3,False,0,
E2026,2,4,Q4,577,2FGM,Two Pointer (2/2 -  10 pt),MAD,Real Madrid,P012613,"JANTUNEN, MIKAEL",20,35,05:56,356.0,2044,65,70,0,2,-5,True,0,
E2026,2,4,Q4,578,AS,Assist (1),MAD,Real Madrid,P005928,"CAMPAZZO, FACUNDO",7,35,05:56,356.0,2044,65,70,0,0,-5,False,0,
E2026,2,4,Q4,579,TOUT,Time Out (1),DUB,Dubai Basketball,,,,35,05:56,356.0,2044,65,70,0,0,-5,False,0,
E2026,2,4,Q4,580,TOUT_TV,TV Time Out (4),,,,,,35,05:56,356.0,2044,65,70,0,0,-5,False,0,
E2026,2,4,Q4,581,IN,In,DUB,Dubai Basketball,P011286,"BACON, DWAYNE",3,35,05:55,355.0,2045,65,70,0,0,-5,False,0,
E2026,2,4,Q4,582,OUT,Out,DUB,Dubai Basketball,P003458,"BERTANS, DAVIS",8,35,05:55,355.0,2045,65,70,0,0,-5,False,0,
E2026,2,4,Q4,583,OUT,Out,MAD,Real Madrid,P012080,"LUWAWU-CABARROT, TIMOTHE",3,35,05:55,355.0,2045,65,70,0,0,-5,False,0,
E2026,2,4,Q4,584,IN,In,MAD,Real Madrid,P010393,"PRADILLA, JAIME",4,35,05:55,355.0,2045,65,70,0,0,-5,False,0,
E2026,2,4,Q4,585,IN,In,MAD,Real Madrid,P009005,"DECK, GABRIEL",14,35,05:55,355.0,2045,65,70,0,0,-5,False,0,
E2026,2,4,Q4,586,OUT,Out,MAD,Real Madrid,P012613,"JANTUNEN, MIKAEL",20,35,05:55,355.0,2045,65,70,0,0,-5,False,0,
E2026,2,4,Q4,587,2FGA,Missed Two Pointer (3/6 -  9 pt),DUB,Dubai Basketball,P012606,"WRIGHT IV, MCKINLEY",25,35,05:34,334.0,2066,65,70,0,0,-5,False,0,
E2026,2,4,Q4,588,D,Def Rebound (4),MAD,Real Madrid,P011247,"FELIZ, ANDRES",24,35,05:31,331.0,2069,65,70,0,0,-5,False,0,
E2026,2,4,Q4,589,CM,Foul (3),DUB,Dubai Basketball,P012606,"WRIGHT IV, MCKINLEY",25,35,05:27,327.0,2073,65,70,0,0,-5,False,0,
E2026,2,4,Q4,590,RV,Foul Drawn (2),MAD,Real Madrid,P005791,"TAVARES, WALTER",22,35,05:27,327.0,2073,65,70,0,0,-5,False,0,
E2026,2,4,Q4,594,2FGM,Two Pointer (4/7 -  8 pt),MAD,Real Madrid,P005791,"TAVARES, WALTER",22,35,05:11,311.0,2089,65,72,0,2,-7,True,0,
E2026,2,4,Q4,595,AS,Assist (2),MAD,Real Madrid,P005928,"CAMPAZZO, FACUNDO",7,35,05:09,309.0,2091,65,72,0,0,-7,False,0,
E2026,2,4,Q4,597,2FGM,Two Pointer (9/10 -  24 pt),DUB,Dubai Basketball,P011286,"BACON, DWAYNE",3,36,04:50,290.0,2110,67,72,2,0,-5,True,0,
E2026,2,4,Q4,598,2FGA,Missed Two Pointer (2/4 -  6 pt),MAD,Real Madrid,P005928,"CAMPAZZO, FACUNDO",7,36,04:33,273.0,2127,67,72,0,0,-5,False,0,
E2026,2,4,Q4,599,D,Def Rebound (6),DUB,Dubai Basketball,P012796,"KABENGELE, MFIONDU",17,36,04:31,271.0,2129,67,72,0,0,-5,False,0,
E2026,2,4,Q4,600,CM,Foul (1),MAD,Real Madrid,P009005,"DECK, GABRIEL",14,36,04:23,263.0,2137,67,72,0,0,-5,False,0,
E2026,2,4,Q4,601,RV,Foul Drawn (5),DUB,Dubai Basketball,P011286,"BACON, DWAYNE",3,36,04:23,263.0,2137,67,72,0,0,-5,False,0,
E2026,2,4,Q4,602,IN,In,DUB,Dubai Basketball,P011212,"OKOBO, ELIE",0,36,04:23,263.0,2137,67,72,0,0,-5,False,0,
E2026,2,4,Q4,603,OUT,Out,DUB,Dubai Basketball,P014731,"MINTZ, DAVION",6,36,04:23,263.0,2137,67,72,0,0,-5,False,0,
E2026,2,4,Q4,604,OUT,Out,MAD,Real Madrid,P005928,"CAMPAZZO, FACUNDO",7,36,04:23,263.0,2137,67,72,0,0,-5,False,0,
E2026,2,4,Q4,605,IN,In,MAD,Real Madrid,P007027,"MALEDON, THEO",12,36,04:23,263.0,2137,67,72,0,0,-5,False,0,
E2026,2,4,Q4,606,3FGM,Three Pointer (1/1 -  3 pt),DUB,Dubai Basketball,P011194,"PETRUSEV, FILIP",30,36,04:12,252.0,2148,70,72,3,0,-2,True,0,
E2026,2,4,Q4,607,AS,Assist (3),DUB,Dubai Basketball,P012606,"WRIGHT IV, MCKINLEY",25,36,04:09,249.0,2151,70,72,0,0,-2,False,0,
E2026,2,4,Q4,609,3FGM,Three Pointer (1/2 -  7 pt),MAD,Real Madrid,P011247,"FELIZ, ANDRES",24,37,03:47,227.0,2173,70,75,0,3,-5,True,0,
E2026,2,4,Q4,610,CM,Foul (4),MAD,Real Madrid,P005791,"TAVARES, WALTER",22,37,03:24,204.0,2196,70,75,0,0,-5,False,0,
E2026,2,4,Q4,611,RV,Foul Drawn (2),DUB,Dubai Basketball,P012796,"KABENGELE, MFIONDU",17,37,03:24,204.0,2196,70,75,0,0,-5,False,0,
E2026,2,4,Q4,612,IN,In,MAD,Real Madrid,P012080,"LUWAWU-CABARROT, TIMOTHE",3,37,03:24,204.0,2196,70,75,0,0,-5,False,0,
E2026,2,4,Q4,613,OUT,Out,MAD,Real Madrid,P009005,"DECK, GABRIEL",14,37,03:24,204.0,2196,70,75,0,0,-5,False,0,
E2026,2,4,Q4,614,FTA,Missed Free Throw (0/1 -  6 pt),DUB,Dubai Basketball,P012796,"KABENGELE, MFIONDU",17,37,03:24,204.0,2196,70,75,0,0,-5,False,0,
E2026,2,4,Q4,615,FTM,Free Throw In (1/2 -  7 pt),DUB,Dubai Basketball,P012796,"KABENGELE, MFIONDU",17,37,03:24,204.0,2196,71,75,1,0,-4,True,0,
E2026,2,4,Q4,616,AS,Assist (4),DUB,Dubai Basketball,P011212,"OKOBO, ELIE",0,37,03:24,204.0,2196,71,75,0,0,-4,False,0,
E2026,2,4,Q4,617,2FGM,Two Pointer (3/6 -  9 pt),MAD,Real Madrid,P011247,"FELIZ, ANDRES",24,37,03:06,186.0,2214,71,77,0,2,-6,True,0,
E2026,2,4,Q4,618,OUT,Out,MAD,Real Madrid,P010393,"PRADILLA, JAIME",4,37,03:06,186.0,2214,71,77,0,0,-6,False,0,
E2026,2,4,Q4,619,IN,In,MAD,Real Madrid,P012613,"JANTUNEN, MIKAEL",20,37,03:06,186.0,2214,71,77,0,0,-6,False,0,
E2026,2,4,Q4,620,OUT,Out,MAD,Real Madrid,P005791,"TAVARES, WALTER",22,37,03:06,186.0,2214,71,77,0,0,-6,False,0,
E2026,2,4,Q4,621,IN,In,MAD,Real Madrid,P015103,"JONES, DAMIAN",30,37,03:06,186.0,2214,71,77,0,0,-6,False,0,
E2026,2,4,Q4,623,2FGM,Two Pointer (4/6 -  8 pt),DUB,Dubai Basketball,P011212,"OKOBO, ELIE",0,38,02:43,163.0,2237,73,77,2,0,-4,True,0,
E2026,2,4,Q4,624,2FGA,Missed Two Pointer (4/8 -  11 pt),MAD,Real Madrid,P007027,"MALEDON, THEO",12,38,02:16,136.0,2264,73,77,0,0,-4,False,0,
E2026,2,4,Q4,625,TOUT,Time Out (1),MAD,Real Madrid,,,,38,02:16,136.0,2264,73,77,0,0,-4,False,0,
E2026,2,4,Q4,626,O,Off Rebound (4),MAD,Real Madrid,P015103,"JONES, DAMIAN",30,38,02:16,136.0,2264,73,77,0,0,-4,False,0,
E2026,2,4,Q4,627,TO,Turnover (3),MAD,Real Madrid,,,,38,02:15,135.0,2265,73,77,0,0,-4,False,0,
E2026,2,4,Q4,628,IN,In,MAD,Real Madrid,P005791,"TAVARES, WALTER",22,38,02:14,134.0,2266,73,77,0,0,-4,False,0,
E2026,2,4,Q4,629,OUT,Out,MAD,Real Madrid,P015103,"JONES, DAMIAN",30,38,02:14,134.0,2266,73,77,0,0,-4,False,0,
E2026,2,4,Q4,631,CM,Foul (2),MAD,Real Madrid,P012613,"JANTUNEN, MIKAEL",20,39,01:56,116.0,2284,73,77,0,0,-4,False,0,
E2026,2,4,Q4,632,RV,Foul Drawn (2),DUB,Dubai Basketball,P011194,"PETRUSEV, FILIP",30,39,01:56,116.0,2284,73,77,0,0,-4,False,0,
E2026,2,4,Q4,633,3FGA,Missed Three Pointer (2/5 -  7 pt),DUB,Dubai Basketball,P012796,"KABENGELE, MFIONDU",17,39,01:48,108.0,2292,73,77,0,0,-4,False,0,
E2026,2,4,Q4,634,D,Def Rebound (4),MAD,Real Madrid,P007027,"MALEDON, THEO",12,39,01:46,106.0,2294,73,77,0,0,-4,False,0,
E2026,2,4,Q4,635,2FGA,Missed Two Pointer (3/7 -  9 pt),MAD,Real Madrid,P011247,"FELIZ, ANDRES",24,39,01:41,101.0,2299,73,77,0,0,-4,False,0,
E2026,2,4,Q4,636,O,Off Rebound (1),MAD,Real Madrid,P011247,"FELIZ, ANDRES",24,39,01:39,99.0,2301,73,77,0,0,-4,False,0,
E2026,2,4,Q4,637,2FGA,Missed Two Pointer (3/8 -  9 pt),MAD,Real Madrid,P011247,"FELIZ, ANDRES",24,39,01:39,99.0,2301,73,77,0,0,-4,False,0,
E2026,2,4,Q4,638,D,Def Rebound (3),DUB,Dubai Basketball,P012606,"WRIGHT IV, MCKINLEY",25,39,01:37,97.0,2303,73,77,0,0,-4,False,0,
E2026,2,4,Q4,639,2FGA,Missed Two Pointer (9/11 -  24 pt),DUB,Dubai Basketball,P011286,"BACON, DWAYNE",3,39,01:32,92.0,2308,73,77,0,0,-4,False,0,
E2026,2,4,Q4,640,O,Off Rebound (1),DUB,Dubai Basketball,P011212,"OKOBO, ELIE",0,39,01:31,91.0,2309,73,77,0,0,-4,False,0,
E2026,2,4,Q4,641,3FGA,Missed Three Pointer (2/6 -  7 pt),DUB,Dubai Basketball,P012796,"KABENGELE, MFIONDU",17,39,01:24,84.0,2316,73,77,0,0,-4,False,0,
E2026,2,4,Q4,642,O,Off Rebound (1),DUB,Dubai Basketball,P012796,"KABENGELE, MFIONDU",17,39,01:23,83.0,2317,73,77,0,0,-4,False,0,
E2026,2,4,Q4,643,CM,Foul (3),MAD,Real Madrid,P007027,"MALEDON, THEO",12,39,01:23,83.0,2317,73,77,0,0,-4,False,0,
E2026,2,4,Q4,644,RV,Foul Drawn (3),DUB,Dubai Basketball,P012796,"KABENGELE, MFIONDU",17,39,01:23,83.0,2317,73,77,0,0,-4,False,0,
E2026,2,4,Q4,645,IN,In,MAD,Real Madrid,P010393,"PRADILLA, JAIME",4,39,01:23,83.0,2317,73,77,0,0,-4,False,0,
E2026,2,4,Q4,646,OUT,Out,MAD,Real Madrid,P012613,"JANTUNEN, MIKAEL",20,39,01:23,83.0,2317,73,77,0,0,-4,False,0,
E2026,2,4,Q4,647,FTM,Free Throw In (2/3 -  8 pt),DUB,Dubai Basketball,P012796,"KABENGELE, MFIONDU",17,39,01:23,83.0,2317,74,77,1,0,-3,True,0,
E2026,2,4,Q4,648,FTM,Free Throw In (3/4 -  9 pt),DUB,Dubai Basketball,P012796,"KABENGELE, MFIONDU",17,39,01:23,83.0,2317,75,77,1,0,-2,True,0,
E2026,2,4,Q4,649,2FGA,Missed Two Pointer (3/6 -  11 pt),MAD,Real Madrid,P012080,"LUWAWU-CABARROT, TIMOTHE",3,39,01:01,61.0,2339,75,77,0,0,-2,False,0,
E2026,2,4,Q4,651,D,Def Rebound (4),DUB,Dubai Basketball,P011194,"PETRUSEV, FILIP",30,40,00:59,59.0,2341,75,77,0,0,-2,False,0,
E2026,2,4,Q4,652,3FGM,Three Pointer (1/1 -  12 pt),DUB,Dubai Basketball,P012606,"WRIGHT IV, MCKINLEY",25,40,00:51,51.0,2349,78,77,3,0,1,True,0,
E2026,2,4,Q4,653,AS,Assist (4),DUB,Dubai Basketball,P011286,"BACON, DWAYNE",3,40,00:51,51.0,2349,78,77,0,0,1,False,0,
E2026,2,4,Q4,654,TOUT,Time Out (2),MAD,Real Madrid,,,,40,00:51,51.0,2349,78,77,0,0,1,False,0,
E2026,2,4,Q4,655,IN,In,MAD,Real Madrid,P005928,"CAMPAZZO, FACUNDO",7,40,00:51,51.0,2349,78,77,0,0,1,False,0,
E2026,2,4,Q4,656,OUT,Out,MAD,Real Madrid,P007027,"MALEDON, THEO",12,40,00:51,51.0,2349,78,77,0,0,1,False,0,
E2026,2,4,Q4,657,2FGA,Missed Two Pointer (2/5 -  6 pt),MAD,Real Madrid,P005928,"CAMPAZZO, FACUNDO",7,40,00:32,32.0,2368,78,77,0,0,1,False,0,
E2026,2,4,Q4,658,D,Def Rebound (4),DUB,Dubai Basketball,P011286,"BACON, DWAYNE",3,40,00:29,29.0,2371,78,77,0,0,1,False,0,
E2026,2,4,Q4,659,3FGA,Missed Three Pointer (1/2 -  12 pt),DUB,Dubai Basketball,P012606,"WRIGHT IV, MCKINLEY",25,40,00:10,10.0,2390,78,77,0,0,1,False,0,
E2026,2,4,Q4,660,AG,Shot Rejected (1),DUB,Dubai Basketball,P012606,"WRIGHT IV, MCKINLEY",25,40,00:10,10.0,2390,78,77,0,0,1,False,0,
E2026,2,4,Q4,661,FV,Block (1),MAD,Real Madrid,P011247,"FELIZ, ANDRES",24,40,00:10,10.0,2390,78,77,0,0,1,False,0,
E2026,2,4,Q4,662,O,Off Rebound (2),DUB,Dubai Basketball,P012606,"WRIGHT IV, MCKINLEY",25,40,00:10,10.0,2390,78,77,0,0,1,False,0,
E2026,2,4,Q4,663,TO,Turnover (4),DUB,Dubai Basketball,,,,40,00:10,10.0,2390,78,77,0,0,1,False,0,
E2026,2,4,Q4,665,TOUT,Time Out (3),MAD,Real Madrid,,,,40,00:10,10.0,2390,78,77,0,0,1,False,0,
E2026,2,4,Q4,666,OUT,Out,DUB,Dubai Basketball,P011212,"OKOBO, ELIE",0,40,00:10,10.0,2390,78,77,0,0,1,False,0,
E2026,2,4,Q4,667,IN,In,DUB,Dubai Basketball,P011231,"BLOSSOMGAME, JARON",4,40,00:10,10.0,2390,78,77,0,0,1,False,0,
E2026,2,4,Q4,668,IN,In,DUB,Dubai Basketball,P014027,"DIAKITE, MAMADI",21,40,00:10,10.0,2390,78,77,0,0,1,False,0,
E2026,2,4,Q4,669,OUT,Out,DUB,Dubai Basketball,P012606,"WRIGHT IV, MCKINLEY",25,40,00:10,10.0,2390,78,77,0,0,1,False,0,
E2026,2,4,Q4,670,2FGA,Missed Two Pointer (3/9 -  9 pt),MAD,Real Madrid,P011247,"FELIZ, ANDRES",24,40,00:02,2.0,2398,78,77,0,0,1,False,0,
E2026,2,4,Q4,674,EG,End Game,,,,,,41,,,2460,78,77,0,0,1,False,0,
E2026,3,1,Q1,12,BP,Begin Period,,,,,,1,,,60,0,0,0,0,0,False,0,
E2026,3,1,Q1,13,JB,Jump Ball (1),MUN,FC Bayern Munich,,,,1,09:59,599.0,1,0,0,0,0,0,False,0,
E2026,3,1,Q1,14,2FGA,Missed Two Pointer (0/1 -  0 pt),MUN,FC Bayern Munich,P013278,"WILEY, AUSTIN",50,1,09:36,576.0,24,0,0,0,0,0,False,0,
E2026,3,1,Q1,15,D,Def Rebound (1),HTA,Hapoel IBI Tel Aviv,P012788,"OTURU, DAN",25,1,09:34,574.0,26,0,0,0,0,0,False,0,
E2026,3,1,Q1,16,3FGA,Missed Three Pointer (0/1 -  0 pt),HTA,Hapoel IBI Tel Aviv,P009846,"BRYANT, ELIJAH",3,1,09:21,561.0,39,0,0,0,0,0,False,0,
E2026,3,1,Q1,17,D,Def Rebound (1),MUN,FC Bayern Munich,P013278,"WILEY, AUSTIN",50,1,09:19,559.0,41,0,0,0,0,0,False,0,
E2026,3,1,Q1,18,2FGA,Missed Two Pointer (0/1 -  0 pt),MUN,FC Bayern Munich,P009513,"HOLLATZ, JUSTUS",21,1,09:04,544.0,56,0,0,0,0,0,False,0,
E2026,3,1,Q1,19,D,Def Rebound (1),HTA,Hapoel IBI Tel Aviv,P008987,"LEDAY, ZACH",16,1,09:01,541.0,59,0,0,0,0,0,False,0,
E2026,3,1,Q1,21,3FGA,Missed Three Pointer (0/1 -  0 pt),HTA,Hapoel IBI Tel Aviv,P013284,"WAINRIGHT, ISH",12,2,08:46,526.0,74,0,0,0,0,0,False,0,
E2026,3,1,Q1,22,D,Def Rebound (1),MUN,FC Bayern Munich,,,,2,08:44,524.0,76,0,0,0,0,0,False,0,
E2026,3,1,Q1,23,3FGA,Missed Three Pointer (0/1 -  0 pt),MUN,FC Bayern Munich,P014732,"BEAUCHAMP, MARJON",3,2,08:27,507.0,93,0,0,0,0,0,False,0,
E2026,3,1,Q1,24,D,Def Rebound (2),HTA,Hapoel IBI Tel Aviv,P012788,"OTURU, DAN",25,2,08:25,505.0,95,0,0,0,0,0,False,0,
E2026,3,1,Q1,25,TO,Turnover (1),HTA,Hapoel IBI Tel Aviv,P002580,"MICIC, VASILIJE",22,2,08:16,496.0,104,0,0,0,0,0,False,0,
E2026,3,1,Q1,26,ST,Steal (1),MUN,FC Bayern Munich,P013278,"WILEY, AUSTIN",50,2,08:14,494.0,106,0,0,0,0,0,False,0,
E2026,3,1,Q1,27,3FGM,Three Pointer (1/1 -  3 pt),MUN,FC Bayern Munich,P004508,"OBST, ANDREAS",13,2,08:08,488.0,112,0,3,0,3,-3,True,0,
E2026,3,1,Q1,28,AS,Assist (1),MUN,FC Bayern Munich,P009513,"HOLLATZ, JUSTUS",21,2,08:07,487.0,113,0,3,0,0,-3,False,0,
E2026,3,1,Q1,30,2FGM,Two Pointer (1/1 -  2 pt),HTA,Hapoel IBI Tel Aviv,P012788,"OTURU, DAN",25,3,07:45,465.0,135,2,3,2,0,-1,True,0,
E2026,3,1,Q1,31,3FGM,Three Pointer (2/2 -  6 pt),MUN,FC Bayern Munich,P004508,"OBST, ANDREAS",13,3,07:35,455.0,145,2,6,0,3,-4,True,0,
E2026,3,1,Q1,32,RV,Foul Drawn (1),HTA,Hapoel IBI Tel Aviv,P002580,"MICIC, VASILIJE",22,3,07:17,437.0,163,2,6,0,0,-4,False,0,
E2026,3,1,Q1,33,CM,Foul (1),MUN,FC Bayern Munich,P009513,"HOLLATZ, JUSTUS",21,3,07:17,437.0,163,2,6,0,0,-4,False,0,
E2026,3,1,Q1,34,FTM,Free Throw In (1/1 -  1 pt),HTA,Hapoel IBI Tel Aviv,P002580,"MICIC, VASILIJE",22,3,07:17,437.0,163,3,6,1,0,-3,True,0,
E2026,3,1,Q1,35,FTM,Free Throw In (2/2 -  2 pt),HTA,Hapoel IBI Tel Aviv,P002580,"MICIC, VASILIJE",22,3,07:17,437.0,163,4,6,1,0,-2,True,0,
E2026,3,1,Q1,36,2FGA,Missed Two Pointer (0/2 -  0 pt),MUN,FC Bayern Munich,P013278,"WILEY, AUSTIN",50,3,07:00,420.0,180,4,6,0,0,-2,False,0,
E2026,3,1,Q1,37,AG,Shot Rejected (1),MUN,FC Bayern Munich,P013278,"WILEY, AUSTIN",50,3,07:00,420.0,180,4,6,0,0,-2,False,0,
E2026,3,1,Q1,39,FV,Block (1),HTA,Hapoel IBI Tel Aviv,P012788,"OTURU, DAN",25,4,06:59,419.0,181,4,6,0,0,-2,False,0,
E2026,3,1,Q1,40,D,Def Rebound (3),HTA,Hapoel IBI Tel Aviv,P012788,"OTURU, DAN",25,4,06:56,416.0,184,4,6,0,0,-2,False,0,
E2026,3,1,Q1,41,RV,Foul Drawn (1),HTA,Hapoel IBI Tel Aviv,P013284,"WAINRIGHT, ISH",12,4,06:49,409.0,191,4,6,0,0,-2,False,0,
E2026,3,1,Q1,42,CM,Foul (1),MUN,FC Bayern Munich,P004508,"OBST, ANDREAS",13,4,06:49,409.0,191,4,6,0,0,-2,False,0,
E2026,3,1,Q1,43,3FGA,Missed Three Pointer (0/2 -  0 pt),HTA,Hapoel IBI Tel Aviv,P013284,"WAINRIGHT, ISH",12,4,06:49,409.0,191,4,6,0,0,-2,False,0,
E2026,3,1,Q1,44,O,Off Rebound (1),HTA,Hapoel IBI Tel Aviv,P012788,"OTURU, DAN",25,4,06:49,409.0,191,4,6,0,0,-2,False,0,
E2026,3,1,Q1,45,2FGA,Missed Two Pointer (0/1 -  2 pt),HTA,Hapoel IBI Tel Aviv,P002580,"MICIC, VASILIJE",22,4,06:49,409.0,191,4,6,0,0,-2,False,0,
E2026,3,1,Q1,46,D,Def Rebound (1),MUN,FC Bayern Munich,P014134,"NORRIS, MILES",0,4,06:22,382.0,218,4,6,0,0,-2,False,0,
E2026,3,1,Q1,47,TO,Turnover (1),MUN,FC Bayern Munich,P014134,"NORRIS, MILES",0,4,06:22,382.0,218,4,6,0,0,-2,False,0,
E2026,3,1,Q1,48,ST,Steal (1),HTA,Hapoel IBI Tel Aviv,P013284,"WAINRIGHT, ISH",12,4,06:22,382.0,218,4,6,0,0,-2,False,0,
E2026,3,1,Q1,49,RV,Foul Drawn (1),HTA,Hapoel IBI Tel Aviv,P008987,"LEDAY, ZACH",16,4,06:22,382.0,218,4,6,0,0,-2,False,0,
E2026,3,1,Q1,50,CM,Foul (1),MUN,FC Bayern Munich,P014732,"BEAUCHAMP, MARJON",3,4,06:22,382.0,218,4,6,0,0,-2,False,0,
E2026,3,1,Q1,51,2FGA,Missed Two Pointer (0/2 -  2 pt),HTA,Hapoel IBI Tel Aviv,P002580,"MICIC, VASILIJE",22,4,06:10,370.0,230,4,6,0,0,-2,False,0,
E2026,3,1,Q1,52,D,Def Rebound (2),MUN,FC Bayern Munich,P013278,"WILEY, AUSTIN",50,4,06:08,368.0,232,4,6,0,0,-2,False,0,
E2026,3,1,Q1,54,TO,Turnover (1),MUN,FC Bayern Munich,P013278,"WILEY, AUSTIN",50,5,05:59,359.0,241,4,6,0,0,-2,False,0,
E2026,3,1,Q1,55,ST,Steal (1),HTA,Hapoel IBI Tel Aviv,P012788,"OTURU, DAN",25,5,05:58,358.0,242,4,6,0,0,-2,False,0,
E2026,3,1,Q1,56,RV,Foul Drawn (1),HTA,Hapoel IBI Tel Aviv,P009846,"BRYANT, ELIJAH",3,5,05:58,358.0,242,4,6,0,0,-2,False,0,
E2026,3,1,Q1,57,CM,Foul (1),MUN,FC Bayern Munich,P013278,"WILEY, AUSTIN",50,5,05:58,358.0,242,4,6,0,0,-2,False,0,
E2026,3,1,Q1,58,RV,Foul Drawn (2),HTA,Hapoel IBI Tel Aviv,P009846,"BRYANT, ELIJAH",3,5,05:50,350.0,250,4,6,0,0,-2,False,0,
E2026,3,1,Q1,59,CM,Foul (2),MUN,FC Bayern Munich,P013278,"WILEY, AUSTIN",50,5,05:50,350.0,250,4,6,0,0,-2,False,0,
E2026,3,1,Q1,60,IN,In,MUN,FC Bayern Munich,P003958,"THIEMANN, JOHANNES",32,5,05:50,350.0,250,4,6,0,0,-2,False,0,
E2026,3,1,Q1,61,OUT,Out,MUN,FC Bayern Munich,P013278,"WILEY, AUSTIN",50,5,05:50,350.0,250,4,6,0,0,-2,False,0,
E2026,3,1,Q1,62,FTM,Free Throw In (1/1 -  1 pt),HTA,Hapoel IBI Tel Aviv,P009846,"BRYANT, ELIJAH",3,5,05:50,350.0,250,5,6,1,0,-1,True,0,
E2026,3,1,Q1,63,FTM,Free Throw In (2/2 -  2 pt),HTA,Hapoel IBI Tel Aviv,P009846,"BRYANT, ELIJAH",3,5,05:50,350.0,250,6,6,1,0,0,True,0,
E2026,3,1,Q1,64,2FGM,Two Pointer (1/1 -  8 pt),MUN,FC Bayern Munich,P004508,"OBST, ANDREAS",13,5,05:39,339.0,261,6,8,0,2,-2,True,0,
E2026,3,1,Q1,65,AS,Assist (2),MUN,FC Bayern Munich,P009513,"HOLLATZ, JUSTUS",21,5,05:39,339.0,261,6,8,0,0,-2,False,0,
E2026,3,1,Q1,66,RV,Foul Drawn (1),MUN,FC Bayern Munich,P004508,"OBST, ANDREAS",13,5,05:39,339.0,261,6,8,0,0,-2,False,0,
E2026,3,1,Q1,67,CM,Foul (1),HTA,Hapoel IBI Tel Aviv,P012788,"OTURU, DAN",25,5,05:39,339.0,261,6,8,0,0,-2,False,0,
E2026,3,1,Q1,68,FTA,Missed Free Throw (0/1 -  8 pt),MUN,FC Bayern Munich,P004508,"OBST, ANDREAS",13,5,05:39,339.0,261,6,8,0,0,-2,False,0,
E2026,3,1,Q1,69,D,Def Rebound (4),HTA,Hapoel IBI Tel Aviv,P012788,"OTURU, DAN",25,5,05:39,339.0,261,6,8,0,0,-2,False,0,
E2026,3,1,Q1,70,TO,Turnover (1),HTA,Hapoel IBI Tel Aviv,P009846,"BRYANT, ELIJAH",3,5,05:24,324.0,276,6,8,0,0,-2,False,0,
E2026,3,1,Q1,71,ST,Steal (1),MUN,FC Bayern Munich,P014732,"BEAUCHAMP, MARJON",3,5,05:23,323.0,277,6,8,0,0,-2,False,0,
E2026,3,1,Q1,72,TO,Turnover (1),MUN,FC Bayern Munich,P014732,"BEAUCHAMP, MARJON",3,5,05:19,319.0,281,6,8,0,0,-2,False,0,
E2026,3,1,Q1,73,OUT,Out,MUN,FC Bayern Munich,P009513,"HOLLATZ, JUSTUS",21,5,05:19,319.0,281,6,8,0,0,-2,False,0,
E2026,3,1,Q1,74,IN,In,MUN,FC Bayern Munich,P007519,"JOKUBAITIS, ROKAS",31,5,05:19,319.0,281,6,8,0,0,-2,False,0,
E2026,3,1,Q1,75,3FGA,Missed Three Pointer (0/1 -  0 pt),HTA,Hapoel IBI Tel Aviv,P008987,"LEDAY, ZACH",16,5,05:07,307.0,293,6,8,0,0,-2,False,0,
E2026,3,1,Q1,76,O,Off Rebound (1),HTA,Hapoel IBI Tel Aviv,P013284,"WAINRIGHT, ISH",12,5,05:05,305.0,295,6,8,0,0,-2,False,0,
E2026,3,1,Q1,77,2FGM,Two Pointer (1/1 -  2 pt),HTA,Hapoel IBI Tel Aviv,P008987,"LEDAY, ZACH",16,5,05:03,303.0,297,8,8,2,0,0,True,0,
E2026,3,1,Q1,78,AS,Assist (1),HTA,Hapoel IBI Tel Aviv,P013284,"WAINRIGHT, ISH",12,5,05:03,303.0,297,8,8,0,0,0,False,0,
E2026,3,1,Q1,79,RV,Foul Drawn (2),HTA,Hapoel IBI Tel Aviv,P008987,"LEDAY, ZACH",16,5,05:03,303.0,297,8,8,0,0,0,False,0,
E2026,3,1,Q1,80,CM,Foul (1),MUN,FC Bayern Munich,P003958,"THIEMANN, JOHANNES",32,5,05:03,303.0,297,8,8,0,0,0,False,0,
E2026,3,1,Q1,81,FTM,Free Throw In (1/1 -  3 pt),HTA,Hapoel IBI Tel Aviv,P008987,"LEDAY, ZACH",16,5,05:03,303.0,297,9,8,1,0,1,True,0,
E2026,3,1,Q1,83,2FGA,Missed Two Pointer (0/1 -  0 pt),MUN,FC Bayern Munich,P014732,"BEAUCHAMP, MARJON",3,6,04:47,287.0,313,9,8,0,0,1,False,0,
E2026,3,1,Q1,84,D,Def Rebound (2),HTA,Hapoel IBI Tel Aviv,P008987,"LEDAY, ZACH",16,6,04:45,285.0,315,9,8,0,0,1,False,0,
E2026,3,1,Q1,85,RV,Foul Drawn (3),HTA,Hapoel IBI Tel Aviv,P008987,"LEDAY, ZACH",16,6,04:42,282.0,318,9,8,0,0,1,False,0,
E2026,3,1,Q1,86,CM,Foul (2),MUN,FC Bayern Munich,P014732,"BEAUCHAMP, MARJON",3,6,04:42,282.0,318,9,8,0,0,1,False,0,
E2026,3,1,Q1,87,TOUT_TV,TV Time Out (1),,,,,,6,04:42,282.0,318,9,8,0,0,1,False,0,
E2026,3,1,Q1,88,OUT,Out,MUN,FC Bayern Munich,P014134,"NORRIS, MILES",0,6,04:42,282.0,318,9,8,0,0,1,False,0,
E2026,3,1,Q1,89,IN,In,MUN,FC Bayern Munich,P011244,"DA SILVA, OSCAR",1,6,04:42,282.0,318,9,8,0,0,1,False,0,
E2026,3,1,Q1,90,OUT,Out,MUN,FC Bayern Munich,P014732,"BEAUCHAMP, MARJON",3,6,04:42,282.0,318,9,8,0,0,1,False,0,
E2026,3,1,Q1,91,IN,In,MUN,FC Bayern Munich,P001288,"LUCIC, VLADIMIR",11,6,04:42,282.0,318,9,8,0,0,1,False,0,
E2026,3,1,Q1,92,FTM,Free Throw In (2/2 -  4 pt),HTA,Hapoel IBI Tel Aviv,P008987,"LEDAY, ZACH",16,6,04:42,282.0,318,10,8,1,0,2,True,0,
E2026,3,1,Q1,93,FTM,Free Throw In (3/3 -  5 pt),HTA,Hapoel IBI Tel Aviv,P008987,"LEDAY, ZACH",16,6,04:42,282.0,318,11,8,1,0,3,True,0,
E2026,3,1,Q1,94,RV,Foul Drawn (1),MUN,FC Bayern Munich,P003958,"THIEMANN, JOHANNES",32,6,04:30,270.0,330,11,8,0,0,3,False,0,
E2026,3,1,Q1,95,CM,Foul (1),HTA,Hapoel IBI Tel Aviv,P013284,"WAINRIGHT, ISH",12,6,04:30,270.0,330,11,8,0,0,3,False,0,
E2026,3,1,Q1,96,FTM,Free Throw In (1/1 -  1 pt),MUN,FC Bayern Munich,P003958,"THIEMANN, JOHANNES",32,6,04:30,270.0,330,11,9,0,1,2,True,0,
E2026,3,1,Q1,97,FTM,Free Throw In (2/2 -  2 pt),MUN,FC Bayern Munich,P003958,"THIEMANN, JOHANNES",32,6,04:30,270.0,330,11,10,0,1,1,True,0,
E2026,3,1,Q1,98,3FGA,Missed Three Pointer (0/2 -  2 pt),HTA,Hapoel IBI Tel Aviv,P009846,"BRYANT, ELIJAH",3,6,04:17,257.0,343,11,10,0,0,1,False,0,
E2026,3,1,Q1,99,D,Def Rebound (1),MUN,FC Bayern Munich,P003958,"THIEMANN, JOHANNES",32,6,04:16,256.0,344,11,10,0,0,1,False,0,
E2026,3,1,Q1,100,2FGM,Two Pointer (2/2 -  10 pt),MUN,FC Bayern Munich,P004508,"OBST, ANDREAS",13,6,04:07,247.0,353,11,12,0,2,-1,True,0,
E2026,3,1,Q1,102,2FGM,Two Pointer (2/2 -  4 pt),HTA,Hapoel IBI Tel Aviv,P012788,"OTURU, DAN",25,7,03:56,236.0,364,13,12,2,0,1,True,0,
E2026,3,1,Q1,103,AS,Assist (1),HTA,Hapoel IBI Tel Aviv,P009846,"BRYANT, ELIJAH",3,7,03:54,234.0,366,13,12,0,0,1,False,0,
E2026,3,1,Q1,104,3FGA,Missed Three Pointer (0/1 -  2 pt),MUN,FC Bayern Munich,P003958,"THIEMANN, JOHANNES",32,7,03:38,218.0,382,13,12,0,0,1,False,0,
E2026,3,1,Q1,105,D,Def Rebound (1),HTA,Hapoel IBI Tel Aviv,P013284,"WAINRIGHT, ISH",12,7,03:36,216.0,384,13,12,0,0,1,False,0,
E2026,3,1,Q1,106,2FGM,Two Pointer (3/3 -  6 pt),HTA,Hapoel IBI Tel Aviv,P012788,"OTURU, DAN",25,7,03:28,208.0,392,15,12,2,0,3,True,0,
E2026,3,1,Q1,107,AS,Assist (1),HTA,Hapoel IBI Tel Aviv,P002580,"MICIC, VASILIJE",22,7,03:27,207.0,393,15,12,0,0,3,False,0,
E2026,3,1,Q1,108,2FGM,Two Pointer (1/1 -  4 pt),MUN,FC Bayern Munich,P003958,"THIEMANN, JOHANNES",32,7,03:12,192.0,408,15,14,0,2,1,True,0,
E2026,3,1,Q1,109,AS,Assist (1),MUN,FC Bayern Munich,P007519,"JOKUBAITIS, ROKAS",31,7,03:09,189.0,411,15,14,0,0,1,False,0,
E2026,3,1,Q1,111,2FGA,Missed Two Pointer (0/3 -  2 pt),HTA,Hapoel IBI Tel Aviv,P002580,"MICIC, VASILIJE",22,8,02:54,174.0,426,15,14,0,0,1,False,0,
E2026,3,1,Q1,112,O,Off Rebound (2),HTA,Hapoel IBI Tel Aviv,P012788,"OTURU, DAN",25,8,02:52,172.0,428,15,14,0,0,1,False,0,
E2026,3,1,Q1,113,2FGM,Two Pointer (4/4 -  8 pt),HTA,Hapoel IBI Tel Aviv,P012788,"OTURU, DAN",25,8,02:52,172.0,428,17,14,2,0,3,True,0,
E2026,3,1,Q1,114,2FGA,Missed Two Pointer (0/1 -  0 pt),MUN,FC Bayern Munich,P007519,"JOKUBAITIS, ROKAS",31,8,02:43,163.0,437,17,14,0,0,3,False,0,
E2026,3,1,Q1,115,AG,Shot Rejected (1),MUN,FC Bayern Munich,P007519,"JOKUBAITIS, ROKAS",31,8,02:43,163.0,437,17,14,0,0,3,False,0,
E2026,3,1,Q1,116,FV,Block (2),HTA,Hapoel IBI Tel Aviv,P012788,"OTURU, DAN",25,8,02:42,162.0,438,17,14,0,0,3,False,0,
E2026,3,1,Q1,117,D,Def Rebound (5),HTA,Hapoel IBI Tel Aviv,P012788,"OTURU, DAN",25,8,02:38,158.0,442,17,14,0,0,3,False,0,
E2026,3,1,Q1,118,2FGA,Missed Two Pointer (0/1 -  0 pt),HTA,Hapoel IBI Tel Aviv,P013284,"WAINRIGHT, ISH",12,8,02:27,147.0,453,17,14,0,0,3,False,0,
E2026,3,1,Q1,119,O,Off Rebound (1),HTA,Hapoel IBI Tel Aviv,P008987,"LEDAY, ZACH",16,8,02:25,145.0,455,17,14,0,0,3,False,0,
E2026,3,1,Q1,120,2FGA,Missed Two Pointer (1/2 -  5 pt),HTA,Hapoel IBI Tel Aviv,P008987,"LEDAY, ZACH",16,8,02:22,142.0,458,17,14,0,0,3,False,0,
E2026,3,1,Q1,121,O,Off Rebound (2),HTA,Hapoel IBI Tel Aviv,P013284,"WAINRIGHT, ISH",12,8,02:21,141.0,459,17,14,0,0,3,False,0,
E2026,3,1,Q1,122,2FGA,Missed Two Pointer (4/5 -  8 pt),HTA,Hapoel IBI Tel Aviv,P012788,"OTURU, DAN",25,8,02:12,132.0,468,17,14,0,0,3,False,0,
E2026,3,1,Q1,123,D,Def Rebound (2),MUN,FC Bayern Munich,P003958,"THIEMANN, JOHANNES",32,8,02:08,128.0,472,17,14,0,0,3,False,0,
E2026,3,1,Q1,124,RV,Foul Drawn (2),MUN,FC Bayern Munich,P004508,"OBST, ANDREAS",13,8,02:06,126.0,474,17,14,0,0,3,False,0,
E2026,3,1,Q1,125,CM,Foul (1),HTA,Hapoel IBI Tel Aviv,P009846,"BRYANT, ELIJAH",3,8,02:06,126.0,474,17,14,0,0,3,False,0,
E2026,3,1,Q1,126,IN,In,HTA,Hapoel IBI Tel Aviv,P015152,"GERMAN, EUGENE",1,8,02:06,126.0,474,17,14,0,0,3,False,0,
E2026,3,1,Q1,127,IN,In,HTA,Hapoel IBI Tel Aviv,P013402,"BLAKENEY, ANTONIO",2,8,02:06,126.0,474,17,14,0,0,3,False,0,
E2026,3,1,Q1,128,OUT,Out,HTA,Hapoel IBI Tel Aviv,P009846,"BRYANT, ELIJAH",3,8,02:06,126.0,474,17,14,0,0,3,False,0,
E2026,3,1,Q1,129,IN,In,HTA,Hapoel IBI Tel Aviv,P002939,"SATORANSKY, TOMAS",13,8,02:06,126.0,474,17,14,0,0,3,False,0,
E2026,3,1,Q1,130,OUT,Out,HTA,Hapoel IBI Tel Aviv,P008987,"LEDAY, ZACH",16,8,02:06,126.0,474,17,14,0,0,3,False,0,
E2026,3,1,Q1,131,IN,In,HTA,Hapoel IBI Tel Aviv,P011823,"ODIASE, TAI",21,8,02:06,126.0,474,17,14,0,0,3,False,0,
E2026,3,1,Q1,132,OUT,Out,HTA,Hapoel IBI Tel Aviv,P002580,"MICIC, VASILIJE",22,8,02:06,126.0,474,17,14,0,0,3,False,0,
E2026,3,1,Q1,133,OUT,Out,HTA,Hapoel IBI Tel Aviv,P012788,"OTURU, DAN",25,8,02:06,126.0,474,17,14,0,0,3,False,0,
E2026,3,1,Q1,134,IN,In,MUN,FC Bayern Munich,P013290,"JESSUP, JUSTINIAN",10,8,02:06,126.0,474,17,14,0,0,3,False,0,
E2026,3,1,Q1,135,OUT,Out,MUN,FC Bayern Munich,P004508,"OBST, ANDREAS",13,8,02:06,126.0,474,17,14,0,0,3,False,0,
E2026,3,1,Q1,137,2FGM,Two Pointer (2/2 -  6 pt),MUN,FC Bayern Munich,P003958,"THIEMANN, JOHANNES",32,9,01:55,115.0,485,17,16,0,2,1,True,0,
E2026,3,1,Q1,138,AS,Assist (2),MUN,FC Bayern Munich,P007519,"JOKUBAITIS, ROKAS",31,9,01:53,113.0,487,17,16,0,0,1,False,0,
E2026,3,1,Q1,139,2FGA,Missed Two Pointer (0/1 -  0 pt),HTA,Hapoel IBI Tel Aviv,P013402,"BLAKENEY, ANTONIO",2,9,01:31,91.0,509,17,16,0,0,1,False,0,
E2026,3,1,Q1,140,D,Def Rebound (1),MUN,FC Bayern Munich,P007519,"JOKUBAITIS, ROKAS",31,9,01:29,89.0,511,17,16,0,0,1,False,0,
E2026,3,1,Q1,141,3FGA,Missed Three Pointer (0/2 -  6 pt),MUN,FC Bayern Munich,P003958,"THIEMANN, JOHANNES",32,9,01:21,81.0,519,17,16,0,0,1,False,0,
E2026,3,1,Q1,142,D,Def Rebound (2),HTA,Hapoel IBI Tel Aviv,,,,9,01:19,79.0,521,17,16,0,0,1,False,0,
E2026,3,1,Q1,143,IN,In,HTA,Hapoel IBI Tel Aviv,P015151,"TOPPIN, JACOB",0,9,01:19,79.0,521,17,16,0,0,1,False,0,
E2026,3,1,Q1,144,OUT,Out,HTA,Hapoel IBI Tel Aviv,P013284,"WAINRIGHT, ISH",12,9,01:19,79.0,521,17,16,0,0,1,False,0,
E2026,3,1,Q1,145,2FGA,Missed Two Pointer (0/1 -  0 pt),HTA,Hapoel IBI Tel Aviv,P002939,"SATORANSKY, TOMAS",13,9,01:07,67.0,533,17,16,0,0,1,False,0,
E2026,3,1,Q1,146,O,Off Rebound (1),HTA,Hapoel IBI Tel Aviv,P015151,"TOPPIN, JACOB",0,9,01:03,63.0,537,17,16,0,0,1,False,0,
E2026,3,1,Q1,147,2FGM,Two Pointer (1/1 -  2 pt),HTA,Hapoel IBI Tel Aviv,P015151,"TOPPIN, JACOB",0,9,01:03,63.0,537,19,16,2,0,3,True,0,
E2026,3,1,Q1,149,2FGA,Missed Two Pointer (0/2 -  0 pt),MUN,FC Bayern Munich,P007519,"JOKUBAITIS, ROKAS",31,10,00:50,50.0,550,19,16,0,0,3,False,0,
E2026,3,1,Q1,150,D,Def Rebound (1),HTA,Hapoel IBI Tel Aviv,P002939,"SATORANSKY, TOMAS",13,10,00:48,48.0,552,19,16,0,0,3,False,0,
E2026,3,1,Q1,151,2FGM,Two Pointer (2/2 -  4 pt),HTA,Hapoel IBI Tel Aviv,P015151,"TOPPIN, JACOB",0,10,00:36,36.0,564,21,16,2,0,5,True,0,
E2026,3,1,Q1,152,TOUT,Time Out (1),MUN,FC Bayern Munich,,,,10,00:36,36.0,564,21,16,0,0,5,False,0,
E2026,3,1,Q1,153,2FGA,Missed Two Pointer (0/3 -  0 pt),MUN,FC Bayern Munich,P007519,"JOKUBAITIS, ROKAS",31,10,00:21,21.0,579,21,16,0,0,5,False,0,
E2026,3,1,Q1,154,D,Def Rebound (2),HTA,Hapoel IBI Tel Aviv,P002939,"SATORANSKY, TOMAS",13,10,00:18,18.0,582,21,16,0,0,5,False,0,
E2026,3,1,Q1,156,EP,End Period,,,,,,11,,,660,21,16,0,0,5,False,0,
E2026,3,2,Q2,159,BP,Begin Period,,,,,,11,,,660,21,16,0,0,5,False,0,
E2026,3,2,Q2,157,IN,In,MUN,FC Bayern Munich,P009513,"HOLLATZ, JUSTUS",21,11,10:00,600.0,600,21,16,0,0,5,False,0,
E2026,3,2,Q2,158,OUT,Out,MUN,FC Bayern Munich,P007519,"JOKUBAITIS, ROKAS",31,11,10:00,600.0,600,21,16,0,0,5,False,0,
E2026,3,2,Q2,160,3FGA,Missed Three Pointer (0/1 -  0 pt),HTA,Hapoel IBI Tel Aviv,P013402,"BLAKENEY, ANTONIO",2,11,09:46,586.0,614,21,16,0,0,5,False,0,
E2026,3,2,Q2,161,D,Def Rebound (1),MUN,FC Bayern Munich,P001288,"LUCIC, VLADIMIR",11,11,09:45,585.0,615,21,16,0,0,5,False,0,
E2026,3,2,Q2,162,OF,Offensive Foul (2),MUN,FC Bayern Munich,P003958,"THIEMANN, JOHANNES",32,11,09:33,573.0,627,21,16,0,0,5,False,0,
E2026,3,2,Q2,163,TO,Turnover (1),MUN,FC Bayern Munich,P003958,"THIEMANN, JOHANNES",32,11,09:33,573.0,627,21,16,0,0,5,False,0,
E2026,3,2,Q2,164,RV,Foul Drawn (1),HTA,Hapoel IBI Tel Aviv,P013402,"BLAKENEY, ANTONIO",2,11,09:33,573.0,627,21,16,0,0,5,False,0,
E2026,3,2,Q2,165,2FGM,Two Pointer (1/1 -  2 pt),HTA,Hapoel IBI Tel Aviv,P015152,"GERMAN, EUGENE",1,11,09:22,562.0,638,23,16,2,0,7,True,0,
E2026,3,2,Q2,166,RV,Foul Drawn (1),MUN,FC Bayern Munich,P011244,"DA SILVA, OSCAR",1,11,09:05,545.0,655,23,16,0,0,7,False,0,
E2026,3,2,Q2,167,CM,Foul (1),HTA,Hapoel IBI Tel Aviv,P015151,"TOPPIN, JACOB",0,11,09:05,545.0,655,23,16,0,0,7,False,0,
E2026,3,2,Q2,169,2FGM,Two Pointer (1/1 -  2 pt),MUN,FC Bayern Munich,P013290,"JESSUP, JUSTINIAN",10,12,08:57,537.0,663,23,18,0,2,5,True,0,
E2026,3,2,Q2,170,AS,Assist (1),MUN,FC Bayern Munich,P011244,"DA SILVA, OSCAR",1,12,08:56,536.0,664,23,18,0,0,5,False,0,
E2026,3,2,Q2,171,TO,Turnover (1),HTA,Hapoel IBI Tel Aviv,P015152,"GERMAN, EUGENE",1,12,08:43,523.0,677,23,18,0,0,5,False,0,
E2026,3,2,Q2,172,ST,Steal (1),MUN,FC Bayern Munich,P013290,"JESSUP, JUSTINIAN",10,12,08:39,519.0,681,23,18,0,0,5,False,0,
E2026,3,2,Q2,173,3FGM,Three Pointer (1/1 -  5 pt),MUN,FC Bayern Munich,P013290,"JESSUP, JUSTINIAN",10,12,08:33,513.0,687,23,21,0,3,2,True,0,
E2026,3,2,Q2,174,AS,Assist (3),MUN,FC Bayern Munich,P009513,"HOLLATZ, JUSTUS",21,12,08:32,512.0,688,23,21,0,0,2,False,0,
E2026,3,2,Q2,175,RV,Foul Drawn (1),HTA,Hapoel IBI Tel Aviv,P011823,"ODIASE, TAI",21,12,08:11,491.0,709,23,21,0,0,2,False,0,
E2026,3,2,Q2,176,CM,Foul (2),MUN,FC Bayern Munich,P009513,"HOLLATZ, JUSTUS",21,12,08:11,491.0,709,23,21,0,0,2,False,0,
E2026,3,2,Q2,177,IN,In,MUN,FC Bayern Munich,P007201,"VOIGTMANN, JOHANNES",7,12,08:11,491.0,709,23,21,0,0,2,False,0,
E2026,3,2,Q2,178,OUT,Out,MUN,FC Bayern Munich,P003958,"THIEMANN, JOHANNES",32,12,08:11,491.0,709,23,21,0,0,2,False,0,
E2026,3,2,Q2,180,3FGA,Missed Three Pointer (0/2 -  0 pt),HTA,Hapoel IBI Tel Aviv,P013402,"BLAKENEY, ANTONIO",2,13,07:54,474.0,726,23,21,0,0,2,False,0,
E2026,3,2,Q2,181,O,Off Rebound (1),HTA,Hapoel IBI Tel Aviv,,,,13,07:55,475.0,725,23,21,0,0,2,False,0,
E2026,3,2,Q2,182,RV,Foul Drawn (2),HTA,Hapoel IBI Tel Aviv,P011823,"ODIASE, TAI",21,13,07:55,475.0,725,23,21,0,0,2,False,0,
E2026,3,2,Q2,183,CM,Foul (1),MUN,FC Bayern Munich,P001288,"LUCIC, VLADIMIR",11,13,07:55,475.0,725,23,21,0,0,2,False,0,
E2026,3,2,Q2,184,3FGM,Three Pointer (1/1 -  5 pt),HTA,Hapoel IBI Tel Aviv,P015152,"GERMAN, EUGENE",1,13,07:43,463.0,737,26,21,3,0,5,True,0,
E2026,3,2,Q2,185,2FGM,Two Pointer (2/2 -  7 pt),MUN,FC Bayern Munich,P013290,"JESSUP, JUSTINIAN",10,13,07:29,449.0,751,26,23,0,2,3,True,0,
E2026,3,2,Q2,186,AS,Assist (1),MUN,FC Bayern Munich,P001288,"LUCIC, VLADIMIR",11,13,07:29,449.0,751,26,23,0,0,3,False,0,
E2026,3,2,Q2,187,RV,Foul Drawn (1),MUN,FC Bayern Munich,P013290,"JESSUP, JUSTINIAN",10,13,07:29,449.0,751,26,23,0,0,3,False,0,
E2026,3,2,Q2,188,CM,Foul (1),HTA,Hapoel IBI Tel Aviv,P011823,"ODIASE, TAI",21,13,07:29,449.0,751,26,23,0,0,3,False,0,
E2026,3,2,Q2,189,IN,In,MUN,FC Bayern Munich,P010726,"JENSEN, TOBIAS",8,13,07:29,449.0,751,26,23,0,0,3,False,0,
E2026,3,2,Q2,190,OUT,Out,MUN,FC Bayern Munich,P009513,"HOLLATZ, JUSTUS",21,13,07:29,449.0,751,26,23,0,0,3,False,0,
E2026,3,2,Q2,191,FTM,Free Throw In (1/1 -  8 pt),MUN,FC Bayern Munich,P013290,"JESSUP, JUSTINIAN",10,13,07:29,449.0,751,26,24,0,1,2,True,0,
E2026,3,2,Q2,192,2FGM,Two Pointer (3/3 -  6 pt),HTA,Hapoel IBI Tel Aviv,P015151,"TOPPIN, JACOB",0,13,07:07,427.0,773,28,24,2,0,4,True,0,
E2026,3,2,Q2,193,AS,Assist (1),HTA,Hapoel IBI Tel Aviv,P013402,"BLAKENEY, ANTONIO",2,13,07:05,425.0,775,28,24,0,0,4,False,0,
E2026,3,2,Q2,195,3FGA,Missed Three Pointer (0/1 -  0 pt),MUN,FC Bayern Munich,P011244,"DA SILVA, OSCAR",1,14,06:55,415.0,785,28,24,0,0,4,False,0,
E2026,3,2,Q2,196,D,Def Rebound (1),HTA,Hapoel IBI Tel Aviv,P013402,"BLAKENEY, ANTONIO",2,14,06:52,412.0,788,28,24,0,0,4,False,0,
E2026,3,2,Q2,197,2FGA,Missed Two Pointer (0/2 -  0 pt),HTA,Hapoel IBI Tel Aviv,P013402,"BLAKENEY, ANTONIO",2,14,06:45,405.0,795,28,24,0,0,4,False,0,
E2026,3,2,Q2,198,D,Def Rebound (1),MUN,FC Bayern Munich,P007201,"VOIGTMANN, JOHANNES",7,14,06:43,403.0,797,28,24,0,0,4,False,0,
E2026,3,2,Q2,199,2FGA,Missed Two Pointer (2/3 -  8 pt),MUN,FC Bayern Munich,P013290,"JESSUP, JUSTINIAN",10,14,06:38,398.0,802,28,24,0,0,4,False,0,
E2026,3,2,Q2,200,O,Off Rebound (2),MUN,FC Bayern Munich,,,,14,06:37,397.0,803,28,24,0,0,4,False,0,
E2026,3,2,Q2,201,2FGA,Missed Two Pointer (0/1 -  0 pt),MUN,FC Bayern Munich,P001288,"LUCIC, VLADIMIR",11,14,06:27,387.0,813,28,24,0,0,4,False,0,
E2026,3,2,Q2,202,O,Off Rebound (1),MUN,FC Bayern Munich,P007201,"VOIGTMANN, JOHANNES",7,14,06:25,385.0,815,28,24,0,0,4,False,0,
E2026,3,2,Q2,204,TO,Turnover (1),MUN,FC Bayern Munich,P010726,"JENSEN, TOBIAS",8,14,06:09,369.0,831,28,24,0,0,4,False,0,
E2026,3,2,Q2,205,ST,Steal (1),HTA,Hapoel IBI Tel Aviv,P011823,"ODIASE, TAI",21,14,06:08,368.0,832,28,24,0,0,4,False,0,
E2026,3,2,Q2,206,3FGM,Three Pointer (2/2 -  8 pt),HTA,Hapoel IBI Tel Aviv,P015152,"GERMAN, EUGENE",1,14,06:03,363.0,837,31,24,3,0,7,True,0,
E2026,3,2,Q2,208,3FGA,Missed Three Pointer (1/2 -  8 pt),MUN,FC Bayern Munich,P013290,"JESSUP, JUSTINIAN",10,15,05:49,349.0,851,31,24,0,0,7,False,0,
E2026,3,2,Q2,209,D,Def Rebound (1),HTA,Hapoel IBI Tel Aviv,P011823,"ODIASE, TAI",21,15,05:46,346.0,854,31,24,0,0,7,False,0,
E2026,3,2,Q2,210,OF,Offensive Foul (2),HTA,Hapoel IBI Tel Aviv,P011823,"ODIASE, TAI",21,15,05:42,342.0,858,31,24,0,0,7,False,0,
E2026,3,2,Q2,211,TO,Turnover (1),HTA,Hapoel IBI Tel Aviv,P011823,"ODIASE, TAI",21,15,05:42,342.0,858,31,24,0,0,7,False,0,
E2026,3,2,Q2,212,RV,Foul Drawn (1),MUN,FC Bayern Munich,P001288,"LUCIC, VLADIMIR",11,15,05:42,342.0,858,31,24,0,0,7,False,0,
E2026,3,2,Q2,213,OUT,Out,MUN,FC Bayern Munich,P013290,"JESSUP, JUSTINIAN",10,15,05:42,342.0,858,31,24,0,0,7,False,0,
E2026,3,2,Q2,214,IN,In,MUN,FC Bayern Munich,P004508,"OBST, ANDREAS",13,15,05:42,342.0,858,31,24,0,0,7,False,0,
E2026,3,2,Q2,215,OUT,Out,HTA,Hapoel IBI Tel Aviv,P011823,"ODIASE, TAI",21,15,05:42,342.0,858,31,24,0,0,7,False,0,
E2026,3,2,Q2,216,IN,In,HTA,Hapoel IBI Tel Aviv,P012788,"OTURU, DAN",25,15,05:42,342.0,858,31,24,0,0,7,False,0,
E2026,3,2,Q2,217,IN,In,MUN,FC Bayern Munich,P014134,"NORRIS, MILES",0,15,05:29,329.0,871,31,24,0,0,7,False,0,
E2026,3,2,Q2,218,OUT,Out,MUN,FC Bayern Munich,P011244,"DA SILVA, OSCAR",1,15,05:29,329.0,871,31,24,0,0,7,False,0,
E2026,3,2,Q2,219,IN,In,MUN,FC Bayern Munich,P014732,"BEAUCHAMP, MARJON",3,15,05:29,329.0,871,31,24,0,0,7,False,0,
E2026,3,2,Q2,220,OUT,Out,MUN,FC Bayern Munich,P001288,"LUCIC, VLADIMIR",11,15,05:29,329.0,871,31,24,0,0,7,False,0,
E2026,3,2,Q2,221,2FGM,Two Pointer (3/3 -  12 pt),MUN,FC Bayern Munich,P004508,"OBST, ANDREAS",13,15,05:22,322.0,878,31,26,0,2,5,True,0,
E2026,3,2,Q2,222,3FGA,Missed Three Pointer (2/3 -  8 pt),HTA,Hapoel IBI Tel Aviv,P015152,"GERMAN, EUGENE",1,15,05:04,304.0,896,31,26,0,0,5,False,0,
E2026,3,2,Q2,223,D,Def Rebound (1),MUN,FC Bayern Munich,P004508,"OBST, ANDREAS",13,15,05:01,301.0,899,31,26,0,0,5,False,0,
E2026,3,2,Q2,225,2FGA,Missed Two Pointer (3/4 -  12 pt),MUN,FC Bayern Munich,P004508,"OBST, ANDREAS",13,16,04:54,294.0,906,31,26,0,0,5,False,0,
E2026,3,2,Q2,226,O,Off Rebound (2),MUN,FC Bayern Munich,P007201,"VOIGTMANN, JOHANNES",7,16,04:54,294.0,906,31,26,0,0,5,False,0,
E2026,3,2,Q2,227,2FGM,Two Pointer (1/1 -  2 pt),MUN,FC Bayern Munich,P007201,"VOIGTMANN, JOHANNES",7,16,04:54,294.0,906,31,28,0,2,3,True,0,
E2026,3,2,Q2,228,TOUT,Time Out (1),HTA,Hapoel IBI Tel Aviv,,,,16,04:54,294.0,906,31,28,0,0,3,False,0,
E2026,3,2,Q2,229,TOUT_TV,TV Time Out (2),,,,,,16,04:54,294.0,906,31,28,0,0,3,False,0,
E2026,3,2,Q2,230,OUT,Out,HTA,Hapoel IBI Tel Aviv,P015152,"GERMAN, EUGENE",1,16,04:54,294.0,906,31,28,0,0,3,False,0,
E2026,3,2,Q2,231,OUT,Out,HTA,Hapoel IBI Tel Aviv,P013402,"BLAKENEY, ANTONIO",2,16,04:54,294.0,906,31,28,0,0,3,False,0,
E2026,3,2,Q2,232,IN,In,HTA,Hapoel IBI Tel Aviv,P009846,"BRYANT, ELIJAH",3,16,04:54,294.0,906,31,28,0,0,3,False,0,
E2026,3,2,Q2,233,IN,In,HTA,Hapoel IBI Tel Aviv,P002580,"MICIC, VASILIJE",22,16,04:54,294.0,906,31,28,0,0,3,False,0,
E2026,3,2,Q2,234,RV,Foul Drawn (3),HTA,Hapoel IBI Tel Aviv,P009846,"BRYANT, ELIJAH",3,16,04:47,287.0,913,31,28,0,0,3,False,0,
E2026,3,2,Q2,235,CM,Foul (3),MUN,FC Bayern Munich,P014732,"BEAUCHAMP, MARJON",3,16,04:47,287.0,913,31,28,0,0,3,False,0,
E2026,3,2,Q2,236,TO,Turnover (1),HTA,Hapoel IBI Tel Aviv,P012788,"OTURU, DAN",25,16,04:34,274.0,926,31,28,0,0,3,False,0,
E2026,3,2,Q2,237,ST,Steal (1),MUN,FC Bayern Munich,P010726,"JENSEN, TOBIAS",8,16,04:32,272.0,928,31,28,0,0,3,False,0,
E2026,3,2,Q2,238,2FGM,Two Pointer (1/1 -  2 pt),MUN,FC Bayern Munich,P010726,"JENSEN, TOBIAS",8,16,04:28,268.0,932,31,30,0,2,1,True,0,
E2026,3,2,Q2,239,RV,Foul Drawn (1),MUN,FC Bayern Munich,P010726,"JENSEN, TOBIAS",8,16,04:28,268.0,932,31,30,0,0,1,False,0,
E2026,3,2,Q2,240,CM,Foul (1),HTA,Hapoel IBI Tel Aviv,P002580,"MICIC, VASILIJE",22,16,04:28,268.0,932,31,30,0,0,1,False,0,
E2026,3,2,Q2,241,FTM,Free Throw In (1/1 -  3 pt),MUN,FC Bayern Munich,P010726,"JENSEN, TOBIAS",8,16,04:28,268.0,932,31,31,0,1,0,True,0,
E2026,3,2,Q2,242,3FGA,Missed Three Pointer (0/1 -  2 pt),HTA,Hapoel IBI Tel Aviv,P002580,"MICIC, VASILIJE",22,16,04:08,248.0,952,31,31,0,0,0,False,0,
E2026,3,2,Q2,243,D,Def Rebound (1),MUN,FC Bayern Munich,P014732,"BEAUCHAMP, MARJON",3,16,04:06,246.0,954,31,31,0,0,0,False,0,
E2026,3,2,Q2,244,3FGM,Three Pointer (1/2 -  3 pt),MUN,FC Bayern Munich,P014732,"BEAUCHAMP, MARJON",3,16,04:02,242.0,958,31,34,0,3,-3,True,0,
E2026,3,2,Q2,246,2FGM,Two Pointer (5/6 -  10 pt),HTA,Hapoel IBI Tel Aviv,P012788,"OTURU, DAN",25,17,03:41,221.0,979,33,34,2,0,-1,True,0,
E2026,3,2,Q2,247,3FGM,Three Pointer (3/3 -  15 pt),MUN,FC Bayern Munich,P004508,"OBST, ANDREAS",13,17,03:20,200.0,1000,33,37,0,3,-4,True,0,
E2026,3,2,Q2,248,AS,Assist (1),MUN,FC Bayern Munich,P010726,"JENSEN, TOBIAS",8,17,03:19,199.0,1001,33,37,0,0,-4,False,0,
E2026,3,2,Q2,249,2FGM,Two Pointer (1/1 -  4 pt),HTA,Hapoel IBI Tel Aviv,P009846,"BRYANT, ELIJAH",3,17,03:02,182.0,1018,35,37,2,0,-2,True,0,
E2026,3,2,Q2,251,RV,Foul Drawn (2),MUN,FC Bayern Munich,P010726,"JENSEN, TOBIAS",8,18,02:39,159.0,1041,35,37,0,0,-2,False,0,
E2026,3,2,Q2,252,CM,Foul (2),HTA,Hapoel IBI Tel Aviv,P002580,"MICIC, VASILIJE",22,18,02:39,159.0,1041,35,37,0,0,-2,False,0,
E2026,3,2,Q2,253,FTM,Free Throw In (2/2 -  4 pt),MUN,FC Bayern Munich,P010726,"JENSEN, TOBIAS",8,18,02:39,159.0,1041,35,38,0,1,-3,True,0,
E2026,3,2,Q2,254,FTM,Free Throw In (3/3 -  5 pt),MUN,FC Bayern Munich,P010726,"JENSEN, TOBIAS",8,18,02:39,159.0,1041,35,39,0,1,-4,True,0,
E2026,3,2,Q2,255,IN,In,HTA,Hapoel IBI Tel Aviv,P013402,"BLAKENEY, ANTONIO",2,18,02:39,159.0,1041,35,39,0,0,-4,False,0,
E2026,3,2,Q2,256,OUT,Out,HTA,Hapoel IBI Tel Aviv,P002939,"SATORANSKY, TOMAS",13,18,02:39,159.0,1041,35,39,0,0,-4,False,0,
E2026,3,2,Q2,257,3FGA,Missed Three Pointer (0/3 -  0 pt),HTA,Hapoel IBI Tel Aviv,P013402,"BLAKENEY, ANTONIO",2,18,02:12,132.0,1068,35,39,0,0,-4,False,0,
E2026,3,2,Q2,258,D,Def Rebound (2),MUN,FC Bayern Munich,P014134,"NORRIS, MILES",0,18,02:10,130.0,1070,35,39,0,0,-4,False,0,
E2026,3,2,Q2,259,3FGA,Missed Three Pointer (3/4 -  15 pt),MUN,FC Bayern Munich,P004508,"OBST, ANDREAS",13,18,02:04,124.0,1076,35,39,0,0,-4,False,0,
E2026,3,2,Q2,260,O,Off Rebound (1),MUN,FC Bayern Munich,P014134,"NORRIS, MILES",0,18,02:02,122.0,1078,35,39,0,0,-4,False,0,
E2026,3,2,Q2,262,3FGA,Missed Three Pointer (0/1 -  0 pt),MUN,FC Bayern Munich,P014134,"NORRIS, MILES",0,19,02:00,120.0,1080,35,39,0,0,-4,False,0,
E2026,3,2,Q2,263,O,Off Rebound (1),MUN,FC Bayern Munich,P010726,"JENSEN, TOBIAS",8,19,01:56,116.0,1084,35,39,0,0,-4,False,0,
E2026,3,2,Q2,264,2FGA,Missed Two Pointer (0/2 -  3 pt),MUN,FC Bayern Munich,P014732,"BEAUCHAMP, MARJON",3,19,01:52,112.0,1088,35,39,0,0,-4,False,0,
E2026,3,2,Q2,265,D,Def Rebound (2),HTA,Hapoel IBI Tel Aviv,P013402,"BLAKENEY, ANTONIO",2,19,01:50,110.0,1090,35,39,0,0,-4,False,0,
E2026,3,2,Q2,266,3FGA,Missed Three Pointer (0/2 -  2 pt),HTA,Hapoel IBI Tel Aviv,P002580,"MICIC, VASILIJE",22,19,01:38,98.0,1102,35,39,0,0,-4,False,0,
E2026,3,2,Q2,267,D,Def Rebound (2),MUN,FC Bayern Munich,P004508,"OBST, ANDREAS",13,19,01:35,95.0,1105,35,39,0,0,-4,False,0,
E2026,3,2,Q2,268,3FGM,Three Pointer (1/1 -  5 pt),MUN,FC Bayern Munich,P007201,"VOIGTMANN, JOHANNES",7,19,01:22,82.0,1118,35,42,0,3,-7,True,0,
E2026,3,2,Q2,269,AS,Assist (1),MUN,FC Bayern Munich,P004508,"OBST, ANDREAS",13,19,01:21,81.0,1119,35,42,0,0,-7,False,0,
E2026,3,2,Q2,270,TOUT,Time Out (2),HTA,Hapoel IBI Tel Aviv,,,,19,01:21,81.0,1119,35,42,0,0,-7,False,0,
E2026,3,2,Q2,271,OUT,Out,HTA,Hapoel IBI Tel Aviv,P015151,"TOPPIN, JACOB",0,19,01:21,81.0,1119,35,42,0,0,-7,False,0,
E2026,3,2,Q2,272,IN,In,HTA,Hapoel IBI Tel Aviv,P013284,"WAINRIGHT, ISH",12,19,01:21,81.0,1119,35,42,0,0,-7,False,0,
E2026,3,2,Q2,273,OUT,Out,MUN,FC Bayern Munich,P014732,"BEAUCHAMP, MARJON",3,19,01:21,81.0,1119,35,42,0,0,-7,False,0,
E2026,3,2,Q2,274,OUT,Out,MUN,FC Bayern Munich,P010726,"JENSEN, TOBIAS",8,19,01:21,81.0,1119,35,42,0,0,-7,False,0,
E2026,3,2,Q2,275,IN,In,MUN,FC Bayern Munich,P001288,"LUCIC, VLADIMIR",11,19,01:21,81.0,1119,35,42,0,0,-7,False,0,
E2026,3,2,Q2,276,IN,In,MUN,FC Bayern Munich,P007519,"JOKUBAITIS, ROKAS",31,19,01:21,81.0,1119,35,42,0,0,-7,False,0,
E2026,3,2,Q2,277,2FGM,Two Pointer (6/7 -  12 pt),HTA,Hapoel IBI Tel Aviv,P012788,"OTURU, DAN",25,19,01:03,63.0,1137,37,42,2,0,-5,True,0,
E2026,3,2,Q2,278,AS,Assist (2),HTA,Hapoel IBI Tel Aviv,P002580,"MICIC, VASILIJE",22,19,01:02,62.0,1138,37,42,0,0,-5,False,0,
E2026,3,2,Q2,280,2FGM,Two Pointer (4/5 -  17 pt),MUN,FC Bayern Munich,P004508,"OBST, ANDREAS",13,20,00:42,42.0,1158,37,44,0,2,-7,True,0,
E2026,3,2,Q2,281,2FGM,Two Pointer (1/4 -  4 pt),HTA,Hapoel IBI Tel Aviv,P002580,"MICIC, VASILIJE",22,20,00:25,25.0,1175,39,44,2,0,-5,True,0,
E2026,3,2,Q2,282,3FGA,Missed Three Pointer (3/5 -  17 pt),MUN,FC Bayern Munich,P004508,"OBST, ANDREAS",13,20,00:00,0.0,1200,39,44,0,0,-5,False,0,
E2026,3,2,Q2,284,EP,End Period,,,,,,21,,,1260,39,44,0,0,-5,False,0,
E2026,3,3,Q3,291,BP,Begin Period,,,,,,21,,,1260,39,44,0,0,-5,False,0,
E2026,3,3,Q3,285,OUT,Out,MUN,FC Bayern Munich,P007201,"VOIGTMANN, JOHANNES",7,21,10:00,600.0,1200,39,44,0,0,-5,False,0,
E2026,3,3,Q3,286,IN,In,MUN,FC Bayern Munich,P013290,"JESSUP, JUSTINIAN",10,21,10:00,600.0,1200,39,44,0,0,-5,False,0,
E2026,3,3,Q3,287,OUT,Out,MUN,FC Bayern Munich,P001288,"LUCIC, VLADIMIR",11,21,10:00,600.0,1200,39,44,0,0,-5,False,0,
E2026,3,3,Q3,288,IN,In,MUN,FC Bayern Munich,P009513,"HOLLATZ, JUSTUS",21,21,10:00,600.0,1200,39,44,0,0,-5,False,0,
E2026,3,3,Q3,289,OUT,Out,MUN,FC Bayern Munich,P007519,"JOKUBAITIS, ROKAS",31,21,10:00,600.0,1200,39,44,0,0,-5,False,0,
E2026,3,3,Q3,290,IN,In,MUN,FC Bayern Munich,P013278,"WILEY, AUSTIN",50,21,10:00,600.0,1200,39,44,0,0,-5,False,0,
E2026,3,3,Q3,292,TO,Turnover (1),HTA,Hapoel IBI Tel Aviv,P013402,"BLAKENEY, ANTONIO",2,21,09:45,585.0,1215,39,44,0,0,-5,False,0,
E2026,3,3,Q3,293,ST,Steal (1),MUN,FC Bayern Munich,P009513,"HOLLATZ, JUSTUS",21,21,09:44,584.0,1216,39,44,0,0,-5,False,0,
E2026,3,3,Q3,294,2FGM,Two Pointer (1/2 -  2 pt),MUN,FC Bayern Munich,P009513,"HOLLATZ, JUSTUS",21,21,09:43,583.0,1217,39,46,0,2,-7,True,0,
E2026,3,3,Q3,295,RV,Foul Drawn (2),HTA,Hapoel IBI Tel Aviv,P002580,"MICIC, VASILIJE",22,21,09:29,569.0,1231,39,46,0,0,-7,False,0,
E2026,3,3,Q3,296,CM,Foul (3),MUN,FC Bayern Munich,P013278,"WILEY, AUSTIN",50,21,09:29,569.0,1231,39,46,0,0,-7,False,0,
E2026,3,3,Q3,297,FTM,Free Throw In (3/3 -  5 pt),HTA,Hapoel IBI Tel Aviv,P002580,"MICIC, VASILIJE",22,21,09:29,569.0,1231,40,46,1,0,-6,True,0,
E2026,3,3,Q3,298,FTM,Free Throw In (4/4 -  6 pt),HTA,Hapoel IBI Tel Aviv,P002580,"MICIC, VASILIJE",22,21,09:29,569.0,1231,41,46,1,0,-5,True,0,
E2026,3,3,Q3,299,3FGA,Missed Three Pointer (0/1 -  2 pt),MUN,FC Bayern Munich,P009513,"HOLLATZ, JUSTUS",21,21,09:09,549.0,1251,41,46,0,0,-5,False,0,
E2026,3,3,Q3,300,O,Off Rebound (1),MUN,FC Bayern Munich,P013278,"WILEY, AUSTIN",50,21,09:08,548.0,1252,41,46,0,0,-5,False,0,
E2026,3,3,Q3,301,2FGM,Two Pointer (1/3 -  2 pt),MUN,FC Bayern Munich,P013278,"WILEY, AUSTIN",50,21,09:05,545.0,1255,41,48,0,2,-7,True,0,
E2026,3,3,Q3,303,2FGM,Two Pointer (7/8 -  14 pt),HTA,Hapoel IBI Tel Aviv,P012788,"OTURU, DAN",25,22,08:46,526.0,1274,43,48,2,0,-5,True,0,
E2026,3,3,Q3,304,3FGM,Three Pointer (2/3 -  11 pt),MUN,FC Bayern Munich,P013290,"JESSUP, JUSTINIAN",10,22,08:34,514.0,1286,43,51,0,3,-8,True,0,
E2026,3,3,Q3,305,2FGA,Missed Two Pointer (1/2 -  4 pt),HTA,Hapoel IBI Tel Aviv,P009846,"BRYANT, ELIJAH",3,22,08:21,501.0,1299,43,51,0,0,-8,False,0,
E2026,3,3,Q3,306,D,Def Rebound (3),MUN,FC Bayern Munich,P013278,"WILEY, AUSTIN",50,22,08:19,499.0,1301,43,51,0,0,-8,False,0,
E2026,3,3,Q3,307,3FGA,Missed Three Pointer (0/2 -  2 pt),MUN,FC Bayern Munich,P009513,"HOLLATZ, JUSTUS",21,22,08:10,490.0,1310,43,51,0,0,-8,False,0,
E2026,3,3,Q3,308,D,Def Rebound (1),HTA,Hapoel IBI Tel Aviv,P002580,"MICIC, VASILIJE",22,22,08:06,486.0,1314,43,51,0,0,-8,False,0,
E2026,3,3,Q3,310,2FGM,Two Pointer (8/9 -  16 pt),HTA,Hapoel IBI Tel Aviv,P012788,"OTURU, DAN",25,23,07:59,479.0,1321,45,51,2,0,-6,True,0,
E2026,3,3,Q3,311,AS,Assist (3),HTA,Hapoel IBI Tel Aviv,P002580,"MICIC, VASILIJE",22,23,07:57,477.0,1323,45,51,0,0,-6,False,0,
E2026,3,3,Q3,312,3FGA,Missed Three Pointer (2/4 -  11 pt),MUN,FC Bayern Munich,P013290,"JESSUP, JUSTINIAN",10,23,07:34,454.0,1346,45,51,0,0,-6,False,0,
E2026,3,3,Q3,313,AG,Shot Rejected (1),MUN,FC Bayern Munich,P013290,"JESSUP, JUSTINIAN",10,23,07:34,454.0,1346,45,51,0,0,-6,False,0,
E2026,3,3,Q3,314,FV,Block (1),HTA,Hapoel IBI Tel Aviv,P013284,"WAINRIGHT, ISH",12,23,07:32,452.0,1348,45,51,0,0,-6,False,0,
E2026,3,3,Q3,315,D,Def Rebound (2),HTA,Hapoel IBI Tel Aviv,P013284,"WAINRIGHT, ISH",12,23,07:30,450.0,1350,45,51,0,0,-6,False,0,
E2026,3,3,Q3,316,RV,Foul Drawn (4),HTA,Hapoel IBI Tel Aviv,P009846,"BRYANT, ELIJAH",3,23,07:22,442.0,1358,45,51,0,0,-6,False,0,
E2026,3,3,Q3,317,CM,Foul (3),MUN,FC Bayern Munich,P009513,"HOLLATZ, JUSTUS",21,23,07:22,442.0,1358,45,51,0,0,-6,False,0,
E2026,3,3,Q3,318,RV,Foul Drawn (3),HTA,Hapoel IBI Tel Aviv,P002580,"MICIC, VASILIJE",22,23,07:16,436.0,1364,45,51,0,0,-6,False,0,
E2026,3,3,Q3,319,CM,Foul (4),MUN,FC Bayern Munich,P009513,"HOLLATZ, JUSTUS",21,23,07:16,436.0,1364,45,51,0,0,-6,False,0,
E2026,3,3,Q3,320,OUT,Out,MUN,FC Bayern Munich,P009513,"HOLLATZ, JUSTUS",21,23,07:16,436.0,1364,45,51,0,0,-6,False,0,
E2026,3,3,Q3,321,IN,In,MUN,FC Bayern Munich,P007519,"JOKUBAITIS, ROKAS",31,23,07:16,436.0,1364,45,51,0,0,-6,False,0,
E2026,3,3,Q3,322,FTM,Free Throw In (5/5 -  7 pt),HTA,Hapoel IBI Tel Aviv,P002580,"MICIC, VASILIJE",22,23,07:16,436.0,1364,46,51,1,0,-5,True,0,
E2026,3,3,Q3,323,FTM,Free Throw In (6/6 -  8 pt),HTA,Hapoel IBI Tel Aviv,P002580,"MICIC, VASILIJE",22,23,07:16,436.0,1364,47,51,1,0,-4,True,0,
E2026,3,3,Q3,325,RV,Foul Drawn (3),MUN,FC Bayern Munich,P004508,"OBST, ANDREAS",13,24,06:55,415.0,1385,47,51,0,0,-4,False,0,
E2026,3,3,Q3,326,CM,Foul (1),HTA,Hapoel IBI Tel Aviv,P013402,"BLAKENEY, ANTONIO",2,24,06:55,415.0,1385,47,51,0,0,-4,False,0,
E2026,3,3,Q3,327,FTM,Free Throw In (1/2 -  18 pt),MUN,FC Bayern Munich,P004508,"OBST, ANDREAS",13,24,06:55,415.0,1385,47,52,0,1,-5,True,0,
E2026,3,3,Q3,328,FTM,Free Throw In (2/3 -  19 pt),MUN,FC Bayern Munich,P004508,"OBST, ANDREAS",13,24,06:55,415.0,1385,47,53,0,1,-6,True,0,
E2026,3,3,Q3,329,2FGA,Missed Two Pointer (0/2 -  0 pt),HTA,Hapoel IBI Tel Aviv,P013284,"WAINRIGHT, ISH",12,24,06:43,403.0,1397,47,53,0,0,-6,False,0,
E2026,3,3,Q3,330,O,Off Rebound (3),HTA,Hapoel IBI Tel Aviv,,,,24,06:42,402.0,1398,47,53,0,0,-6,False,0,
E2026,3,3,Q3,331,3FGA,Missed Three Pointer (0/3 -  4 pt),HTA,Hapoel IBI Tel Aviv,P009846,"BRYANT, ELIJAH",3,24,06:32,392.0,1408,47,53,0,0,-6,False,0,
E2026,3,3,Q3,332,D,Def Rebound (4),MUN,FC Bayern Munich,P013278,"WILEY, AUSTIN",50,24,06:27,387.0,1413,47,53,0,0,-6,False,0,
E2026,3,3,Q3,333,2FGM,Two Pointer (1/1 -  2 pt),MUN,FC Bayern Munich,P014134,"NORRIS, MILES",0,24,06:21,381.0,1419,47,55,0,2,-8,True,0,
E2026,3,3,Q3,334,AS,Assist (3),MUN,FC Bayern Munich,P007519,"JOKUBAITIS, ROKAS",31,24,06:19,379.0,1421,47,55,0,0,-8,False,0,
E2026,3,3,Q3,335,2FGM,Two Pointer (1/3 -  2 pt),HTA,Hapoel IBI Tel Aviv,P013284,"WAINRIGHT, ISH",12,24,06:05,365.0,1435,49,55,2,0,-6,True,0,
E2026,3,3,Q3,336,AS,Assist (2),HTA,Hapoel IBI Tel Aviv,P009846,"BRYANT, ELIJAH",3,24,06:04,364.0,1436,49,55,0,0,-6,False,0,
E2026,3,3,Q3,338,RV,Foul Drawn (1),MUN,FC Bayern Munich,P013278,"WILEY, AUSTIN",50,25,05:43,343.0,1457,49,55,0,0,-6,False,0,
E2026,3,3,Q3,339,CM,Foul (3),HTA,Hapoel IBI Tel Aviv,P002580,"MICIC, VASILIJE",22,25,05:43,343.0,1457,49,55,0,0,-6,False,0,
E2026,3,3,Q3,340,FTM,Free Throw In (1/1 -  3 pt),MUN,FC Bayern Munich,P013278,"WILEY, AUSTIN",50,25,05:43,343.0,1457,49,56,0,1,-7,True,0,
E2026,3,3,Q3,341,AS,Assist (4),MUN,FC Bayern Munich,P007519,"JOKUBAITIS, ROKAS",31,25,05:43,343.0,1457,49,56,0,0,-7,False,0,
E2026,3,3,Q3,342,FTM,Free Throw In (2/2 -  4 pt),MUN,FC Bayern Munich,P013278,"WILEY, AUSTIN",50,25,05:43,343.0,1457,49,57,0,1,-8,True,0,
E2026,3,3,Q3,343,IN,In,MUN,FC Bayern Munich,P003958,"THIEMANN, JOHANNES",32,25,05:43,343.0,1457,49,57,0,0,-8,False,0,
E2026,3,3,Q3,344,OUT,Out,MUN,FC Bayern Munich,P013278,"WILEY, AUSTIN",50,25,05:43,343.0,1457,49,57,0,0,-8,False,0,
E2026,3,3,Q3,345,2FGM,Two Pointer (2/3 -  6 pt),HTA,Hapoel IBI Tel Aviv,P009846,"BRYANT, ELIJAH",3,25,05:20,320.0,1480,51,57,2,0,-6,True,0,
E2026,3,3,Q3,346,2FGM,Two Pointer (3/3 -  8 pt),MUN,FC Bayern Munich,P003958,"THIEMANN, JOHANNES",32,25,05:05,305.0,1495,51,59,0,2,-8,True,0,
E2026,3,3,Q3,347,AS,Assist (5),MUN,FC Bayern Munich,P007519,"JOKUBAITIS, ROKAS",31,25,05:03,303.0,1497,51,59,0,0,-8,False,0,
E2026,3,3,Q3,349,3FGA,Missed Three Pointer (0/4 -  0 pt),HTA,Hapoel IBI Tel Aviv,P013402,"BLAKENEY, ANTONIO",2,26,04:52,292.0,1508,51,59,0,0,-8,False,0,
E2026,3,3,Q3,350,D,Def Rebound (3),MUN,FC Bayern Munich,P003958,"THIEMANN, JOHANNES",32,26,04:50,290.0,1510,51,59,0,0,-8,False,0,
E2026,3,3,Q3,351,2FGM,Two Pointer (1/4 -  2 pt),MUN,FC Bayern Munich,P007519,"JOKUBAITIS, ROKAS",31,26,04:42,282.0,1518,51,61,0,2,-10,True,0,
E2026,3,3,Q3,352,TO,Turnover (1),HTA,Hapoel IBI Tel Aviv,P013284,"WAINRIGHT, ISH",12,26,04:32,272.0,1528,51,61,0,0,-10,False,0,
E2026,3,3,Q3,353,TOUT_TV,TV Time Out (3),,,,,,26,04:32,272.0,1528,51,61,0,0,-10,False,0,
E2026,3,3,Q3,354,IN,In,MUN,FC Bayern Munich,P014732,"BEAUCHAMP, MARJON",3,26,04:32,272.0,1528,51,61,0,0,-10,False,0,
E2026,3,3,Q3,355,IN,In,MUN,FC Bayern Munich,P010726,"JENSEN, TOBIAS",8,26,04:32,272.0,1528,51,61,0,0,-10,False,0,
E2026,3,3,Q3,356,OUT,Out,MUN,FC Bayern Munich,P013290,"JESSUP, JUSTINIAN",10,26,04:32,272.0,1528,51,61,0,0,-10,False,0,
E2026,3,3,Q3,357,OUT,Out,MUN,FC Bayern Munich,P004508,"OBST, ANDREAS",13,26,04:32,272.0,1528,51,61,0,0,-10,False,0,
E2026,3,3,Q3,358,RV,Foul Drawn (2),MUN,FC Bayern Munich,P003958,"THIEMANN, JOHANNES",32,26,04:17,257.0,1543,51,61,0,0,-10,False,0,
E2026,3,3,Q3,359,CM,Foul (4),HTA,Hapoel IBI Tel Aviv,P002580,"MICIC, VASILIJE",22,26,04:17,257.0,1543,51,61,0,0,-10,False,0,
E2026,3,3,Q3,360,IN,In,HTA,Hapoel IBI Tel Aviv,P002939,"SATORANSKY, TOMAS",13,26,04:17,257.0,1543,51,61,0,0,-10,False,0,
E2026,3,3,Q3,361,OUT,Out,HTA,Hapoel IBI Tel Aviv,P002580,"MICIC, VASILIJE",22,26,04:17,257.0,1543,51,61,0,0,-10,False,0,
E2026,3,3,Q3,362,RV,Foul Drawn (1),MUN,FC Bayern Munich,P007519,"JOKUBAITIS, ROKAS",31,26,04:11,251.0,1549,51,61,0,0,-10,False,0,
E2026,3,3,Q3,363,CM,Foul (2),HTA,Hapoel IBI Tel Aviv,P012788,"OTURU, DAN",25,26,04:11,251.0,1549,51,61,0,0,-10,False,0,
E2026,3,3,Q3,364,2FGA,Missed Two Pointer (0/3 -  3 pt),MUN,FC Bayern Munich,P014732,"BEAUCHAMP, MARJON",3,26,04:02,242.0,1558,51,61,0,0,-10,False,0,
E2026,3,3,Q3,366,O,Off Rebound (1),MUN,FC Bayern Munich,P003958,"THIEMANN, JOHANNES",32,27,03:59,239.0,1561,51,61,0,0,-10,False,0,
E2026,3,3,Q3,367,TO,Turnover (2),MUN,FC Bayern Munich,P003958,"THIEMANN, JOHANNES",32,27,03:55,235.0,1565,51,61,0,0,-10,False,0,
E2026,3,3,Q3,368,ST,Steal (2),HTA,Hapoel IBI Tel Aviv,P013284,"WAINRIGHT, ISH",12,27,03:54,234.0,1566,51,61,0,0,-10,False,0,
E2026,3,3,Q3,369,TO,Turnover (2),HTA,Hapoel IBI Tel Aviv,P013284,"WAINRIGHT, ISH",12,27,03:52,232.0,1568,51,61,0,0,-10,False,0,
E2026,3,3,Q3,370,ST,Steal (1),MUN,FC Bayern Munich,P014134,"NORRIS, MILES",0,27,03:51,231.0,1569,51,61,0,0,-10,False,0,
E2026,3,3,Q3,371,2FGA,Missed Two Pointer (3/4 -  8 pt),MUN,FC Bayern Munich,P003958,"THIEMANN, JOHANNES",32,27,03:40,220.0,1580,51,61,0,0,-10,False,0,
E2026,3,3,Q3,372,O,Off Rebound (2),MUN,FC Bayern Munich,P014134,"NORRIS, MILES",0,27,03:37,217.0,1583,51,61,0,0,-10,False,0,
E2026,3,3,Q3,373,2FGM,Two Pointer (2/2 -  4 pt),MUN,FC Bayern Munich,P014134,"NORRIS, MILES",0,27,03:37,217.0,1583,51,63,0,2,-12,True,0,
E2026,3,3,Q3,374,TO,Turnover (2),HTA,Hapoel IBI Tel Aviv,P012788,"OTURU, DAN",25,27,03:17,197.0,1603,51,63,0,0,-12,False,0,
E2026,3,3,Q3,375,IN,In,HTA,Hapoel IBI Tel Aviv,P015151,"TOPPIN, JACOB",0,27,03:17,197.0,1603,51,63,0,0,-12,False,0,
E2026,3,3,Q3,376,OUT,Out,HTA,Hapoel IBI Tel Aviv,P013284,"WAINRIGHT, ISH",12,27,03:17,197.0,1603,51,63,0,0,-12,False,0,
E2026,3,3,Q3,377,IN,In,HTA,Hapoel IBI Tel Aviv,P008987,"LEDAY, ZACH",16,27,03:17,197.0,1603,51,63,0,0,-12,False,0,
E2026,3,3,Q3,378,OUT,Out,HTA,Hapoel IBI Tel Aviv,P012788,"OTURU, DAN",25,27,03:17,197.0,1603,51,63,0,0,-12,False,0,
E2026,3,3,Q3,379,OUT,Out,MUN,FC Bayern Munich,P014134,"NORRIS, MILES",0,27,03:17,197.0,1603,51,63,0,0,-12,False,0,
E2026,3,3,Q3,380,IN,In,MUN,FC Bayern Munich,P007201,"VOIGTMANN, JOHANNES",7,27,03:17,197.0,1603,51,63,0,0,-12,False,0,
E2026,3,3,Q3,382,2FGA,Missed Two Pointer (1/2 -  5 pt),MUN,FC Bayern Munich,P010726,"JENSEN, TOBIAS",8,28,02:56,176.0,1624,51,63,0,0,-12,False,0,
E2026,3,3,Q3,383,O,Off Rebound (2),MUN,FC Bayern Munich,P003958,"THIEMANN, JOHANNES",32,28,02:56,176.0,1624,51,63,0,0,-12,False,0,
E2026,3,3,Q3,384,RV,Foul Drawn (3),MUN,FC Bayern Munich,P003958,"THIEMANN, JOHANNES",32,28,02:56,176.0,1624,51,63,0,0,-12,False,0,
E2026,3,3,Q3,385,CM,Foul (1),HTA,Hapoel IBI Tel Aviv,P002939,"SATORANSKY, TOMAS",13,28,02:56,176.0,1624,51,63,0,0,-12,False,0,
E2026,3,3,Q3,386,IN,In,HTA,Hapoel IBI Tel Aviv,P015152,"GERMAN, EUGENE",1,28,02:56,176.0,1624,51,63,0,0,-12,False,0,
E2026,3,3,Q3,387,OUT,Out,HTA,Hapoel IBI Tel Aviv,P013402,"BLAKENEY, ANTONIO",2,28,02:56,176.0,1624,51,63,0,0,-12,False,0,
E2026,3,3,Q3,388,FTA,Missed Free Throw (2/3 -  8 pt),MUN,FC Bayern Munich,P003958,"THIEMANN, JOHANNES",32,28,02:56,176.0,1624,51,63,0,0,-12,False,0,
E2026,3,3,Q3,389,FTM,Free Throw In (3/4 -  9 pt),MUN,FC Bayern Munich,P003958,"THIEMANN, JOHANNES",32,28,02:56,176.0,1624,51,64,0,1,-13,True,0,
E2026,3,3,Q3,390,2FGA,Missed Two Pointer (1/3 -  5 pt),HTA,Hapoel IBI Tel Aviv,P008987,"LEDAY, ZACH",16,28,02:35,155.0,1645,51,64,0,0,-13,False,0,
E2026,3,3,Q3,391,D,Def Rebound (2),MUN,FC Bayern Munich,P014732,"BEAUCHAMP, MARJON",3,28,02:34,154.0,1646,51,64,0,0,-13,False,0,
E2026,3,3,Q3,392,RV,Foul Drawn (4),MUN,FC Bayern Munich,P003958,"THIEMANN, JOHANNES",32,28,02:22,142.0,1658,51,64,0,0,-13,False,0,
E2026,3,3,Q3,393,CM,Foul (1),HTA,Hapoel IBI Tel Aviv,P015152,"GERMAN, EUGENE",1,28,02:22,142.0,1658,51,64,0,0,-13,False,0,
E2026,3,3,Q3,394,FTM,Free Throw In (4/5 -  10 pt),MUN,FC Bayern Munich,P003958,"THIEMANN, JOHANNES",32,28,02:22,142.0,1658,51,65,0,1,-14,True,0,
E2026,3,3,Q3,395,AS,Assist (1),MUN,FC Bayern Munich,P007201,"VOIGTMANN, JOHANNES",7,28,02:22,142.0,1658,51,65,0,0,-14,False,0,
E2026,3,3,Q3,396,FTM,Free Throw In (5/6 -  11 pt),MUN,FC Bayern Munich,P003958,"THIEMANN, JOHANNES",32,28,02:22,142.0,1658,51,66,0,1,-15,True,0,
E2026,3,3,Q3,397,IN,In,HTA,Hapoel IBI Tel Aviv,P013402,"BLAKENEY, ANTONIO",2,28,02:22,142.0,1658,51,66,0,0,-15,False,0,
E2026,3,3,Q3,398,OUT,Out,HTA,Hapoel IBI Tel Aviv,P009846,"BRYANT, ELIJAH",3,28,02:22,142.0,1658,51,66,0,0,-15,False,0,
E2026,3,3,Q3,399,3FGM,Three Pointer (1/1 -  9 pt),HTA,Hapoel IBI Tel Aviv,P015151,"TOPPIN, JACOB",0,28,02:06,126.0,1674,54,66,3,0,-12,True,0,
E2026,3,3,Q3,400,AS,Assist (1),HTA,Hapoel IBI Tel Aviv,P002939,"SATORANSKY, TOMAS",13,28,02:04,124.0,1676,54,66,0,0,-12,False,0,
E2026,3,3,Q3,406,AG,Shot Rejected (1),MUN,FC Bayern Munich,P014732,"BEAUCHAMP, MARJON",3,29,01:51,111.0,1689,54,66,0,0,-12,False,0,
E2026,3,3,Q3,405,2FGA,Missed Two Pointer (0/4 -  3 pt),MUN,FC Bayern Munich,P014732,"BEAUCHAMP, MARJON",3,29,01:51,111.0,1689,54,66,0,0,-12,False,0,
E2026,3,3,Q3,404,CCH,Coach Challenge (1),HTA,Hapoel IBI Tel Aviv,,,,29,01:51,111.0,1689,54,66,0,0,-12,False,0,
E2026,3,3,Q3,407,FV,Block (1),HTA,Hapoel IBI Tel Aviv,P015151,"TOPPIN, JACOB",0,29,01:51,111.0,1689,54,66,0,0,-12,False,0,
E2026,3,3,Q3,408,D,Def Rebound (3),HTA,Hapoel IBI Tel Aviv,,,,29,01:51,111.0,1689,54,66,0,0,-12,False,0,
E2026,3,3,Q3,409,2FGA,Missed Two Pointer (1/2 -  8 pt),HTA,Hapoel IBI Tel Aviv,P015152,"GERMAN, EUGENE",1,29,01:29,89.0,1711,54,66,0,0,-12,False,0,
E2026,3,3,Q3,410,D,Def Rebound (2),MUN,FC Bayern Munich,P007201,"VOIGTMANN, JOHANNES",7,29,01:27,87.0,1713,54,66,0,0,-12,False,0,
E2026,3,3,Q3,411,2FGM,Two Pointer (2/5 -  4 pt),MUN,FC Bayern Munich,P007519,"JOKUBAITIS, ROKAS",31,29,01:09,69.0,1731,54,68,0,2,-14,True,0,
E2026,3,3,Q3,412,AS,Assist (1),MUN,FC Bayern Munich,P003958,"THIEMANN, JOHANNES",32,29,01:05,65.0,1735,54,68,0,0,-14,False,0,
E2026,3,3,Q3,414,RV,Foul Drawn (4),HTA,Hapoel IBI Tel Aviv,P008987,"LEDAY, ZACH",16,30,00:55,55.0,1745,54,68,0,0,-14,False,0,
E2026,3,3,Q3,415,CM,Foul (1),MUN,FC Bayern Munich,P007201,"VOIGTMANN, JOHANNES",7,30,00:55,55.0,1745,54,68,0,0,-14,False,0,
E2026,3,3,Q3,416,3FGM,Three Pointer (1/2 -  8 pt),HTA,Hapoel IBI Tel Aviv,P008987,"LEDAY, ZACH",16,30,00:46,46.0,1754,57,68,3,0,-11,True,0,
E2026,3,3,Q3,417,AS,Assist (2),HTA,Hapoel IBI Tel Aviv,P013402,"BLAKENEY, ANTONIO",2,30,00:44,44.0,1756,57,68,0,0,-11,False,0,
E2026,3,3,Q3,418,3FGA,Missed Three Pointer (1/2 -  5 pt),MUN,FC Bayern Munich,P007201,"VOIGTMANN, JOHANNES",7,30,00:22,22.0,1778,57,68,0,0,-11,False,0,
E2026,3,3,Q3,419,D,Def Rebound (3),HTA,Hapoel IBI Tel Aviv,P008987,"LEDAY, ZACH",16,30,00:19,19.0,1781,57,68,0,0,-11,False,0,
E2026,3,3,Q3,420,3FGA,Missed Three Pointer (2/4 -  8 pt),HTA,Hapoel IBI Tel Aviv,P015152,"GERMAN, EUGENE",1,30,00:00,0.0,1800,57,68,0,0,-11,False,0,
E2026,3,3,Q3,422,EP,End Period,,,,,,31,,,1860,57,68,0,0,-11,False,0,
E2026,3,4,Q4,425,BP,Begin Period,,,,,,31,,,1860,57,68,0,0,-11,False,0,
E2026,3,4,Q4,423,IN,In,MUN,FC Bayern Munich,P004508,"OBST, ANDREAS",13,31,10:00,600.0,1800,57,68,0,0,-11,False,0,
E2026,3,4,Q4,424,OUT,Out,MUN,FC Bayern Munich,P007519,"JOKUBAITIS, ROKAS",31,31,10:00,600.0,1800,57,68,0,0,-11,False,0,
E2026,3,4,Q4,426,2FGM,Two Pointer (4/5 -  13 pt),MUN,FC Bayern Munich,P003958,"THIEMANN, JOHANNES",32,31,09:49,589.0,1811,57,70,0,2,-13,True,0,
E2026,3,4,Q4,427,AS,Assist (1),MUN,FC Bayern Munich,P014732,"BEAUCHAMP, MARJON",3,31,09:47,587.0,1813,57,70,0,0,-13,False,0,
E2026,3,4,Q4,428,TO,Turnover (1),HTA,Hapoel IBI Tel Aviv,P002939,"SATORANSKY, TOMAS",13,31,09:34,574.0,1826,57,70,0,0,-13,False,0,
E2026,3,4,Q4,429,ST,Steal (2),MUN,FC Bayern Munich,P014732,"BEAUCHAMP, MARJON",3,31,09:33,573.0,1827,57,70,0,0,-13,False,0,
E2026,3,4,Q4,430,3FGM,Three Pointer (2/3 -  6 pt),MUN,FC Bayern Munich,P014732,"BEAUCHAMP, MARJON",3,31,09:19,559.0,1841,57,73,0,3,-16,True,0,
E2026,3,4,Q4,432,3FGA,Missed Three Pointer (0/5 -  0 pt),HTA,Hapoel IBI Tel Aviv,P013402,"BLAKENEY, ANTONIO",2,32,08:58,538.0,1862,57,73,0,0,-16,False,0,
E2026,3,4,Q4,433,D,Def Rebound (4),MUN,FC Bayern Munich,P003958,"THIEMANN, JOHANNES",32,32,08:56,536.0,1864,57,73,0,0,-16,False,0,
E2026,3,4,Q4,434,2FGM,Two Pointer (1/5 -  8 pt),MUN,FC Bayern Munich,P014732,"BEAUCHAMP, MARJON",3,32,08:45,525.0,1875,57,75,0,2,-18,True,0,
E2026,3,4,Q4,435,AS,Assist (2),MUN,FC Bayern Munich,P007201,"VOIGTMANN, JOHANNES",7,32,08:45,525.0,1875,57,75,0,0,-18,False,0,
E2026,3,4,Q4,437,TOUT,Time Out (1),HTA,Hapoel IBI Tel Aviv,,,,32,08:45,525.0,1875,57,75,0,0,-18,False,0,
E2026,3,4,Q4,438,TOUT_TV,TV Time Out (4),,,,,,32,08:45,525.0,1875,57,75,0,0,-18,False,0,
E2026,3,4,Q4,439,OUT,Out,HTA,Hapoel IBI Tel Aviv,P013402,"BLAKENEY, ANTONIO",2,32,08:45,525.0,1875,57,75,0,0,-18,False,0,
E2026,3,4,Q4,440,IN,In,HTA,Hapoel IBI Tel Aviv,P009846,"BRYANT, ELIJAH",3,32,08:45,525.0,1875,57,75,0,0,-18,False,0,
E2026,3,4,Q4,441,OUT,Out,HTA,Hapoel IBI Tel Aviv,P008987,"LEDAY, ZACH",16,32,08:45,525.0,1875,57,75,0,0,-18,False,0,
E2026,3,4,Q4,442,IN,In,HTA,Hapoel IBI Tel Aviv,P012788,"OTURU, DAN",25,32,08:45,525.0,1875,57,75,0,0,-18,False,0,
E2026,3,4,Q4,443,IN,In,MUN,FC Bayern Munich,P014134,"NORRIS, MILES",0,32,08:45,525.0,1875,57,75,0,0,-18,False,0,
E2026,3,4,Q4,444,OUT,Out,MUN,FC Bayern Munich,P003958,"THIEMANN, JOHANNES",32,32,08:45,525.0,1875,57,75,0,0,-18,False,0,
E2026,3,4,Q4,445,2FGA,Missed Two Pointer (1/3 -  8 pt),HTA,Hapoel IBI Tel Aviv,P015152,"GERMAN, EUGENE",1,32,08:30,510.0,1890,57,75,0,0,-18,False,0,
E2026,3,4,Q4,446,D,Def Rebound (3),MUN,FC Bayern Munich,P014732,"BEAUCHAMP, MARJON",3,32,08:28,508.0,1892,57,75,0,0,-18,False,0,
E2026,3,4,Q4,447,3FGA,Missed Three Pointer (0/2 -  4 pt),MUN,FC Bayern Munich,P014134,"NORRIS, MILES",0,32,08:11,491.0,1909,57,75,0,0,-18,False,0,
E2026,3,4,Q4,448,D,Def Rebound (1),HTA,Hapoel IBI Tel Aviv,P009846,"BRYANT, ELIJAH",3,32,08:07,487.0,1913,57,75,0,0,-18,False,0,
E2026,3,4,Q4,449,RV,Foul Drawn (5),HTA,Hapoel IBI Tel Aviv,P009846,"BRYANT, ELIJAH",3,32,08:06,486.0,1914,57,75,0,0,-18,False,0,
E2026,3,4,Q4,450,CM,Foul (1),MUN,FC Bayern Munich,P014134,"NORRIS, MILES",0,32,08:06,486.0,1914,57,75,0,0,-18,False,0,
E2026,3,4,Q4,452,OF,Offensive Foul (2),HTA,Hapoel IBI Tel Aviv,P009846,"BRYANT, ELIJAH",3,33,07:56,476.0,1924,57,75,0,0,-18,False,0,
E2026,3,4,Q4,453,TO,Turnover (2),HTA,Hapoel IBI Tel Aviv,P009846,"BRYANT, ELIJAH",3,33,07:56,476.0,1924,57,75,0,0,-18,False,0,
E2026,3,4,Q4,455,RV,Foul Drawn (1),MUN,FC Bayern Munich,P014732,"BEAUCHAMP, MARJON",3,33,07:56,476.0,1924,57,75,0,0,-18,False,0,
E2026,3,4,Q4,456,OF,Offensive Foul (2),MUN,FC Bayern Munich,P014134,"NORRIS, MILES",0,33,07:49,469.0,1931,57,75,0,0,-18,False,0,
E2026,3,4,Q4,457,TO,Turnover (2),MUN,FC Bayern Munich,P014134,"NORRIS, MILES",0,33,07:49,469.0,1931,57,75,0,0,-18,False,0,
E2026,3,4,Q4,458,RV,Foul Drawn (6),HTA,Hapoel IBI Tel Aviv,P009846,"BRYANT, ELIJAH",3,33,07:49,469.0,1931,57,75,0,0,-18,False,0,
E2026,3,4,Q4,459,OUT,Out,HTA,Hapoel IBI Tel Aviv,P002939,"SATORANSKY, TOMAS",13,33,07:49,469.0,1931,57,75,0,0,-18,False,0,
E2026,3,4,Q4,460,IN,In,HTA,Hapoel IBI Tel Aviv,P002580,"MICIC, VASILIJE",22,33,07:49,469.0,1931,57,75,0,0,-18,False,0,
E2026,3,4,Q4,461,RV,Foul Drawn (1),HTA,Hapoel IBI Tel Aviv,P012788,"OTURU, DAN",25,33,07:33,453.0,1947,57,75,0,0,-18,False,0,
E2026,3,4,Q4,462,CM,Foul (1),MUN,FC Bayern Munich,P010726,"JENSEN, TOBIAS",8,33,07:33,453.0,1947,57,75,0,0,-18,False,0,
E2026,3,4,Q4,463,3FGA,Missed Three Pointer (0/3 -  8 pt),HTA,Hapoel IBI Tel Aviv,P002580,"MICIC, VASILIJE",22,33,07:18,438.0,1962,57,75,0,0,-18,False,0,
E2026,3,4,Q4,464,O,Off Rebound (2),HTA,Hapoel IBI Tel Aviv,P015151,"TOPPIN, JACOB",0,33,07:15,435.0,1965,57,75,0,0,-18,False,0,
E2026,3,4,Q4,465,2FGM,Two Pointer (4/4 -  11 pt),HTA,Hapoel IBI Tel Aviv,P015151,"TOPPIN, JACOB",0,33,07:14,434.0,1966,59,75,2,0,-16,True,0,
E2026,3,4,Q4,467,3FGA,Missed Three Pointer (3/6 -  19 pt),MUN,FC Bayern Munich,P004508,"OBST, ANDREAS",13,34,06:59,419.0,1981,59,75,0,0,-16,False,0,
E2026,3,4,Q4,468,D,Def Rebound (1),HTA,Hapoel IBI Tel Aviv,P015151,"TOPPIN, JACOB",0,34,06:57,417.0,1983,59,75,0,0,-16,False,0,
E2026,3,4,Q4,469,2FGM,Two Pointer (9/10 -  18 pt),HTA,Hapoel IBI Tel Aviv,P012788,"OTURU, DAN",25,34,06:49,409.0,1991,61,75,2,0,-14,True,0,
E2026,3,4,Q4,470,AS,Assist (3),HTA,Hapoel IBI Tel Aviv,P009846,"BRYANT, ELIJAH",3,34,06:49,409.0,1991,61,75,0,0,-14,False,0,
E2026,3,4,Q4,471,TOUT,Time Out (1),MUN,FC Bayern Munich,,,,34,06:49,409.0,1991,61,75,0,0,-14,False,0,
E2026,3,4,Q4,472,OUT,Out,HTA,Hapoel IBI Tel Aviv,P015152,"GERMAN, EUGENE",1,34,06:49,409.0,1991,61,75,0,0,-14,False,0,
E2026,3,4,Q4,473,IN,In,HTA,Hapoel IBI Tel Aviv,P013402,"BLAKENEY, ANTONIO",2,34,06:49,409.0,1991,61,75,0,0,-14,False,0,
E2026,3,4,Q4,474,OUT,Out,MUN,FC Bayern Munich,P007201,"VOIGTMANN, JOHANNES",7,34,06:49,409.0,1991,61,75,0,0,-14,False,0,
E2026,3,4,Q4,475,IN,In,MUN,FC Bayern Munich,P013278,"WILEY, AUSTIN",50,34,06:49,409.0,1991,61,75,0,0,-14,False,0,
E2026,3,4,Q4,476,3FGA,Missed Three Pointer (0/1 -  5 pt),MUN,FC Bayern Munich,P010726,"JENSEN, TOBIAS",8,34,06:34,394.0,2006,61,75,0,0,-14,False,0,
E2026,3,4,Q4,477,D,Def Rebound (6),HTA,Hapoel IBI Tel Aviv,P012788,"OTURU, DAN",25,34,06:33,393.0,2007,61,75,0,0,-14,False,0,
E2026,3,4,Q4,478,2FGM,Two Pointer (3/4 -  8 pt),HTA,Hapoel IBI Tel Aviv,P009846,"BRYANT, ELIJAH",3,34,06:25,385.0,2015,63,75,2,0,-12,True,0,
E2026,3,4,Q4,479,TO,Turnover (3),MUN,FC Bayern Munich,P014134,"NORRIS, MILES",0,34,06:15,375.0,2025,63,75,0,0,-12,False,0,
E2026,3,4,Q4,480,ST,Steal (1),HTA,Hapoel IBI Tel Aviv,P015151,"TOPPIN, JACOB",0,34,06:13,373.0,2027,63,75,0,0,-12,False,0,
E2026,3,4,Q4,481,2FGA,Missed Two Pointer (1/5 -  8 pt),HTA,Hapoel IBI Tel Aviv,P002580,"MICIC, VASILIJE",22,34,06:10,370.0,2030,63,75,0,0,-12,False,0,
E2026,3,4,Q4,482,AG,Shot Rejected (1),HTA,Hapoel IBI Tel Aviv,P002580,"MICIC, VASILIJE",22,34,06:10,370.0,2030,63,75,0,0,-12,False,0,
E2026,3,4,Q4,483,FV,Block (1),MUN,FC Bayern Munich,P014134,"NORRIS, MILES",0,34,06:10,370.0,2030,63,75,0,0,-12,False,0,
E2026,3,4,Q4,484,O,Off Rebound (4),HTA,Hapoel IBI Tel Aviv,,,,34,06:10,370.0,2030,63,75,0,0,-12,False,0,
E2026,3,4,Q4,485,OUT,Out,MUN,FC Bayern Munich,P010726,"JENSEN, TOBIAS",8,34,06:10,370.0,2030,63,75,0,0,-12,False,0,
E2026,3,4,Q4,486,IN,In,MUN,FC Bayern Munich,P007519,"JOKUBAITIS, ROKAS",31,34,06:10,370.0,2030,63,75,0,0,-12,False,0,
E2026,3,4,Q4,487,3FGM,Three Pointer (1/4 -  11 pt),HTA,Hapoel IBI Tel Aviv,P002580,"MICIC, VASILIJE",22,34,06:04,364.0,2036,66,75,3,0,-9,True,0,
E2026,3,4,Q4,488,AS,Assist (1),HTA,Hapoel IBI Tel Aviv,P012788,"OTURU, DAN",25,34,06:02,362.0,2038,66,75,0,0,-9,False,0,
E2026,3,4,Q4,490,2FGA,Missed Two Pointer (1/6 -  8 pt),MUN,FC Bayern Munich,P014732,"BEAUCHAMP, MARJON",3,35,05:51,351.0,2049,66,75,0,0,-9,False,0,
E2026,3,4,Q4,491,D,Def Rebound (2),HTA,Hapoel IBI Tel Aviv,P009846,"BRYANT, ELIJAH",3,35,05:49,349.0,2051,66,75,0,0,-9,False,0,
E2026,3,4,Q4,492,RV,Foul Drawn (7),HTA,Hapoel IBI Tel Aviv,P009846,"BRYANT, ELIJAH",3,35,05:49,349.0,2051,66,75,0,0,-9,False,0,
E2026,3,4,Q4,493,CM,Foul (1),MUN,FC Bayern Munich,P007519,"JOKUBAITIS, ROKAS",31,35,05:49,349.0,2051,66,75,0,0,-9,False,0,
E2026,3,4,Q4,494,2FGM,Two Pointer (1/3 -  2 pt),HTA,Hapoel IBI Tel Aviv,P013402,"BLAKENEY, ANTONIO",2,35,05:34,334.0,2066,68,75,2,0,-7,True,0,
E2026,3,4,Q4,495,2FGA,Missed Two Pointer (2/6 -  4 pt),MUN,FC Bayern Munich,P007519,"JOKUBAITIS, ROKAS",31,35,05:19,319.0,2081,68,75,0,0,-7,False,0,
E2026,3,4,Q4,496,D,Def Rebound (2),HTA,Hapoel IBI Tel Aviv,P002580,"MICIC, VASILIJE",22,35,05:17,317.0,2083,68,75,0,0,-7,False,0,
E2026,3,4,Q4,497,2FGM,Two Pointer (2/6 -  13 pt),HTA,Hapoel IBI Tel Aviv,P002580,"MICIC, VASILIJE",22,35,05:12,312.0,2088,70,75,2,0,-5,True,0,
E2026,3,4,Q4,498,RV,Foul Drawn (4),HTA,Hapoel IBI Tel Aviv,P002580,"MICIC, VASILIJE",22,35,05:12,312.0,2088,70,75,0,0,-5,False,0,
E2026,3,4,Q4,499,CM,Foul (3),MUN,FC Bayern Munich,P014134,"NORRIS, MILES",0,35,05:12,312.0,2088,70,75,0,0,-5,False,0,
E2026,3,4,Q4,500,TOUT,Time Out (2),MUN,FC Bayern Munich,,,,35,05:12,312.0,2088,70,75,0,0,-5,False,0,
E2026,3,4,Q4,501,FTM,Free Throw In (7/7 -  14 pt),HTA,Hapoel IBI Tel Aviv,P002580,"MICIC, VASILIJE",22,35,05:12,312.0,2088,71,75,1,0,-4,True,0,
E2026,3,4,Q4,503,2FGM,Two Pointer (2/4 -  6 pt),MUN,FC Bayern Munich,P013278,"WILEY, AUSTIN",50,36,04:50,290.0,2110,71,77,0,2,-6,True,0,
E2026,3,4,Q4,504,AS,Assist (6),MUN,FC Bayern Munich,P007519,"JOKUBAITIS, ROKAS",31,36,04:48,288.0,2112,71,77,0,0,-6,False,0,
E2026,3,4,Q4,505,2FGA,Missed Two Pointer (2/7 -  14 pt),HTA,Hapoel IBI Tel Aviv,P002580,"MICIC, VASILIJE",22,36,04:38,278.0,2122,71,77,0,0,-6,False,0,
E2026,3,4,Q4,506,O,Off Rebound (3),HTA,Hapoel IBI Tel Aviv,P012788,"OTURU, DAN",25,36,04:36,276.0,2124,71,77,0,0,-6,False,0,
E2026,3,4,Q4,507,2FGM,Two Pointer (10/11 -  20 pt),HTA,Hapoel IBI Tel Aviv,P012788,"OTURU, DAN",25,36,04:36,276.0,2124,73,77,2,0,-4,True,0,
E2026,3,4,Q4,508,OF,Offensive Foul (4),MUN,FC Bayern Munich,P013278,"WILEY, AUSTIN",50,36,04:25,265.0,2135,73,77,0,0,-4,False,0,
E2026,3,4,Q4,509,TO,Turnover (2),MUN,FC Bayern Munich,P013278,"WILEY, AUSTIN",50,36,04:25,265.0,2135,73,77,0,0,-4,False,0,
E2026,3,4,Q4,510,RV,Foul Drawn (5),HTA,Hapoel IBI Tel Aviv,P002580,"MICIC, VASILIJE",22,36,04:25,265.0,2135,73,77,0,0,-4,False,0,
E2026,3,4,Q4,511,OUT,Out,MUN,FC Bayern Munich,P014134,"NORRIS, MILES",0,36,04:25,265.0,2135,73,77,0,0,-4,False,0,
E2026,3,4,Q4,512,OUT,Out,MUN,FC Bayern Munich,P014732,"BEAUCHAMP, MARJON",3,36,04:25,265.0,2135,73,77,0,0,-4,False,0,
E2026,3,4,Q4,513,IN,In,MUN,FC Bayern Munich,P007201,"VOIGTMANN, JOHANNES",7,36,04:25,265.0,2135,73,77,0,0,-4,False,0,
E2026,3,4,Q4,514,IN,In,MUN,FC Bayern Munich,P013290,"JESSUP, JUSTINIAN",10,36,04:25,265.0,2135,73,77,0,0,-4,False,0,
E2026,3,4,Q4,515,IN,In,MUN,FC Bayern Munich,P003958,"THIEMANN, JOHANNES",32,36,04:25,265.0,2135,73,77,0,0,-4,False,0,
E2026,3,4,Q4,516,OUT,Out,MUN,FC Bayern Munich,P013278,"WILEY, AUSTIN",50,36,04:25,265.0,2135,73,77,0,0,-4,False,0,
E2026,3,4,Q4,517,TO,Turnover (2),HTA,Hapoel IBI Tel Aviv,P002580,"MICIC, VASILIJE",22,36,04:04,244.0,2156,73,77,0,0,-4,False,0,
E2026,3,4,Q4,518,ST,Steal (1),MUN,FC Bayern Munich,P007519,"JOKUBAITIS, ROKAS",31,36,04:03,243.0,2157,73,77,0,0,-4,False,0,
E2026,3,4,Q4,520,RV,Foul Drawn (2),MUN,FC Bayern Munich,P007519,"JOKUBAITIS, ROKAS",31,37,03:49,229.0,2171,73,77,0,0,-4,False,0,
E2026,3,4,Q4,521,CM,Foul (3),HTA,Hapoel IBI Tel Aviv,P012788,"OTURU, DAN",25,37,03:49,229.0,2171,73,77,0,0,-4,False,0,
E2026,3,4,Q4,522,CCH,Coach Challenge (2),MUN,FC Bayern Munich,,,,37,03:49,229.0,2171,73,77,0,0,-4,False,0,
E2026,3,4,Q4,523,FTM,Free Throw In (1/1 -  5 pt),MUN,FC Bayern Munich,P007519,"JOKUBAITIS, ROKAS",31,37,03:49,229.0,2171,73,78,0,1,-5,True,0,
E2026,3,4,Q4,524,FTM,Free Throw In (2/2 -  6 pt),MUN,FC Bayern Munich,P007519,"JOKUBAITIS, ROKAS",31,37,03:49,229.0,2171,73,79,0,1,-6,True,0,
E2026,3,4,Q4,525,3FGM,Three Pointer (1/6 -  5 pt),HTA,Hapoel IBI Tel Aviv,P013402,"BLAKENEY, ANTONIO",2,37,03:29,209.0,2191,76,79,3,0,-3,True,0,
E2026,3,4,Q4,526,2FGA,Missed Two Pointer (2/7 -  6 pt),MUN,FC Bayern Munich,P007519,"JOKUBAITIS, ROKAS",31,37,03:13,193.0,2207,76,79,0,0,-3,False,0,
E2026,3,4,Q4,527,D,Def Rebound (7),HTA,Hapoel IBI Tel Aviv,P012788,"OTURU, DAN",25,37,03:11,191.0,2209,76,79,0,0,-3,False,0,
E2026,3,4,Q4,529,2FGA,Missed Two Pointer (4/5 -  11 pt),HTA,Hapoel IBI Tel Aviv,P015151,"TOPPIN, JACOB",0,38,02:58,178.0,2222,76,79,0,0,-3,False,0,
E2026,3,4,Q4,530,D,Def Rebound (3),MUN,FC Bayern Munich,P007201,"VOIGTMANN, JOHANNES",7,38,02:56,176.0,2224,76,79,0,0,-3,False,0,
E2026,3,4,Q4,531,RV,Foul Drawn (1),MUN,FC Bayern Munich,P007201,"VOIGTMANN, JOHANNES",7,38,02:44,164.0,2236,76,79,0,0,-3,False,0,
E2026,3,4,Q4,532,CM,Foul (4),HTA,Hapoel IBI Tel Aviv,P012788,"OTURU, DAN",25,38,02:44,164.0,2236,76,79,0,0,-3,False,0,
E2026,3,4,Q4,533,IN,In,MUN,FC Bayern Munich,P010726,"JENSEN, TOBIAS",8,38,02:44,164.0,2236,76,79,0,0,-3,False,0,
E2026,3,4,Q4,534,OUT,Out,MUN,FC Bayern Munich,P007519,"JOKUBAITIS, ROKAS",31,38,02:44,164.0,2236,76,79,0,0,-3,False,0,
E2026,3,4,Q4,535,FTM,Free Throw In (1/1 -  6 pt),MUN,FC Bayern Munich,P007201,"VOIGTMANN, JOHANNES",7,38,02:44,164.0,2236,76,80,0,1,-4,True,0,
E2026,3,4,Q4,536,AS,Assist (2),MUN,FC Bayern Munich,P004508,"OBST, ANDREAS",13,38,02:44,164.0,2236,76,80,0,0,-4,False,0,
E2026,3,4,Q4,537,FTM,Free Throw In (2/2 -  7 pt),MUN,FC Bayern Munich,P007201,"VOIGTMANN, JOHANNES",7,38,02:44,164.0,2236,76,81,0,1,-5,True,0,
E2026,3,4,Q4,538,2FGA,Missed Two Pointer (2/8 -  14 pt),HTA,Hapoel IBI Tel Aviv,P002580,"MICIC, VASILIJE",22,38,02:33,153.0,2247,76,81,0,0,-5,False,0,
E2026,3,4,Q4,539,O,Off Rebound (4),HTA,Hapoel IBI Tel Aviv,P012788,"OTURU, DAN",25,38,02:31,151.0,2249,76,81,0,0,-5,False,0,
E2026,3,4,Q4,540,3FGM,Three Pointer (2/7 -  8 pt),HTA,Hapoel IBI Tel Aviv,P013402,"BLAKENEY, ANTONIO",2,38,02:29,149.0,2251,79,81,3,0,-2,True,0,
E2026,3,4,Q4,541,AS,Assist (2),HTA,Hapoel IBI Tel Aviv,P012788,"OTURU, DAN",25,38,02:27,147.0,2253,79,81,0,0,-2,False,0,
E2026,3,4,Q4,542,TO,Turnover (2),MUN,FC Bayern Munich,P010726,"JENSEN, TOBIAS",8,38,02:11,131.0,2269,79,81,0,0,-2,False,0,
E2026,3,4,Q4,543,ST,Steal (2),HTA,Hapoel IBI Tel Aviv,P012788,"OTURU, DAN",25,38,02:10,130.0,2270,79,81,0,0,-2,False,0,
E2026,3,4,Q4,544,2FGM,Two Pointer (2/4 -  10 pt),HTA,Hapoel IBI Tel Aviv,P013402,"BLAKENEY, ANTONIO",2,38,02:10,130.0,2270,81,81,2,0,0,True,0,
E2026,3,4,Q4,545,AS,Assist (3),HTA,Hapoel IBI Tel Aviv,P012788,"OTURU, DAN",25,38,02:10,130.0,2270,81,81,0,0,0,False,0,
E2026,3,4,Q4,546,RV,Foul Drawn (2),HTA,Hapoel IBI Tel Aviv,P013402,"BLAKENEY, ANTONIO",2,38,02:10,130.0,2270,81,81,0,0,0,False,0,
E2026,3,4,Q4,547,CM,Foul (2),MUN,FC Bayern Munich,P004508,"OBST, ANDREAS",13,38,02:10,130.0,2270,81,81,0,0,0,False,0,
E2026,3,4,Q4,548,IN,In,MUN,FC Bayern Munich,P014732,"BEAUCHAMP, MARJON",3,38,02:10,130.0,2270,81,81,0,0,0,False,0,
E2026,3,4,Q4,549,OUT,Out,MUN,FC Bayern Munich,P010726,"JENSEN, TOBIAS",8,38,02:10,130.0,2270,81,81,0,0,0,False,0,
E2026,3,4,Q4,550,OUT,Out,MUN,FC Bayern Munich,P004508,"OBST, ANDREAS",13,38,02:10,130.0,2270,81,81,0,0,0,False,0,
E2026,3,4,Q4,551,IN,In,MUN,FC Bayern Munich,P007519,"JOKUBAITIS, ROKAS",31,38,02:10,130.0,2270,81,81,0,0,0,False,0,
E2026,3,4,Q4,552,FTM,Free Throw In (1/1 -  11 pt),HTA,Hapoel IBI Tel Aviv,P013402,"BLAKENEY, ANTONIO",2,38,02:10,130.0,2270,82,81,1,0,1,True,0,
E2026,3,4,Q4,554,2FGM,Two Pointer (5/6 -  15 pt),MUN,FC Bayern Munich,P003958,"THIEMANN, JOHANNES",32,39,01:47,107.0,2293,82,83,0,2,-1,True,0,
E2026,3,4,Q4,555,AS,Assist (3),MUN,FC Bayern Munich,P007201,"VOIGTMANN, JOHANNES",7,39,01:47,107.0,2293,82,83,0,0,-1,False,0,
E2026,3,4,Q4,556,2FGM,Two Pointer (4/5 -  10 pt),HTA,Hapoel IBI Tel Aviv,P009846,"BRYANT, ELIJAH",3,39,01:29,89.0,2311,84,83,2,0,1,True,0,
E2026,3,4,Q4,557,TO,Turnover (1),MUN,FC Bayern Munich,P007519,"JOKUBAITIS, ROKAS",31,39,01:11,71.0,2329,84,83,0,0,1,False,0,
E2026,3,4,Q4,558,ST,Steal (2),HTA,Hapoel IBI Tel Aviv,P015151,"TOPPIN, JACOB",0,39,01:10,70.0,2330,84,83,0,0,1,False,0,
E2026,3,4,Q4,561,TOUT,Time Out (2),HTA,Hapoel IBI Tel Aviv,,,,40,00:56,56.0,2344,84,83,0,0,1,False,0,
E2026,3,4,Q4,562,IN,In,MUN,FC Bayern Munich,P010726,"JENSEN, TOBIAS",8,40,00:56,56.0,2344,84,83,0,0,1,False,0,
E2026,3,4,Q4,563,OUT,Out,MUN,FC Bayern Munich,P013290,"JESSUP, JUSTINIAN",10,40,00:56,56.0,2344,84,83,0,0,1,False,0,
E2026,3,4,Q4,564,IN,In,MUN,FC Bayern Munich,P004508,"OBST, ANDREAS",13,40,00:56,56.0,2344,84,83,0,0,1,False,0,
E2026,3,4,Q4,565,OUT,Out,MUN,FC Bayern Munich,P007519,"JOKUBAITIS, ROKAS",31,40,00:56,56.0,2344,84,83,0,0,1,False,0,
E2026,3,4,Q4,566,3FGA,Missed Three Pointer (2/8 -  11 pt),HTA,Hapoel IBI Tel Aviv,P013402,"BLAKENEY, ANTONIO",2,40,00:49,49.0,2351,84,83,0,0,1,False,0,
E2026,3,4,Q4,567,D,Def Rebound (5),MUN,FC Bayern Munich,P003958,"THIEMANN, JOHANNES",32,40,00:49,49.0,2351,84,83,0,0,1,False,0,
E2026,3,4,Q4,568,RV,Foul Drawn (5),MUN,FC Bayern Munich,P003958,"THIEMANN, JOHANNES",32,40,00:49,49.0,2351,84,83,0,0,1,False,0,
E2026,3,4,Q4,569,CM,Foul (2),HTA,Hapoel IBI Tel Aviv,P015151,"TOPPIN, JACOB",0,40,00:49,49.0,2351,84,83,0,0,1,False,0,
E2026,3,4,Q4,570,3FGM,Three Pointer (2/3 -  10 pt),MUN,FC Bayern Munich,P007201,"VOIGTMANN, JOHANNES",7,40,00:34,34.0,2366,84,86,0,3,-2,True,0,
E2026,3,4,Q4,571,AS,Assist (2),MUN,FC Bayern Munich,P014732,"BEAUCHAMP, MARJON",3,40,00:34,34.0,2366,84,86,0,0,-2,False,0,
E2026,3,4,Q4,572,TOUT,Time Out (3),HTA,Hapoel IBI Tel Aviv,,,,40,00:34,34.0,2366,84,86,0,0,-2,False,0,
E2026,3,4,Q4,573,3FGA,Missed Three Pointer (0/4 -  10 pt),HTA,Hapoel IBI Tel Aviv,P009846,"BRYANT, ELIJAH",3,40,00:17,17.0,2383,84,86,0,0,-2,False,0,
E2026,3,4,Q4,574,O,Off Rebound (5),HTA,Hapoel IBI Tel Aviv,P012788,"OTURU, DAN",25,40,00:15,15.0,2385,84,86,0,0,-2,False,0,
E2026,3,4,Q4,575,TO,Turnover (3),HTA,Hapoel IBI Tel Aviv,P012788,"OTURU, DAN",25,40,00:10,10.0,2390,84,86,0,0,-2,False,0,
E2026,3,4,Q4,576,ST,Steal (3),MUN,FC Bayern Munich,P014732,"BEAUCHAMP, MARJON",3,40,00:10,10.0,2390,84,86,0,0,-2,False,0,
E2026,3,4,Q4,577,TO,Turnover (2),MUN,FC Bayern Munich,P014732,"BEAUCHAMP, MARJON",3,40,00:10,10.0,2390,84,86,0,0,-2,False,0,
E2026,3,4,Q4,578,3FGA,Missed Three Pointer (1/5 -  14 pt),HTA,Hapoel IBI Tel Aviv,P002580,"MICIC, VASILIJE",22,40,00:03,3.0,2397,84,86,0,0,-2,False,0,
E2026,3,4,Q4,579,O,Off Rebound (5),HTA,Hapoel IBI Tel Aviv,,,,40,00:02,2.0,2398,84,86,0,0,-2,False,0,
E2026,3,4,Q4,580,IN,In,MUN,FC Bayern Munich,P014134,"NORRIS, MILES",0,40,00:02,2.0,2398,84,86,0,0,-2,False,0,
E2026,3,4,Q4,581,OUT,Out,MUN,FC Bayern Munich,P004508,"OBST, ANDREAS",13,40,00:02,2.0,2398,84,86,0,0,-2,False,0,
E2026,3,4,Q4,583,CCH,Coach Challenge (3),HTA,Hapoel IBI Tel Aviv,,,,40,00:02,2.0,2398,84,86,0,0,-2,False,0,
E2026,3,4,Q4,584,TO,Turnover (3),HTA,Hapoel IBI Tel Aviv,P002580,"MICIC, VASILIJE",22,40,00:02,2.0,2398,84,86,0,0,-2,False,0,
E2026,3,4,Q4,585,ST,Steal (2),MUN,FC Bayern Munich,P010726,"JENSEN, TOBIAS",8,40,00:02,2.0,2398,84,86,0,0,-2,False,0,
E2026,3,4,Q4,588,EG,End Game,,,,,,41,,,2460,84,86,0,0,-2,False,0,
E2026,4,1,Q1,11,BP,Begin Period,,,,,,1,,,60,0,0,0,0,0,False,0,
E2026,4,1,Q1,12,JB,Jump Ball (1),BAR,FC Barcelona,,,,1,09:59,599.0,1,0,0,0,0,0,False,0,
E2026,4,1,Q1,13,CM,Foul (1),IST,Anadolu Efes Istanbul,P013667,"FERNANDO, BRUNO",20,1,09:59,599.0,1,0,0,0,0,0,False,0,
E2026,4,1,Q1,14,RV,Foul Drawn (1),BAR,FC Barcelona,P007553,"BALCEROWSKI, OLEK",22,1,09:59,599.0,1,0,0,0,0,0,False,0,
E2026,4,1,Q1,15,TO,Turnover (1),BAR,FC Barcelona,P009862,"PUNTER, KEVIN",0,1,09:55,595.0,5,0,0,0,0,0,False,0,
E2026,4,1,Q1,16,ST,Steal (1),IST,Anadolu Efes Istanbul,P013667,"FERNANDO, BRUNO",20,1,09:54,594.0,6,0,0,0,0,0,False,0,
E2026,4,1,Q1,17,2FGM,Two Pointer (1/1 -  2 pt),IST,Anadolu Efes Istanbul,P012609,"MALCOLM, COLLIN",17,1,09:50,590.0,10,0,2,0,2,-2,True,0,
E2026,4,1,Q1,18,AS,Assist (1),IST,Anadolu Efes Istanbul,P008099,"STRAZEL, MATTHEW",32,1,09:48,588.0,12,0,2,0,0,-2,False,0,
E2026,4,1,Q1,19,2FGM,Two Pointer (1/1 -  2 pt),BAR,FC Barcelona,P015139,"UMUDE, STANLEY",3,1,09:38,578.0,22,2,2,2,0,0,True,0,
E2026,4,1,Q1,20,2FGM,Two Pointer (1/1 -  2 pt),IST,Anadolu Efes Istanbul,P013667,"FERNANDO, BRUNO",20,1,09:14,554.0,46,2,4,0,2,-2,True,0,
E2026,4,1,Q1,21,AS,Assist (1),IST,Anadolu Efes Istanbul,P003112,"SARIC, DARIO",5,1,09:12,552.0,48,2,4,0,0,-2,False,0,
E2026,4,1,Q1,23,2FGM,Two Pointer (1/1 -  2 pt),BAR,FC Barcelona,P014008,"ROBINSON, JUSTIN",5,2,08:59,539.0,61,4,4,2,0,0,True,0,
E2026,4,1,Q1,24,AS,Assist (1),BAR,FC Barcelona,P007553,"BALCEROWSKI, OLEK",22,2,08:57,537.0,63,4,4,0,0,0,False,0,
E2026,4,1,Q1,25,2FGA,Missed Two Pointer (0/1 -  0 pt),IST,Anadolu Efes Istanbul,P005985,"JAMES, MIKE",55,2,08:47,527.0,73,4,4,0,0,0,False,0,
E2026,4,1,Q1,26,O,Off Rebound (1),IST,Anadolu Efes Istanbul,P012609,"MALCOLM, COLLIN",17,2,08:44,524.0,76,4,4,0,0,0,False,0,
E2026,4,1,Q1,27,CMU_FL,Flagrant Foul (1),BAR,FC Barcelona,P014008,"ROBINSON, JUSTIN",5,2,08:31,511.0,89,4,4,0,0,0,False,0,
E2026,4,1,Q1,28,RV,Foul Drawn (1),IST,Anadolu Efes Istanbul,P008099,"STRAZEL, MATTHEW",32,2,08:31,511.0,89,4,4,0,0,0,False,0,
E2026,4,1,Q1,29,FTM,Free Throw In (1/1 -  1 pt),IST,Anadolu Efes Istanbul,P008099,"STRAZEL, MATTHEW",32,2,08:31,511.0,89,4,5,0,1,-1,True,0,
E2026,4,1,Q1,30,FTM,Free Throw In (2/2 -  2 pt),IST,Anadolu Efes Istanbul,P008099,"STRAZEL, MATTHEW",32,2,08:31,511.0,89,4,6,0,1,-2,True,0,
E2026,4,1,Q1,31,FTM,Free Throw In (3/3 -  3 pt),IST,Anadolu Efes Istanbul,P008099,"STRAZEL, MATTHEW",32,2,08:31,511.0,89,4,7,0,1,-3,True,0,
E2026,4,1,Q1,32,2FGM,Two Pointer (2/2 -  4 pt),IST,Anadolu Efes Istanbul,P012609,"MALCOLM, COLLIN",17,2,08:20,500.0,100,4,9,0,2,-5,True,0,
E2026,4,1,Q1,33,TO,Turnover (1),BAR,FC Barcelona,P014008,"ROBINSON, JUSTIN",5,2,08:05,485.0,115,4,9,0,0,-5,False,0,
E2026,4,1,Q1,34,ST,Steal (1),IST,Anadolu Efes Istanbul,P012609,"MALCOLM, COLLIN",17,2,08:03,483.0,117,4,9,0,0,-5,False,0,
E2026,4,1,Q1,36,2FGM,Two Pointer (1/1 -  5 pt),IST,Anadolu Efes Istanbul,P008099,"STRAZEL, MATTHEW",32,3,07:59,479.0,121,4,11,0,2,-7,True,0,
E2026,4,1,Q1,42,AS,Assist (1),IST,Anadolu Efes Istanbul,P005985,"JAMES, MIKE",55,3,07:59,479.0,121,4,11,0,0,-7,False,0,
E2026,4,1,Q1,37,TO,Turnover (1),BAR,FC Barcelona,,,,3,07:33,453.0,147,4,11,0,0,-7,False,0,
E2026,4,1,Q1,38,2FGM,Two Pointer (1/1 -  2 pt),IST,Anadolu Efes Istanbul,P003112,"SARIC, DARIO",5,3,07:17,437.0,163,4,13,0,2,-9,True,0,
E2026,4,1,Q1,39,AS,Assist (2),IST,Anadolu Efes Istanbul,P005985,"JAMES, MIKE",55,3,07:17,437.0,163,4,13,0,0,-9,False,0,
E2026,4,1,Q1,40,CM,Foul (1),BAR,FC Barcelona,P007553,"BALCEROWSKI, OLEK",22,3,07:17,437.0,163,4,13,0,0,-9,False,0,
E2026,4,1,Q1,41,RV,Foul Drawn (1),IST,Anadolu Efes Istanbul,P003112,"SARIC, DARIO",5,3,07:17,437.0,163,4,13,0,0,-9,False,0,
E2026,4,1,Q1,43,FTM,Free Throw In (1/1 -  3 pt),IST,Anadolu Efes Istanbul,P003112,"SARIC, DARIO",5,3,07:17,437.0,163,4,14,0,1,-10,True,0,
E2026,4,1,Q1,45,2FGA,Missed Two Pointer (1/2 -  2 pt),BAR,FC Barcelona,P014008,"ROBINSON, JUSTIN",5,4,06:59,419.0,181,4,14,0,0,-10,False,0,
E2026,4,1,Q1,46,D,Def Rebound (1),IST,Anadolu Efes Istanbul,P003112,"SARIC, DARIO",5,4,06:57,417.0,183,4,14,0,0,-10,False,0,
E2026,4,1,Q1,47,3FGM,Three Pointer (1/1 -  6 pt),IST,Anadolu Efes Istanbul,P003112,"SARIC, DARIO",5,4,06:49,409.0,191,4,17,0,3,-13,True,0,
E2026,4,1,Q1,48,AS,Assist (3),IST,Anadolu Efes Istanbul,P005985,"JAMES, MIKE",55,4,06:49,409.0,191,4,17,0,0,-13,False,0,
E2026,4,1,Q1,49,TOUT,Time Out (1),BAR,FC Barcelona,,,,4,06:49,409.0,191,4,17,0,0,-13,False,0,
E2026,4,1,Q1,50,TOUT_TV,TV Time Out (1),,,,,,4,06:49,409.0,191,4,17,0,0,-13,False,0,
E2026,4,1,Q1,51,IN,In,BAR,FC Barcelona,P013855,"GIBSON, UMOJA",1,4,06:49,409.0,191,4,17,0,0,-13,False,0,
E2026,4,1,Q1,52,OUT,Out,BAR,FC Barcelona,P014008,"ROBINSON, JUSTIN",5,4,06:49,409.0,191,4,17,0,0,-13,False,0,
E2026,4,1,Q1,53,IN,In,BAR,FC Barcelona,P015140,"NKAMHOUA, OLIVIER",13,4,06:49,409.0,191,4,17,0,0,-13,False,0,
E2026,4,1,Q1,54,OUT,Out,BAR,FC Barcelona,P007553,"BALCEROWSKI, OLEK",22,4,06:49,409.0,191,4,17,0,0,-13,False,0,
E2026,4,1,Q1,55,3FGA,Missed Three Pointer (0/1 -  0 pt),BAR,FC Barcelona,P009862,"PUNTER, KEVIN",0,4,06:31,391.0,209,4,17,0,0,-13,False,0,
E2026,4,1,Q1,56,D,Def Rebound (1),IST,Anadolu Efes Istanbul,P013667,"FERNANDO, BRUNO",20,4,06:28,388.0,212,4,17,0,0,-13,False,0,
E2026,4,1,Q1,57,2FGM,Two Pointer (2/2 -  4 pt),IST,Anadolu Efes Istanbul,P013667,"FERNANDO, BRUNO",20,4,06:19,379.0,221,4,19,0,2,-15,True,0,
E2026,4,1,Q1,58,AS,Assist (4),IST,Anadolu Efes Istanbul,P005985,"JAMES, MIKE",55,4,06:17,377.0,223,4,19,0,0,-15,False,0,
E2026,4,1,Q1,60,2FGA,Missed Two Pointer (0/1 -  0 pt),BAR,FC Barcelona,P009862,"PUNTER, KEVIN",0,5,05:52,352.0,248,4,19,0,0,-15,False,0,
E2026,4,1,Q1,61,D,Def Rebound (1),IST,Anadolu Efes Istanbul,P005985,"JAMES, MIKE",55,5,05:49,349.0,251,4,19,0,0,-15,False,0,
E2026,4,1,Q1,62,3FGA,Missed Three Pointer (0/1 -  4 pt),IST,Anadolu Efes Istanbul,P012609,"MALCOLM, COLLIN",17,5,05:43,343.0,257,4,19,0,0,-15,False,0,
E2026,4,1,Q1,63,D,Def Rebound (1),BAR,FC Barcelona,P015139,"UMUDE, STANLEY",3,5,05:41,341.0,259,4,19,0,0,-15,False,0,
E2026,4,1,Q1,64,2FGM,Two Pointer (2/2 -  4 pt),BAR,FC Barcelona,P015139,"UMUDE, STANLEY",3,5,05:27,327.0,273,6,19,2,0,-13,True,0,
E2026,4,1,Q1,65,CM,Foul (1),BAR,FC Barcelona,P015139,"UMUDE, STANLEY",3,5,05:04,304.0,296,6,19,0,0,-13,False,0,
E2026,4,1,Q1,66,RV,Foul Drawn (1),IST,Anadolu Efes Istanbul,P012609,"MALCOLM, COLLIN",17,5,05:04,304.0,296,6,19,0,0,-13,False,0,
E2026,4,1,Q1,67,OUT,Out,BAR,FC Barcelona,P009862,"PUNTER, KEVIN",0,5,05:04,304.0,296,6,19,0,0,-13,False,0,
E2026,4,1,Q1,68,IN,In,BAR,FC Barcelona,P015138,"MARTIN, TYRESE",2,5,05:04,304.0,296,6,19,0,0,-13,False,0,
E2026,4,1,Q1,69,OUT,Out,BAR,FC Barcelona,P015139,"UMUDE, STANLEY",3,5,05:04,304.0,296,6,19,0,0,-13,False,0,
E2026,4,1,Q1,70,IN,In,BAR,FC Barcelona,P009992,"BRIZUELA, DARIO",8,5,05:04,304.0,296,6,19,0,0,-13,False,0,
E2026,4,1,Q1,71,FTA,Missed Free Throw (0/1 -  4 pt),IST,Anadolu Efes Istanbul,P012609,"MALCOLM, COLLIN",17,5,05:04,304.0,296,6,19,0,0,-13,False,0,
E2026,4,1,Q1,72,FTM,Free Throw In (1/2 -  5 pt),IST,Anadolu Efes Istanbul,P012609,"MALCOLM, COLLIN",17,5,05:04,304.0,296,6,20,0,1,-14,True,0,
E2026,4,1,Q1,73,IN,In,IST,Anadolu Efes Istanbul,P009754,"LOYD, JORDAN",3,5,05:04,304.0,296,6,20,0,0,-14,False,0,
E2026,4,1,Q1,74,OUT,Out,IST,Anadolu Efes Istanbul,P012609,"MALCOLM, COLLIN",17,5,05:04,304.0,296,6,20,0,0,-14,False,0,
E2026,4,1,Q1,76,3FGA,Missed Three Pointer (0/1 -  0 pt),BAR,FC Barcelona,P015138,"MARTIN, TYRESE",2,6,04:40,280.0,320,6,20,0,0,-14,False,0,
E2026,4,1,Q1,77,D,Def Rebound (2),IST,Anadolu Efes Istanbul,P003112,"SARIC, DARIO",5,6,04:38,278.0,322,6,20,0,0,-14,False,0,
E2026,4,1,Q1,78,3FGA,Missed Three Pointer (0/1 -  5 pt),IST,Anadolu Efes Istanbul,P008099,"STRAZEL, MATTHEW",32,6,04:32,272.0,328,6,20,0,0,-14,False,0,
E2026,4,1,Q1,79,D,Def Rebound (1),BAR,FC Barcelona,P007464,"PARRA, JOEL",44,6,04:31,271.0,329,6,20,0,0,-14,False,0,
E2026,4,1,Q1,80,3FGM,Three Pointer (1/1 -  3 pt),BAR,FC Barcelona,P007464,"PARRA, JOEL",44,6,04:19,259.0,341,9,20,3,0,-11,True,0,
E2026,4,1,Q1,81,AS,Assist (1),BAR,FC Barcelona,P013855,"GIBSON, UMOJA",1,6,04:18,258.0,342,9,20,0,0,-11,False,0,
E2026,4,1,Q1,82,CM,Foul (1),BAR,FC Barcelona,P013855,"GIBSON, UMOJA",1,6,04:06,246.0,354,9,20,0,0,-11,False,0,
E2026,4,1,Q1,83,RV,Foul Drawn (2),IST,Anadolu Efes Istanbul,P008099,"STRAZEL, MATTHEW",32,6,04:06,246.0,354,9,20,0,0,-11,False,0,
E2026,4,1,Q1,85,2FGM,Two Pointer (1/2 -  2 pt),IST,Anadolu Efes Istanbul,P005985,"JAMES, MIKE",55,7,03:57,237.0,363,9,22,0,2,-13,True,0,
E2026,4,1,Q1,86,TO,Turnover (1),BAR,FC Barcelona,P015138,"MARTIN, TYRESE",2,7,03:40,220.0,380,9,22,0,0,-13,False,0,
E2026,4,1,Q1,87,OUT,Out,IST,Anadolu Efes Istanbul,P013667,"FERNANDO, BRUNO",20,7,03:40,220.0,380,9,22,0,0,-13,False,0,
E2026,4,1,Q1,88,IN,In,IST,Anadolu Efes Istanbul,P014102,"JONES, KAI",88,7,03:40,220.0,380,9,22,0,0,-13,False,0,
E2026,4,1,Q1,89,IN,In,BAR,FC Barcelona,P015139,"UMUDE, STANLEY",3,7,03:40,220.0,380,9,22,0,0,-13,False,0,
E2026,4,1,Q1,90,OUT,Out,BAR,FC Barcelona,P007464,"PARRA, JOEL",44,7,03:40,220.0,380,9,22,0,0,-13,False,0,
E2026,4,1,Q1,91,TO,Turnover (1),IST,Anadolu Efes Istanbul,P005985,"JAMES, MIKE",55,7,03:17,197.0,403,9,22,0,0,-13,False,0,
E2026,4,1,Q1,92,3FGA,Missed Three Pointer (0/1 -  0 pt),BAR,FC Barcelona,P013855,"GIBSON, UMOJA",1,7,03:02,182.0,418,9,22,0,0,-13,False,0,
E2026,4,1,Q1,94,D,Def Rebound (3),IST,Anadolu Efes Istanbul,P003112,"SARIC, DARIO",5,8,02:57,177.0,423,9,22,0,0,-13,False,0,
E2026,4,1,Q1,95,2FGA,Missed Two Pointer (1/3 -  2 pt),IST,Anadolu Efes Istanbul,P005985,"JAMES, MIKE",55,8,02:42,162.0,438,9,22,0,0,-13,False,0,
E2026,4,1,Q1,96,D,Def Rebound (1),BAR,FC Barcelona,P013855,"GIBSON, UMOJA",1,8,02:39,159.0,441,9,22,0,0,-13,False,0,
E2026,4,1,Q1,97,3FGA,Missed Three Pointer (0/2 -  0 pt),BAR,FC Barcelona,P015138,"MARTIN, TYRESE",2,8,02:15,135.0,465,9,22,0,0,-13,False,0,
E2026,4,1,Q1,98,D,Def Rebound (1),IST,Anadolu Efes Istanbul,,,,8,02:13,133.0,467,9,22,0,0,-13,False,0,
E2026,4,1,Q1,99,OUT,Out,BAR,FC Barcelona,P015140,"NKAMHOUA, OLIVIER",13,8,02:13,133.0,467,9,22,0,0,-13,False,0,
E2026,4,1,Q1,100,IN,In,BAR,FC Barcelona,P007553,"BALCEROWSKI, OLEK",22,8,02:13,133.0,467,9,22,0,0,-13,False,0,
E2026,4,1,Q1,102,TO,Turnover (1),IST,Anadolu Efes Istanbul,P003112,"SARIC, DARIO",5,9,01:53,113.0,487,9,22,0,0,-13,False,0,
E2026,4,1,Q1,103,ST,Steal (1),BAR,FC Barcelona,P015139,"UMUDE, STANLEY",3,9,01:51,111.0,489,9,22,0,0,-13,False,0,
E2026,4,1,Q1,104,2FGA,Missed Two Pointer (2/3 -  4 pt),BAR,FC Barcelona,P015139,"UMUDE, STANLEY",3,9,01:46,106.0,494,9,22,0,0,-13,False,0,
E2026,4,1,Q1,105,O,Off Rebound (1),BAR,FC Barcelona,P007553,"BALCEROWSKI, OLEK",22,9,01:44,104.0,496,9,22,0,0,-13,False,0,
E2026,4,1,Q1,106,2FGA,Missed Two Pointer (0/1 -  0 pt),BAR,FC Barcelona,P007553,"BALCEROWSKI, OLEK",22,9,01:42,102.0,498,9,22,0,0,-13,False,0,
E2026,4,1,Q1,107,O,Off Rebound (1),BAR,FC Barcelona,P013855,"GIBSON, UMOJA",1,9,01:35,95.0,505,9,22,0,0,-13,False,0,
E2026,4,1,Q1,108,2FGM,Two Pointer (1/1 -  2 pt),BAR,FC Barcelona,P013855,"GIBSON, UMOJA",1,9,01:32,92.0,508,11,22,2,0,-11,True,0,
E2026,4,1,Q1,109,3FGA,Missed Three Pointer (1/2 -  6 pt),IST,Anadolu Efes Istanbul,P003112,"SARIC, DARIO",5,9,01:29,89.0,511,11,22,0,0,-11,False,0,
E2026,4,1,Q1,110,D,Def Rebound (1),BAR,FC Barcelona,P007553,"BALCEROWSKI, OLEK",22,9,01:27,87.0,513,11,22,0,0,-11,False,0,
E2026,4,1,Q1,111,2FGM,Two Pointer (1/2 -  2 pt),BAR,FC Barcelona,P007553,"BALCEROWSKI, OLEK",22,9,01:06,66.0,534,13,22,2,0,-9,True,0,
E2026,4,1,Q1,112,AS,Assist (2),BAR,FC Barcelona,P013855,"GIBSON, UMOJA",1,9,01:06,66.0,534,13,22,0,0,-9,False,0,
E2026,4,1,Q1,113,TOUT,Time Out (1),IST,Anadolu Efes Istanbul,,,,9,01:06,66.0,534,13,22,0,0,-9,False,0,
E2026,4,1,Q1,114,IN,In,BAR,FC Barcelona,P009862,"PUNTER, KEVIN",0,9,01:06,66.0,534,13,22,0,0,-9,False,0,
E2026,4,1,Q1,115,OUT,Out,BAR,FC Barcelona,P013855,"GIBSON, UMOJA",1,9,01:06,66.0,534,13,22,0,0,-9,False,0,
E2026,4,1,Q1,116,OUT,Out,BAR,FC Barcelona,P015138,"MARTIN, TYRESE",2,9,01:06,66.0,534,13,22,0,0,-9,False,0,
E2026,4,1,Q1,117,IN,In,BAR,FC Barcelona,P014008,"ROBINSON, JUSTIN",5,9,01:06,66.0,534,13,22,0,0,-9,False,0,
E2026,4,1,Q1,119,2FGA,Missed Two Pointer (0/1 -  0 pt),IST,Anadolu Efes Istanbul,P009754,"LOYD, JORDAN",3,10,00:45,45.0,555,13,22,0,0,-9,False,0,
E2026,4,1,Q1,120,AG,Shot Rejected (1),IST,Anadolu Efes Istanbul,P009754,"LOYD, JORDAN",3,10,00:45,45.0,555,13,22,0,0,-9,False,0,
E2026,4,1,Q1,121,FV,Block (1),BAR,FC Barcelona,P015139,"UMUDE, STANLEY",3,10,00:45,45.0,555,13,22,0,0,-9,False,0,
E2026,4,1,Q1,122,O,Off Rebound (1),IST,Anadolu Efes Istanbul,,,,10,00:45,45.0,555,13,22,0,0,-9,False,0,
E2026,4,1,Q1,123,3FGA,Missed Three Pointer (0/2 -  5 pt),IST,Anadolu Efes Istanbul,P008099,"STRAZEL, MATTHEW",32,10,00:39,39.0,561,13,22,0,0,-9,False,0,
E2026,4,1,Q1,124,O,Off Rebound (1),IST,Anadolu Efes Istanbul,P014102,"JONES, KAI",88,10,00:36,36.0,564,13,22,0,0,-9,False,0,
E2026,4,1,Q1,125,2FGM,Two Pointer (2/4 -  4 pt),IST,Anadolu Efes Istanbul,P005985,"JAMES, MIKE",55,10,00:31,31.0,569,13,24,0,2,-11,True,0,
E2026,4,1,Q1,127,CM,Foul (2),BAR,FC Barcelona,P007553,"BALCEROWSKI, OLEK",22,10,00:31,31.0,569,13,24,0,0,-11,False,0,
E2026,4,1,Q1,128,RV,Foul Drawn (1),IST,Anadolu Efes Istanbul,P005985,"JAMES, MIKE",55,10,00:31,31.0,569,13,24,0,0,-11,False,0,
E2026,4,1,Q1,129,FTM,Free Throw In (1/1 -  5 pt),IST,Anadolu Efes Istanbul,P005985,"JAMES, MIKE",55,10,00:31,31.0,569,13,25,0,1,-12,True,0,
E2026,4,1,Q1,130,IN,In,IST,Anadolu Efes Istanbul,P012742,"DOZIER, PJ",15,10,00:31,31.0,569,13,25,0,0,-12,False,0,
E2026,4,1,Q1,131,OUT,Out,IST,Anadolu Efes Istanbul,P005985,"JAMES, MIKE",55,10,00:31,31.0,569,13,25,0,0,-12,False,0,
E2026,4,1,Q1,132,3FGM,Three Pointer (1/1 -  5 pt),BAR,FC Barcelona,P014008,"ROBINSON, JUSTIN",5,10,00:09,9.0,591,16,25,3,0,-9,True,0,
E2026,4,1,Q1,133,2FGA,Missed Two Pointer (1/2 -  5 pt),IST,Anadolu Efes Istanbul,P008099,"STRAZEL, MATTHEW",32,10,00:01,1.0,599,16,25,0,0,-9,False,0,
E2026,4,1,Q1,135,EP,End Period,,,,,,11,,,660,16,25,0,0,-9,False,0,
E2026,4,2,Q2,140,BP,Begin Period,,,,,,11,,,660,16,25,0,0,-9,False,0,
E2026,4,2,Q2,136,OUT,Out,BAR,FC Barcelona,P015139,"UMUDE, STANLEY",3,11,10:00,600.0,600,16,25,0,0,-9,False,0,
E2026,4,2,Q2,137,IN,In,BAR,FC Barcelona,P007464,"PARRA, JOEL",44,11,10:00,600.0,600,16,25,0,0,-9,False,0,
E2026,4,2,Q2,138,OUT,Out,IST,Anadolu Efes Istanbul,P003112,"SARIC, DARIO",5,11,10:00,600.0,600,16,25,0,0,-9,False,0,
E2026,4,2,Q2,139,IN,In,IST,Anadolu Efes Istanbul,P012710,"OSMANI, ERCAN",24,11,10:00,600.0,600,16,25,0,0,-9,False,0,
E2026,4,2,Q2,141,2FGA,Missed Two Pointer (0/2 -  0 pt),IST,Anadolu Efes Istanbul,P009754,"LOYD, JORDAN",3,11,09:42,582.0,618,16,25,0,0,-9,False,0,
E2026,4,2,Q2,142,D,Def Rebound (2),BAR,FC Barcelona,P007464,"PARRA, JOEL",44,11,09:40,580.0,620,16,25,0,0,-9,False,0,
E2026,4,2,Q2,143,2FGM,Two Pointer (1/2 -  2 pt),BAR,FC Barcelona,P009862,"PUNTER, KEVIN",0,11,09:34,574.0,626,18,25,2,0,-7,True,0,
E2026,4,2,Q2,144,CCH,Coach Challenge (1),IST,Anadolu Efes Istanbul,,,,11,09:34,574.0,626,18,25,0,0,-7,False,0,
E2026,4,2,Q2,145,2FGA,Missed Two Pointer (0/1 -  0 pt),IST,Anadolu Efes Istanbul,P012742,"DOZIER, PJ",15,11,09:18,558.0,642,18,25,0,0,-7,False,0,
E2026,4,2,Q2,146,D,Def Rebound (1),BAR,FC Barcelona,P009992,"BRIZUELA, DARIO",8,11,09:15,555.0,645,18,25,0,0,-7,False,0,
E2026,4,2,Q2,147,3FGA,Missed Three Pointer (1/2 -  3 pt),BAR,FC Barcelona,P007464,"PARRA, JOEL",44,11,09:10,550.0,650,18,25,0,0,-7,False,0,
E2026,4,2,Q2,148,D,Def Rebound (1),IST,Anadolu Efes Istanbul,P012742,"DOZIER, PJ",15,11,09:09,549.0,651,18,25,0,0,-7,False,0,
E2026,4,2,Q2,150,TO,Turnover (1),IST,Anadolu Efes Istanbul,P008099,"STRAZEL, MATTHEW",32,11,09:00,540.0,660,18,25,0,0,-7,False,0,
E2026,4,2,Q2,151,IN,In,IST,Anadolu Efes Istanbul,P013943,"RUSSELL, DARON",11,11,09:00,540.0,660,18,25,0,0,-7,False,0,
E2026,4,2,Q2,152,OUT,Out,IST,Anadolu Efes Istanbul,P008099,"STRAZEL, MATTHEW",32,11,09:00,540.0,660,18,25,0,0,-7,False,0,
E2026,4,2,Q2,154,CM,Foul (1),IST,Anadolu Efes Istanbul,P013943,"RUSSELL, DARON",11,12,08:47,527.0,673,18,25,0,0,-7,False,0,
E2026,4,2,Q2,155,RV,Foul Drawn (1),BAR,FC Barcelona,P014008,"ROBINSON, JUSTIN",5,12,08:47,527.0,673,18,25,0,0,-7,False,0,
E2026,4,2,Q2,156,IN,In,BAR,FC Barcelona,P015140,"NKAMHOUA, OLIVIER",13,12,08:47,527.0,673,18,25,0,0,-7,False,0,
E2026,4,2,Q2,157,OUT,Out,BAR,FC Barcelona,P007553,"BALCEROWSKI, OLEK",22,12,08:47,527.0,673,18,25,0,0,-7,False,0,
E2026,4,2,Q2,158,2FGM,Two Pointer (1/1 -  2 pt),BAR,FC Barcelona,P009992,"BRIZUELA, DARIO",8,12,08:46,526.0,674,20,25,2,0,-5,True,0,
E2026,4,2,Q2,159,AS,Assist (1),BAR,FC Barcelona,P014008,"ROBINSON, JUSTIN",5,12,08:46,526.0,674,20,25,0,0,-5,False,0,
E2026,4,2,Q2,160,CM,Foul (1),IST,Anadolu Efes Istanbul,P009754,"LOYD, JORDAN",3,12,08:46,526.0,674,20,25,0,0,-5,False,0,
E2026,4,2,Q2,161,RV,Foul Drawn (1),BAR,FC Barcelona,P009992,"BRIZUELA, DARIO",8,12,08:46,526.0,674,20,25,0,0,-5,False,0,
E2026,4,2,Q2,162,OUT,Out,IST,Anadolu Efes Istanbul,P009754,"LOYD, JORDAN",3,12,08:46,526.0,674,20,25,0,0,-5,False,0,
E2026,4,2,Q2,163,IN,In,IST,Anadolu Efes Istanbul,P005368,"YUSTA, SANTI",4,12,08:46,526.0,674,20,25,0,0,-5,False,0,
E2026,4,2,Q2,164,IN,In,IST,Anadolu Efes Istanbul,P013667,"FERNANDO, BRUNO",20,12,08:46,526.0,674,20,25,0,0,-5,False,0,
E2026,4,2,Q2,165,OUT,Out,IST,Anadolu Efes Istanbul,P014102,"JONES, KAI",88,12,08:46,526.0,674,20,25,0,0,-5,False,0,
E2026,4,2,Q2,166,FTA,Missed Free Throw (0/1 -  2 pt),BAR,FC Barcelona,P009992,"BRIZUELA, DARIO",8,12,08:46,526.0,674,20,25,0,0,-5,False,0,
E2026,4,2,Q2,167,D,Def Rebound (2),IST,Anadolu Efes Istanbul,,,,12,08:45,525.0,675,20,25,0,0,-5,False,0,
E2026,4,2,Q2,168,3FGA,Missed Three Pointer (0/1 -  0 pt),IST,Anadolu Efes Istanbul,P012710,"OSMANI, ERCAN",24,12,08:28,508.0,692,20,25,0,0,-5,False,0,
E2026,4,2,Q2,169,O,Off Rebound (1),IST,Anadolu Efes Istanbul,P012742,"DOZIER, PJ",15,12,08:25,505.0,695,20,25,0,0,-5,False,0,
E2026,4,2,Q2,170,2FGA,Missed Two Pointer (0/1 -  0 pt),IST,Anadolu Efes Istanbul,P013943,"RUSSELL, DARON",11,12,08:16,496.0,704,20,25,0,0,-5,False,0,
E2026,4,2,Q2,171,O,Off Rebound (1),IST,Anadolu Efes Istanbul,P005368,"YUSTA, SANTI",4,12,08:10,490.0,710,20,25,0,0,-5,False,0,
E2026,4,2,Q2,172,2FGM,Two Pointer (1/2 -  2 pt),IST,Anadolu Efes Istanbul,P013943,"RUSSELL, DARON",11,12,08:03,483.0,717,20,27,0,2,-7,True,0,
E2026,4,2,Q2,173,CM,Foul (1),BAR,FC Barcelona,P009992,"BRIZUELA, DARIO",8,12,08:03,483.0,717,20,27,0,0,-7,False,0,
E2026,4,2,Q2,174,RV,Foul Drawn (1),IST,Anadolu Efes Istanbul,P013943,"RUSSELL, DARON",11,12,08:03,483.0,717,20,27,0,0,-7,False,0,
E2026,4,2,Q2,175,IN,In,BAR,FC Barcelona,P015138,"MARTIN, TYRESE",2,12,08:03,483.0,717,20,27,0,0,-7,False,0,
E2026,4,2,Q2,176,OUT,Out,BAR,FC Barcelona,P009992,"BRIZUELA, DARIO",8,12,08:03,483.0,717,20,27,0,0,-7,False,0,
E2026,4,2,Q2,177,FTM,Free Throw In (1/1 -  3 pt),IST,Anadolu Efes Istanbul,P013943,"RUSSELL, DARON",11,12,08:03,483.0,717,20,28,0,1,-8,True,0,
E2026,4,2,Q2,179,2FGA,Missed Two Pointer (0/1 -  3 pt),BAR,FC Barcelona,P007464,"PARRA, JOEL",44,13,07:43,463.0,737,20,28,0,0,-8,False,0,
E2026,4,2,Q2,180,O,Off Rebound (1),BAR,FC Barcelona,P015140,"NKAMHOUA, OLIVIER",13,13,07:41,461.0,739,20,28,0,0,-8,False,0,
E2026,4,2,Q2,181,2FGM,Two Pointer (2/3 -  4 pt),BAR,FC Barcelona,P009862,"PUNTER, KEVIN",0,13,07:33,453.0,747,22,28,2,0,-6,True,0,
E2026,4,2,Q2,182,2FGA,Missed Two Pointer (0/1 -  0 pt),IST,Anadolu Efes Istanbul,P012710,"OSMANI, ERCAN",24,13,07:06,426.0,774,22,28,0,0,-6,False,0,
E2026,4,2,Q2,183,O,Off Rebound (2),IST,Anadolu Efes Istanbul,P005368,"YUSTA, SANTI",4,13,07:03,423.0,777,22,28,0,0,-6,False,0,
E2026,4,2,Q2,184,2FGM,Two Pointer (1/1 -  2 pt),IST,Anadolu Efes Istanbul,P005368,"YUSTA, SANTI",4,13,07:03,423.0,777,22,30,0,2,-8,True,0,
E2026,4,2,Q2,186,TO,Turnover (2),BAR,FC Barcelona,P014008,"ROBINSON, JUSTIN",5,14,06:51,411.0,789,22,30,0,0,-8,False,0,
E2026,4,2,Q2,187,ST,Steal (1),IST,Anadolu Efes Istanbul,P013943,"RUSSELL, DARON",11,14,06:48,408.0,792,22,30,0,0,-8,False,0,
E2026,4,2,Q2,188,2FGA,Missed Two Pointer (1/3 -  3 pt),IST,Anadolu Efes Istanbul,P013943,"RUSSELL, DARON",11,14,06:42,402.0,798,22,30,0,0,-8,False,0,
E2026,4,2,Q2,189,D,Def Rebound (3),BAR,FC Barcelona,,,,14,06:42,402.0,798,22,30,0,0,-8,False,0,
E2026,4,2,Q2,190,CM,Foul (2),IST,Anadolu Efes Istanbul,P013667,"FERNANDO, BRUNO",20,14,06:42,402.0,798,22,30,0,0,-8,False,0,
E2026,4,2,Q2,191,RV,Foul Drawn (1),BAR,FC Barcelona,P015140,"NKAMHOUA, OLIVIER",13,14,06:42,402.0,798,22,30,0,0,-8,False,0,
E2026,4,2,Q2,192,IN,In,BAR,FC Barcelona,P013855,"GIBSON, UMOJA",1,14,06:42,402.0,798,22,30,0,0,-8,False,0,
E2026,4,2,Q2,193,OUT,Out,BAR,FC Barcelona,P014008,"ROBINSON, JUSTIN",5,14,06:42,402.0,798,22,30,0,0,-8,False,0,
E2026,4,2,Q2,194,IN,In,IST,Anadolu Efes Istanbul,P003112,"SARIC, DARIO",5,14,06:42,402.0,798,22,30,0,0,-8,False,0,
E2026,4,2,Q2,195,OUT,Out,IST,Anadolu Efes Istanbul,P013667,"FERNANDO, BRUNO",20,14,06:42,402.0,798,22,30,0,0,-8,False,0,
E2026,4,2,Q2,196,2FGM,Two Pointer (3/4 -  6 pt),BAR,FC Barcelona,P009862,"PUNTER, KEVIN",0,14,06:23,383.0,817,24,30,2,0,-6,True,0,
E2026,4,2,Q2,197,CM,Foul (1),BAR,FC Barcelona,P015138,"MARTIN, TYRESE",2,14,06:09,369.0,831,24,30,0,0,-6,False,0,
E2026,4,2,Q2,198,RV,Foul Drawn (2),IST,Anadolu Efes Istanbul,P003112,"SARIC, DARIO",5,14,06:09,369.0,831,24,30,0,0,-6,False,0,
E2026,4,2,Q2,199,FTM,Free Throw In (2/2 -  7 pt),IST,Anadolu Efes Istanbul,P003112,"SARIC, DARIO",5,14,06:09,369.0,831,24,31,0,1,-7,True,0,
E2026,4,2,Q2,200,AS,Assist (1),IST,Anadolu Efes Istanbul,P013943,"RUSSELL, DARON",11,14,06:09,369.0,831,24,31,0,0,-7,False,0,
E2026,4,2,Q2,201,FTM,Free Throw In (3/3 -  8 pt),IST,Anadolu Efes Istanbul,P003112,"SARIC, DARIO",5,14,06:09,369.0,831,24,32,0,1,-8,True,0,
E2026,4,2,Q2,203,3FGA,Missed Three Pointer (0/3 -  0 pt),BAR,FC Barcelona,P015138,"MARTIN, TYRESE",2,15,05:57,357.0,843,24,32,0,0,-8,False,0,
E2026,4,2,Q2,204,D,Def Rebound (1),IST,Anadolu Efes Istanbul,P013943,"RUSSELL, DARON",11,15,05:55,355.0,845,24,32,0,0,-8,False,0,
E2026,4,2,Q2,205,2FGM,Two Pointer (1/2 -  2 pt),IST,Anadolu Efes Istanbul,P012710,"OSMANI, ERCAN",24,15,05:47,347.0,853,24,34,0,2,-10,True,0,
E2026,4,2,Q2,206,AS,Assist (2),IST,Anadolu Efes Istanbul,P003112,"SARIC, DARIO",5,15,05:47,347.0,853,24,34,0,0,-10,False,0,
E2026,4,2,Q2,207,TOUT,Time Out (1),BAR,FC Barcelona,,,,15,05:47,347.0,853,24,34,0,0,-10,False,0,
E2026,4,2,Q2,208,TOUT_TV,TV Time Out (2),,,,,,15,05:47,347.0,853,24,34,0,0,-10,False,0,
E2026,4,2,Q2,209,OUT,Out,BAR,FC Barcelona,P015140,"NKAMHOUA, OLIVIER",13,15,05:47,347.0,853,24,34,0,0,-10,False,0,
E2026,4,2,Q2,210,IN,In,BAR,FC Barcelona,P007553,"BALCEROWSKI, OLEK",22,15,05:47,347.0,853,24,34,0,0,-10,False,0,
E2026,4,2,Q2,211,CM,Foul (1),IST,Anadolu Efes Istanbul,P012742,"DOZIER, PJ",15,15,05:38,338.0,862,24,34,0,0,-10,False,0,
E2026,4,2,Q2,212,RV,Foul Drawn (1),BAR,FC Barcelona,P009862,"PUNTER, KEVIN",0,15,05:38,338.0,862,24,34,0,0,-10,False,0,
E2026,4,2,Q2,213,IN,In,BAR,FC Barcelona,P015139,"UMUDE, STANLEY",3,15,05:38,338.0,862,24,34,0,0,-10,False,0,
E2026,4,2,Q2,214,OUT,Out,BAR,FC Barcelona,P007464,"PARRA, JOEL",44,15,05:38,338.0,862,24,34,0,0,-10,False,0,
E2026,4,2,Q2,215,3FGA,Missed Three Pointer (0/1 -  4 pt),BAR,FC Barcelona,P015139,"UMUDE, STANLEY",3,15,05:22,322.0,878,24,34,0,0,-10,False,0,
E2026,4,2,Q2,216,D,Def Rebound (2),IST,Anadolu Efes Istanbul,P012742,"DOZIER, PJ",15,15,05:18,318.0,882,24,34,0,0,-10,False,0,
E2026,4,2,Q2,217,2FGM,Two Pointer (2/2 -  4 pt),IST,Anadolu Efes Istanbul,P005368,"YUSTA, SANTI",4,15,05:02,302.0,898,24,36,0,2,-12,True,0,
E2026,4,2,Q2,219,3FGM,Three Pointer (1/2 -  5 pt),BAR,FC Barcelona,P013855,"GIBSON, UMOJA",1,16,04:48,288.0,912,27,36,3,0,-9,True,0,
E2026,4,2,Q2,220,AS,Assist (1),BAR,FC Barcelona,P015138,"MARTIN, TYRESE",2,16,04:46,286.0,914,27,36,0,0,-9,False,0,
E2026,4,2,Q2,221,3FGA,Missed Three Pointer (0/1 -  3 pt),IST,Anadolu Efes Istanbul,P013943,"RUSSELL, DARON",11,16,04:27,267.0,933,27,36,0,0,-9,False,0,
E2026,4,2,Q2,222,D,Def Rebound (2),BAR,FC Barcelona,P015139,"UMUDE, STANLEY",3,16,04:25,265.0,935,27,36,0,0,-9,False,0,
E2026,4,2,Q2,223,2FGA,Missed Two Pointer (3/5 -  6 pt),BAR,FC Barcelona,P009862,"PUNTER, KEVIN",0,16,04:15,255.0,945,27,36,0,0,-9,False,0,
E2026,4,2,Q2,224,O,Off Rebound (2),BAR,FC Barcelona,P013855,"GIBSON, UMOJA",1,16,04:12,252.0,948,27,36,0,0,-9,False,0,
E2026,4,2,Q2,225,2FGM,Two Pointer (2/2 -  7 pt),BAR,FC Barcelona,P013855,"GIBSON, UMOJA",1,16,04:10,250.0,950,29,36,2,0,-7,True,0,
E2026,4,2,Q2,226,2FGA,Missed Two Pointer (1/4 -  3 pt),IST,Anadolu Efes Istanbul,P013943,"RUSSELL, DARON",11,16,04:03,243.0,957,29,36,0,0,-7,False,0,
E2026,4,2,Q2,227,D,Def Rebound (2),BAR,FC Barcelona,P007553,"BALCEROWSKI, OLEK",22,16,04:03,243.0,957,29,36,0,0,-7,False,0,
E2026,4,2,Q2,228,CM,Foul (1),IST,Anadolu Efes Istanbul,P005368,"YUSTA, SANTI",4,16,04:03,243.0,957,29,36,0,0,-7,False,0,
E2026,4,2,Q2,229,RV,Foul Drawn (2),BAR,FC Barcelona,P007553,"BALCEROWSKI, OLEK",22,16,04:03,243.0,957,29,36,0,0,-7,False,0,
E2026,4,2,Q2,230,OUT,Out,BAR,FC Barcelona,P009862,"PUNTER, KEVIN",0,16,04:03,243.0,957,29,36,0,0,-7,False,0,
E2026,4,2,Q2,231,OUT,Out,BAR,FC Barcelona,P015138,"MARTIN, TYRESE",2,16,04:03,243.0,957,29,36,0,0,-7,False,0,
E2026,4,2,Q2,232,IN,In,BAR,FC Barcelona,P009992,"BRIZUELA, DARIO",8,16,04:03,243.0,957,29,36,0,0,-7,False,0,
E2026,4,2,Q2,233,IN,In,BAR,FC Barcelona,P015142,"MINAYA, JUSTIN",24,16,04:03,243.0,957,29,36,0,0,-7,False,0,
E2026,4,2,Q2,234,OUT,Out,IST,Anadolu Efes Istanbul,P013943,"RUSSELL, DARON",11,16,04:03,243.0,957,29,36,0,0,-7,False,0,
E2026,4,2,Q2,235,OUT,Out,IST,Anadolu Efes Istanbul,P012742,"DOZIER, PJ",15,16,04:03,243.0,957,29,36,0,0,-7,False,0,
E2026,4,2,Q2,236,IN,In,IST,Anadolu Efes Istanbul,P012609,"MALCOLM, COLLIN",17,16,04:03,243.0,957,29,36,0,0,-7,False,0,
E2026,4,2,Q2,237,IN,In,IST,Anadolu Efes Istanbul,P005985,"JAMES, MIKE",55,16,04:03,243.0,957,29,36,0,0,-7,False,0,
E2026,4,2,Q2,238,FTM,Free Throw In (1/1 -  3 pt),BAR,FC Barcelona,P007553,"BALCEROWSKI, OLEK",22,16,04:03,243.0,957,30,36,1,0,-6,True,0,
E2026,4,2,Q2,239,FTM,Free Throw In (2/2 -  4 pt),BAR,FC Barcelona,P007553,"BALCEROWSKI, OLEK",22,16,04:03,243.0,957,31,36,1,0,-5,True,0,
E2026,4,2,Q2,241,3FGA,Missed Three Pointer (1/3 -  8 pt),IST,Anadolu Efes Istanbul,P003112,"SARIC, DARIO",5,17,03:45,225.0,975,31,36,0,0,-5,False,0,
E2026,4,2,Q2,242,D,Def Rebound (2),BAR,FC Barcelona,P013855,"GIBSON, UMOJA",1,17,03:41,221.0,979,31,36,0,0,-5,False,0,
E2026,4,2,Q2,243,3FGA,Missed Three Pointer (0/2 -  4 pt),BAR,FC Barcelona,P015139,"UMUDE, STANLEY",3,17,03:28,208.0,992,31,36,0,0,-5,False,0,
E2026,4,2,Q2,244,D,Def Rebound (1),IST,Anadolu Efes Istanbul,P012710,"OSMANI, ERCAN",24,17,03:25,205.0,995,31,36,0,0,-5,False,0,
E2026,4,2,Q2,245,TO,Turnover (2),IST,Anadolu Efes Istanbul,P005985,"JAMES, MIKE",55,17,03:18,198.0,1002,31,36,0,0,-5,False,0,
E2026,4,2,Q2,246,3FGM,Three Pointer (1/1 -  5 pt),BAR,FC Barcelona,P009992,"BRIZUELA, DARIO",8,17,03:02,182.0,1018,34,36,3,0,-2,True,0,
E2026,4,2,Q2,248,AS,Assist (1),BAR,FC Barcelona,P015139,"UMUDE, STANLEY",3,18,02:59,179.0,1021,34,36,0,0,-2,False,0,
E2026,4,2,Q2,249,CM,Foul (2),BAR,FC Barcelona,P015139,"UMUDE, STANLEY",3,18,02:51,171.0,1029,34,36,0,0,-2,False,0,
E2026,4,2,Q2,250,RV,Foul Drawn (3),IST,Anadolu Efes Istanbul,P003112,"SARIC, DARIO",5,18,02:51,171.0,1029,34,36,0,0,-2,False,0,
E2026,4,2,Q2,251,OUT,Out,BAR,FC Barcelona,P013855,"GIBSON, UMOJA",1,18,02:51,171.0,1029,34,36,0,0,-2,False,0,
E2026,4,2,Q2,252,IN,In,BAR,FC Barcelona,P014008,"ROBINSON, JUSTIN",5,18,02:51,171.0,1029,34,36,0,0,-2,False,0,
E2026,4,2,Q2,253,2FGA,Missed Two Pointer (1/3 -  2 pt),IST,Anadolu Efes Istanbul,P012710,"OSMANI, ERCAN",24,18,02:35,155.0,1045,34,36,0,0,-2,False,0,
E2026,4,2,Q2,254,D,Def Rebound (3),BAR,FC Barcelona,P007553,"BALCEROWSKI, OLEK",22,18,02:33,153.0,1047,34,36,0,0,-2,False,0,
E2026,4,2,Q2,255,3FGA,Missed Three Pointer (1/2 -  5 pt),BAR,FC Barcelona,P014008,"ROBINSON, JUSTIN",5,18,02:29,149.0,1051,34,36,0,0,-2,False,0,
E2026,4,2,Q2,256,D,Def Rebound (4),IST,Anadolu Efes Istanbul,P003112,"SARIC, DARIO",5,18,02:27,147.0,1053,34,36,0,0,-2,False,0,
E2026,4,2,Q2,257,2FGA,Missed Two Pointer (2/3 -  4 pt),IST,Anadolu Efes Istanbul,P005368,"YUSTA, SANTI",4,18,02:20,140.0,1060,34,36,0,0,-2,False,0,
E2026,4,2,Q2,258,O,Off Rebound (1),IST,Anadolu Efes Istanbul,P012710,"OSMANI, ERCAN",24,18,02:18,138.0,1062,34,36,0,0,-2,False,0,
E2026,4,2,Q2,259,2FGM,Two Pointer (2/4 -  4 pt),IST,Anadolu Efes Istanbul,P012710,"OSMANI, ERCAN",24,18,02:18,138.0,1062,34,38,0,2,-4,True,0,
E2026,4,2,Q2,261,2FGM,Two Pointer (2/2 -  7 pt),BAR,FC Barcelona,P009992,"BRIZUELA, DARIO",8,19,01:56,116.0,1084,36,38,2,0,-2,True,0,
E2026,4,2,Q2,262,2FGM,Two Pointer (2/2 -  10 pt),IST,Anadolu Efes Istanbul,P003112,"SARIC, DARIO",5,19,01:44,104.0,1096,36,40,0,2,-4,True,0,
E2026,4,2,Q2,263,AS,Assist (1),IST,Anadolu Efes Istanbul,P012609,"MALCOLM, COLLIN",17,19,01:42,102.0,1098,36,40,0,0,-4,False,0,
E2026,4,2,Q2,264,2FGM,Two Pointer (3/4 -  7 pt),BAR,FC Barcelona,P015139,"UMUDE, STANLEY",3,19,01:20,80.0,1120,39,40,3,0,-1,True,0,
E2026,4,2,Q2,283,AS,Assist (1),BAR,FC Barcelona,P015142,"MINAYA, JUSTIN",24,19,01:20,80.0,1120,39,40,0,0,-1,False,0,
E2026,4,2,Q2,265,CM,Foul (2),IST,Anadolu Efes Istanbul,P005368,"YUSTA, SANTI",4,19,01:20,80.0,1120,39,40,0,0,-1,False,0,
E2026,4,2,Q2,266,RV,Foul Drawn (1),BAR,FC Barcelona,P015139,"UMUDE, STANLEY",3,19,01:20,80.0,1120,39,40,0,0,-1,False,0,
E2026,4,2,Q2,267,IN,In,BAR,FC Barcelona,P015140,"NKAMHOUA, OLIVIER",13,19,01:20,80.0,1120,39,40,0,0,-1,False,0,
E2026,4,2,Q2,268,OUT,Out,BAR,FC Barcelona,P007553,"BALCEROWSKI, OLEK",22,19,01:20,80.0,1120,39,40,0,0,-1,False,0,
E2026,4,2,Q2,269,OUT,Out,BAR,FC Barcelona,P015139,"UMUDE, STANLEY",3,19,01:20,80.0,1120,39,40,0,0,-1,False,0,
E2026,4,2,Q2,270,IN,In,BAR,FC Barcelona,P007464,"PARRA, JOEL",44,19,01:20,80.0,1120,39,40,0,0,-1,False,0,
E2026,4,2,Q2,275,FTM,Free Throw In (1/1 -  7 pt),BAR,FC Barcelona,P015139,"UMUDE, STANLEY",3,19,01:20,80.0,1120,39,40,0,0,-1,False,0,
E2026,4,2,Q2,271,OUT,Out,IST,Anadolu Efes Istanbul,P012710,"OSMANI, ERCAN",24,19,01:20,80.0,1120,39,40,0,0,-1,False,0,
E2026,4,2,Q2,272,IN,In,IST,Anadolu Efes Istanbul,P008099,"STRAZEL, MATTHEW",32,19,01:20,80.0,1120,39,40,0,0,-1,False,0,
E2026,4,2,Q2,273,CM,Foul (1),BAR,FC Barcelona,P015140,"NKAMHOUA, OLIVIER",13,19,01:02,62.0,1138,39,40,0,0,-1,False,0,
E2026,4,2,Q2,274,RV,Foul Drawn (4),IST,Anadolu Efes Istanbul,P003112,"SARIC, DARIO",5,19,01:02,62.0,1138,39,40,0,0,-1,False,0,
E2026,4,2,Q2,277,2FGM,Two Pointer (3/5 -  7 pt),IST,Anadolu Efes Istanbul,P005985,"JAMES, MIKE",55,20,00:57,57.0,1143,39,42,0,2,-3,True,0,
E2026,4,2,Q2,278,AS,Assist (2),IST,Anadolu Efes Istanbul,P008099,"STRAZEL, MATTHEW",32,20,00:55,55.0,1145,39,42,0,0,-3,False,0,
E2026,4,2,Q2,279,3FGM,Three Pointer (2/2 -  10 pt),BAR,FC Barcelona,P009992,"BRIZUELA, DARIO",8,20,00:45,45.0,1155,42,42,3,0,0,True,0,
E2026,4,2,Q2,281,CM,Foul (1),BAR,FC Barcelona,P015142,"MINAYA, JUSTIN",24,20,00:30,30.0,1170,42,42,0,0,0,False,0,
E2026,4,2,Q2,282,RV,Foul Drawn (2),IST,Anadolu Efes Istanbul,P005985,"JAMES, MIKE",55,20,00:30,30.0,1170,42,42,0,0,0,False,0,
E2026,4,2,Q2,284,IN,In,BAR,FC Barcelona,P009862,"PUNTER, KEVIN",0,20,00:30,30.0,1170,42,42,0,0,0,False,0,
E2026,4,2,Q2,285,OUT,Out,BAR,FC Barcelona,P015142,"MINAYA, JUSTIN",24,20,00:30,30.0,1170,42,42,0,0,0,False,0,
E2026,4,2,Q2,286,FTM,Free Throw In (2/2 -  8 pt),IST,Anadolu Efes Istanbul,P005985,"JAMES, MIKE",55,20,00:30,30.0,1170,42,43,0,1,-1,True,0,
E2026,4,2,Q2,287,FTM,Free Throw In (3/3 -  9 pt),IST,Anadolu Efes Istanbul,P005985,"JAMES, MIKE",55,20,00:30,30.0,1170,42,44,0,1,-2,True,0,
E2026,4,2,Q2,288,3FGM,Three Pointer (3/3 -  13 pt),BAR,FC Barcelona,P009992,"BRIZUELA, DARIO",8,20,00:10,10.0,1190,45,44,3,0,1,True,0,
E2026,4,2,Q2,289,2FGA,Missed Two Pointer (3/6 -  9 pt),IST,Anadolu Efes Istanbul,P005985,"JAMES, MIKE",55,20,00:01,1.0,1199,45,44,0,0,1,False,0,
E2026,4,2,Q2,291,EP,End Period,,,,,,21,,,1260,45,44,0,0,1,False,0,
E2026,4,3,Q3,298,BP,Begin Period,,,,,,21,,,1260,45,44,0,0,1,False,0,
E2026,4,3,Q3,292,OUT,Out,BAR,FC Barcelona,P009992,"BRIZUELA, DARIO",8,21,10:00,600.0,1200,45,44,0,0,1,False,0,
E2026,4,3,Q3,293,OUT,Out,BAR,FC Barcelona,P015140,"NKAMHOUA, OLIVIER",13,21,10:00,600.0,1200,45,44,0,0,1,False,0,
E2026,4,3,Q3,294,IN,In,BAR,FC Barcelona,P007553,"BALCEROWSKI, OLEK",22,21,10:00,600.0,1200,45,44,0,0,1,False,0,
E2026,4,3,Q3,295,IN,In,BAR,FC Barcelona,P015142,"MINAYA, JUSTIN",24,21,10:00,600.0,1200,45,44,0,0,1,False,0,
E2026,4,3,Q3,296,OUT,Out,IST,Anadolu Efes Istanbul,P005368,"YUSTA, SANTI",4,21,10:00,600.0,1200,45,44,0,0,1,False,0,
E2026,4,3,Q3,297,IN,In,IST,Anadolu Efes Istanbul,P013667,"FERNANDO, BRUNO",20,21,10:00,600.0,1200,45,44,0,0,1,False,0,
E2026,4,3,Q3,299,2FGA,Missed Two Pointer (2/3 -  4 pt),IST,Anadolu Efes Istanbul,P013667,"FERNANDO, BRUNO",20,21,09:33,573.0,1227,45,44,0,0,1,False,0,
E2026,4,3,Q3,300,AG,Shot Rejected (1),IST,Anadolu Efes Istanbul,P013667,"FERNANDO, BRUNO",20,21,09:33,573.0,1227,45,44,0,0,1,False,0,
E2026,4,3,Q3,301,FV,Block (1),BAR,FC Barcelona,P007553,"BALCEROWSKI, OLEK",22,21,09:33,573.0,1227,45,44,0,0,1,False,0,
E2026,4,3,Q3,302,D,Def Rebound (4),BAR,FC Barcelona,,,,21,09:33,573.0,1227,45,44,0,0,1,False,0,
E2026,4,3,Q3,303,CM,Foul (3),IST,Anadolu Efes Istanbul,P013667,"FERNANDO, BRUNO",20,21,09:33,573.0,1227,45,44,0,0,1,False,0,
E2026,4,3,Q3,304,RV,Foul Drawn (1),BAR,FC Barcelona,P015142,"MINAYA, JUSTIN",24,21,09:33,573.0,1227,45,44,0,0,1,False,0,
E2026,4,3,Q3,305,TO,Turnover (3),BAR,FC Barcelona,P014008,"ROBINSON, JUSTIN",5,21,09:20,560.0,1240,45,44,0,0,1,False,0,
E2026,4,3,Q3,306,2FGM,Two Pointer (3/3 -  12 pt),IST,Anadolu Efes Istanbul,P003112,"SARIC, DARIO",5,21,09:03,543.0,1257,45,46,0,2,-1,True,0,
E2026,4,3,Q3,308,CM,Foul (1),IST,Anadolu Efes Istanbul,P008099,"STRAZEL, MATTHEW",32,22,08:59,539.0,1261,45,46,0,0,-1,False,0,
E2026,4,3,Q3,309,RV,Foul Drawn (2),BAR,FC Barcelona,P014008,"ROBINSON, JUSTIN",5,22,08:59,539.0,1261,45,46,0,0,-1,False,0,
E2026,4,3,Q3,310,3FGM,Three Pointer (1/2 -  9 pt),BAR,FC Barcelona,P009862,"PUNTER, KEVIN",0,22,08:51,531.0,1269,48,46,3,0,2,True,0,
E2026,4,3,Q3,311,AS,Assist (1),BAR,FC Barcelona,P007464,"PARRA, JOEL",44,22,08:49,529.0,1271,48,46,0,0,2,False,0,
E2026,4,3,Q3,312,3FGA,Missed Three Pointer (0/3 -  5 pt),IST,Anadolu Efes Istanbul,P008099,"STRAZEL, MATTHEW",32,22,08:29,509.0,1291,48,46,0,0,2,False,0,
E2026,4,3,Q3,313,D,Def Rebound (1),BAR,FC Barcelona,P015142,"MINAYA, JUSTIN",24,22,08:28,508.0,1292,48,46,0,0,2,False,0,
E2026,4,3,Q3,314,2FGA,Missed Two Pointer (3/6 -  9 pt),BAR,FC Barcelona,P009862,"PUNTER, KEVIN",0,22,08:18,498.0,1302,48,46,0,0,2,False,0,
E2026,4,3,Q3,315,D,Def Rebound (1),IST,Anadolu Efes Istanbul,P008099,"STRAZEL, MATTHEW",32,22,08:16,496.0,1304,48,46,0,0,2,False,0,
E2026,4,3,Q3,316,2FGA,Missed Two Pointer (1/3 -  5 pt),IST,Anadolu Efes Istanbul,P008099,"STRAZEL, MATTHEW",32,22,08:11,491.0,1309,48,46,0,0,2,False,0,
E2026,4,3,Q3,317,D,Def Rebound (1),BAR,FC Barcelona,P009862,"PUNTER, KEVIN",0,22,08:09,489.0,1311,48,46,0,0,2,False,0,
E2026,4,3,Q3,318,3FGA,Missed Three Pointer (1/3 -  5 pt),BAR,FC Barcelona,P014008,"ROBINSON, JUSTIN",5,22,08:06,486.0,1314,48,46,0,0,2,False,0,
E2026,4,3,Q3,319,D,Def Rebound (1),IST,Anadolu Efes Istanbul,P012609,"MALCOLM, COLLIN",17,22,08:04,484.0,1316,48,46,0,0,2,False,0,
E2026,4,3,Q3,321,TO,Turnover (3),IST,Anadolu Efes Istanbul,P005985,"JAMES, MIKE",55,23,07:51,471.0,1329,48,46,0,0,2,False,0,
E2026,4,3,Q3,322,ST,Steal (1),BAR,FC Barcelona,P009862,"PUNTER, KEVIN",0,23,07:49,469.0,1331,48,46,0,0,2,False,0,
E2026,4,3,Q3,323,3FGM,Three Pointer (1/1 -  3 pt),BAR,FC Barcelona,P015142,"MINAYA, JUSTIN",24,23,07:43,463.0,1337,51,46,3,0,5,True,0,
E2026,4,3,Q3,324,AS,Assist (1),BAR,FC Barcelona,P009862,"PUNTER, KEVIN",0,23,07:41,461.0,1339,51,46,0,0,5,False,0,
E2026,4,3,Q3,325,3FGM,Three Pointer (1/1 -  12 pt),IST,Anadolu Efes Istanbul,P005985,"JAMES, MIKE",55,23,07:21,441.0,1359,51,49,0,3,2,True,0,
E2026,4,3,Q3,326,AS,Assist (2),IST,Anadolu Efes Istanbul,P012609,"MALCOLM, COLLIN",17,23,07:19,439.0,1361,51,49,0,0,2,False,0,
E2026,4,3,Q3,327,3FGA,Missed Three Pointer (1/3 -  3 pt),BAR,FC Barcelona,P007464,"PARRA, JOEL",44,23,07:02,422.0,1378,51,49,0,0,2,False,0,
E2026,4,3,Q3,328,D,Def Rebound (2),IST,Anadolu Efes Istanbul,P005985,"JAMES, MIKE",55,23,07:00,420.0,1380,51,49,0,0,2,False,0,
E2026,4,3,Q3,330,CM,Foul (2),BAR,FC Barcelona,P015142,"MINAYA, JUSTIN",24,24,06:59,419.0,1381,51,49,0,0,2,False,0,
E2026,4,3,Q3,331,RV,Foul Drawn (3),IST,Anadolu Efes Istanbul,P005985,"JAMES, MIKE",55,24,06:59,419.0,1381,51,49,0,0,2,False,0,
E2026,4,3,Q3,332,CM,Foul (1),BAR,FC Barcelona,P007464,"PARRA, JOEL",44,24,06:43,403.0,1397,51,49,0,0,2,False,0,
E2026,4,3,Q3,333,RV,Foul Drawn (3),IST,Anadolu Efes Istanbul,P008099,"STRAZEL, MATTHEW",32,24,06:43,403.0,1397,51,49,0,0,2,False,0,
E2026,4,3,Q3,334,IN,In,BAR,FC Barcelona,P013855,"GIBSON, UMOJA",1,24,06:43,403.0,1397,51,49,0,0,2,False,0,
E2026,4,3,Q3,335,OUT,Out,BAR,FC Barcelona,P014008,"ROBINSON, JUSTIN",5,24,06:43,403.0,1397,51,49,0,0,2,False,0,
E2026,4,3,Q3,336,FTM,Free Throw In (4/4 -  6 pt),IST,Anadolu Efes Istanbul,P008099,"STRAZEL, MATTHEW",32,24,06:43,403.0,1397,51,50,0,1,1,True,0,
E2026,4,3,Q3,337,FTM,Free Throw In (5/5 -  7 pt),IST,Anadolu Efes Istanbul,P008099,"STRAZEL, MATTHEW",32,24,06:43,403.0,1397,51,51,0,1,0,True,0,
E2026,4,3,Q3,338,2FGM,Two Pointer (1/2 -  5 pt),BAR,FC Barcelona,P007464,"PARRA, JOEL",44,24,06:22,382.0,1418,53,51,2,0,2,True,0,
E2026,4,3,Q3,339,2FGA,Missed Two Pointer (3/7 -  12 pt),IST,Anadolu Efes Istanbul,P005985,"JAMES, MIKE",55,24,06:09,369.0,1431,53,51,0,0,2,False,0,
E2026,4,3,Q3,340,D,Def Rebound (3),BAR,FC Barcelona,P013855,"GIBSON, UMOJA",1,24,06:07,367.0,1433,53,51,0,0,2,False,0,
E2026,4,3,Q3,341,3FGA,Missed Three Pointer (1/4 -  5 pt),BAR,FC Barcelona,P007464,"PARRA, JOEL",44,24,06:01,361.0,1439,53,51,0,0,2,False,0,
E2026,4,3,Q3,343,D,Def Rebound (2),IST,Anadolu Efes Istanbul,P008099,"STRAZEL, MATTHEW",32,25,05:59,359.0,1441,53,51,0,0,2,False,0,
E2026,4,3,Q3,344,CM,Foul (2),BAR,FC Barcelona,P007464,"PARRA, JOEL",44,25,05:56,356.0,1444,53,51,0,0,2,False,0,
E2026,4,3,Q3,345,RV,Foul Drawn (4),IST,Anadolu Efes Istanbul,P005985,"JAMES, MIKE",55,25,05:56,356.0,1444,53,51,0,0,2,False,0,
E2026,4,3,Q3,346,OUT,Out,BAR,FC Barcelona,P009862,"PUNTER, KEVIN",0,25,05:56,356.0,1444,53,51,0,0,2,False,0,
E2026,4,3,Q3,347,IN,In,BAR,FC Barcelona,P015138,"MARTIN, TYRESE",2,25,05:56,356.0,1444,53,51,0,0,2,False,0,
E2026,4,3,Q3,348,IN,In,BAR,FC Barcelona,P015139,"UMUDE, STANLEY",3,25,05:56,356.0,1444,53,51,0,0,2,False,0,
E2026,4,3,Q3,349,IN,In,BAR,FC Barcelona,P009992,"BRIZUELA, DARIO",8,25,05:56,356.0,1444,53,51,0,0,2,False,0,
E2026,4,3,Q3,350,IN,In,BAR,FC Barcelona,P015140,"NKAMHOUA, OLIVIER",13,25,05:56,356.0,1444,53,51,0,0,2,False,0,
E2026,4,3,Q3,351,OUT,Out,BAR,FC Barcelona,P007553,"BALCEROWSKI, OLEK",22,25,05:56,356.0,1444,53,51,0,0,2,False,0,
E2026,4,3,Q3,352,OUT,Out,BAR,FC Barcelona,P015142,"MINAYA, JUSTIN",24,25,05:56,356.0,1444,53,51,0,0,2,False,0,
E2026,4,3,Q3,353,OUT,Out,BAR,FC Barcelona,P007464,"PARRA, JOEL",44,25,05:56,356.0,1444,53,51,0,0,2,False,0,
E2026,4,3,Q3,354,FTM,Free Throw In (4/4 -  13 pt),IST,Anadolu Efes Istanbul,P005985,"JAMES, MIKE",55,25,05:56,356.0,1444,53,52,0,1,1,True,0,
E2026,4,3,Q3,356,FTM,Free Throw In (5/5 -  14 pt),IST,Anadolu Efes Istanbul,P005985,"JAMES, MIKE",55,25,05:56,356.0,1444,53,53,0,1,0,True,0,
E2026,4,3,Q3,357,IN,In,IST,Anadolu Efes Istanbul,P009754,"LOYD, JORDAN",3,25,05:56,356.0,1444,53,53,0,0,0,False,0,
E2026,4,3,Q3,358,OUT,Out,IST,Anadolu Efes Istanbul,P013667,"FERNANDO, BRUNO",20,25,05:56,356.0,1444,53,53,0,0,0,False,0,
E2026,4,3,Q3,359,OUT,Out,IST,Anadolu Efes Istanbul,P005985,"JAMES, MIKE",55,25,05:56,356.0,1444,53,53,0,0,0,False,0,
E2026,4,3,Q3,360,IN,In,IST,Anadolu Efes Istanbul,P014102,"JONES, KAI",88,25,05:56,356.0,1444,53,53,0,0,0,False,0,
E2026,4,3,Q3,361,2FGA,Missed Two Pointer (0/1 -  0 pt),BAR,FC Barcelona,P015138,"MARTIN, TYRESE",2,25,05:39,339.0,1461,53,53,0,0,0,False,0,
E2026,4,3,Q3,362,O,Off Rebound (2),BAR,FC Barcelona,P015140,"NKAMHOUA, OLIVIER",13,25,05:36,336.0,1464,53,53,0,0,0,False,0,
E2026,4,3,Q3,363,2FGM,Two Pointer (1/1 -  2 pt),BAR,FC Barcelona,P015140,"NKAMHOUA, OLIVIER",13,25,05:36,336.0,1464,55,53,2,0,2,True,0,
E2026,4,3,Q3,364,2FGM,Two Pointer (2/4 -  9 pt),IST,Anadolu Efes Istanbul,P008099,"STRAZEL, MATTHEW",32,25,05:15,315.0,1485,55,55,0,2,0,True,0,
E2026,4,3,Q3,366,3FGA,Missed Three Pointer (3/4 -  13 pt),BAR,FC Barcelona,P009992,"BRIZUELA, DARIO",8,26,04:57,297.0,1503,55,55,0,0,0,False,0,
E2026,4,3,Q3,367,O,Off Rebound (1),BAR,FC Barcelona,P015138,"MARTIN, TYRESE",2,26,04:56,296.0,1504,55,55,0,0,0,False,0,
E2026,4,3,Q3,368,2FGA,Missed Two Pointer (2/3 -  13 pt),BAR,FC Barcelona,P009992,"BRIZUELA, DARIO",8,26,04:52,292.0,1508,55,55,0,0,0,False,0,
E2026,4,3,Q3,369,O,Off Rebound (3),BAR,FC Barcelona,P015140,"NKAMHOUA, OLIVIER",13,26,04:50,290.0,1510,55,55,0,0,0,False,0,
E2026,4,3,Q3,370,TO,Turnover (2),BAR,FC Barcelona,P015138,"MARTIN, TYRESE",2,26,04:47,287.0,1513,55,55,0,0,0,False,0,
E2026,4,3,Q3,371,TOUT_TV,TV Time Out (3),,,,,,26,04:47,287.0,1513,55,55,0,0,0,False,0,
E2026,4,3,Q3,372,TO,Turnover (2),IST,Anadolu Efes Istanbul,P008099,"STRAZEL, MATTHEW",32,26,04:32,272.0,1528,55,55,0,0,0,False,0,
E2026,4,3,Q3,373,ST,Steal (1),BAR,FC Barcelona,P009992,"BRIZUELA, DARIO",8,26,04:30,270.0,1530,55,55,0,0,0,False,0,
E2026,4,3,Q3,374,3FGM,Three Pointer (2/3 -  10 pt),BAR,FC Barcelona,P013855,"GIBSON, UMOJA",1,26,04:26,266.0,1534,58,55,3,0,3,True,0,
E2026,4,3,Q3,375,AS,Assist (2),BAR,FC Barcelona,P015138,"MARTIN, TYRESE",2,26,04:22,262.0,1538,58,55,0,0,3,False,0,
E2026,4,3,Q3,376,CM,Foul (3),BAR,FC Barcelona,P015139,"UMUDE, STANLEY",3,26,04:14,254.0,1546,58,55,0,0,3,False,0,
E2026,4,3,Q3,377,RV,Foul Drawn (5),IST,Anadolu Efes Istanbul,P003112,"SARIC, DARIO",5,26,04:14,254.0,1546,58,55,0,0,3,False,0,
E2026,4,3,Q3,378,OUT,Out,IST,Anadolu Efes Istanbul,P008099,"STRAZEL, MATTHEW",32,26,04:14,254.0,1546,58,55,0,0,3,False,0,
E2026,4,3,Q3,379,IN,In,IST,Anadolu Efes Istanbul,P005985,"JAMES, MIKE",55,26,04:14,254.0,1546,58,55,0,0,3,False,0,
E2026,4,3,Q3,380,FTM,Free Throw In (4/4 -  13 pt),IST,Anadolu Efes Istanbul,P003112,"SARIC, DARIO",5,26,04:14,254.0,1546,58,56,0,1,2,True,0,
E2026,4,3,Q3,381,AS,Assist (3),IST,Anadolu Efes Istanbul,P008099,"STRAZEL, MATTHEW",32,26,04:14,254.0,1546,58,56,0,0,2,False,0,
E2026,4,3,Q3,382,FTM,Free Throw In (5/5 -  14 pt),IST,Anadolu Efes Istanbul,P003112,"SARIC, DARIO",5,26,04:14,254.0,1546,58,57,0,1,1,True,0,
E2026,4,3,Q3,384,2FGA,Missed Two Pointer (0/2 -  0 pt),BAR,FC Barcelona,P015138,"MARTIN, TYRESE",2,27,03:58,238.0,1562,58,57,0,0,1,False,0,
E2026,4,3,Q3,385,D,Def Rebound (5),IST,Anadolu Efes Istanbul,P003112,"SARIC, DARIO",5,27,03:56,236.0,1564,58,57,0,0,1,False,0,
E2026,4,3,Q3,386,CM,Foul (2),BAR,FC Barcelona,P015140,"NKAMHOUA, OLIVIER",13,27,03:50,230.0,1570,58,57,0,0,1,False,0,
E2026,4,3,Q3,387,RV,Foul Drawn (6),IST,Anadolu Efes Istanbul,P003112,"SARIC, DARIO",5,27,03:50,230.0,1570,58,57,0,0,1,False,0,
E2026,4,3,Q3,388,FTM,Free Throw In (6/6 -  15 pt),IST,Anadolu Efes Istanbul,P003112,"SARIC, DARIO",5,27,03:50,230.0,1570,58,58,0,1,0,True,0,
E2026,4,3,Q3,389,FTM,Free Throw In (7/7 -  16 pt),IST,Anadolu Efes Istanbul,P003112,"SARIC, DARIO",5,27,03:50,230.0,1570,58,59,0,1,-1,True,0,
E2026,4,3,Q3,390,OUT,Out,BAR,FC Barcelona,P015139,"UMUDE, STANLEY",3,27,03:34,214.0,1586,58,59,0,0,-1,False,0,
E2026,4,3,Q3,391,IN,In,BAR,FC Barcelona,P007464,"PARRA, JOEL",44,27,03:34,214.0,1586,58,59,0,0,-1,False,0,
E2026,4,3,Q3,392,3FGA,Missed Three Pointer (2/4 -  10 pt),BAR,FC Barcelona,P013855,"GIBSON, UMOJA",1,27,03:29,209.0,1591,58,59,0,0,-1,False,0,
E2026,4,3,Q3,393,D,Def Rebound (3),IST,Anadolu Efes Istanbul,P005985,"JAMES, MIKE",55,27,03:27,207.0,1593,58,59,0,0,-1,False,0,
E2026,4,3,Q3,394,2FGM,Two Pointer (4/8 -  16 pt),IST,Anadolu Efes Istanbul,P005985,"JAMES, MIKE",55,27,03:20,200.0,1600,58,61,0,2,-3,True,0,
E2026,4,3,Q3,402,TO,Turnover (1),BAR,FC Barcelona,P009992,"BRIZUELA, DARIO",8,27,03:20,200.0,1600,58,61,0,0,-3,False,0,
E2026,4,3,Q3,396,TO,Turnover (1),IST,Anadolu Efes Istanbul,P009754,"LOYD, JORDAN",3,27,03:00,180.0,1620,58,61,0,0,-3,False,0,
E2026,4,3,Q3,397,OUT,Out,BAR,FC Barcelona,P013855,"GIBSON, UMOJA",1,27,03:00,180.0,1620,58,61,0,0,-3,False,0,
E2026,4,3,Q3,398,IN,In,BAR,FC Barcelona,P014008,"ROBINSON, JUSTIN",5,27,03:00,180.0,1620,58,61,0,0,-3,False,0,
E2026,4,3,Q3,428,3FGA,Missed Three Pointer (1/5 -  5 pt),BAR,FC Barcelona,P007464,"PARRA, JOEL",44,28,02:46,166.0,1634,58,61,0,0,-3,False,0,
E2026,4,3,Q3,401,D,Def Rebound (1),IST,Anadolu Efes Istanbul,P014102,"JONES, KAI",88,28,02:44,164.0,1636,58,61,0,0,-3,False,0,
E2026,4,3,Q3,403,3FGA,Missed Three Pointer (0/1 -  0 pt),IST,Anadolu Efes Istanbul,P009754,"LOYD, JORDAN",3,28,02:24,144.0,1656,58,61,0,0,-3,False,0,
E2026,4,3,Q3,404,D,Def Rebound (2),BAR,FC Barcelona,P009992,"BRIZUELA, DARIO",8,28,02:21,141.0,1659,58,61,0,0,-3,False,0,
E2026,4,3,Q3,405,2FGA,Missed Two Pointer (1/3 -  5 pt),BAR,FC Barcelona,P007464,"PARRA, JOEL",44,28,02:17,137.0,1663,58,61,0,0,-3,False,0,
E2026,4,3,Q3,406,AG,Shot Rejected (1),BAR,FC Barcelona,P007464,"PARRA, JOEL",44,28,02:17,137.0,1663,58,61,0,0,-3,False,0,
E2026,4,3,Q3,407,FV,Block (1),IST,Anadolu Efes Istanbul,P005985,"JAMES, MIKE",55,28,02:16,136.0,1664,58,61,0,0,-3,False,0,
E2026,4,3,Q3,408,O,Off Rebound (4),BAR,FC Barcelona,P015140,"NKAMHOUA, OLIVIER",13,28,02:14,134.0,1666,58,61,0,0,-3,False,0,
E2026,4,3,Q3,409,CM,Foul (1),IST,Anadolu Efes Istanbul,P014102,"JONES, KAI",88,28,02:15,135.0,1665,58,61,0,0,-3,False,0,
E2026,4,3,Q3,410,RV,Foul Drawn (2),BAR,FC Barcelona,P015140,"NKAMHOUA, OLIVIER",13,28,02:15,135.0,1665,58,61,0,0,-3,False,0,
E2026,4,3,Q3,411,C,Tech Foul Coach (1),IST,Anadolu Efes Istanbul,CO_B,,,28,02:15,135.0,1665,58,61,0,0,-3,False,0,
E2026,4,3,Q3,412,OUT,Out,BAR,FC Barcelona,P015138,"MARTIN, TYRESE",2,28,02:15,135.0,1665,58,61,0,0,-3,False,0,
E2026,4,3,Q3,413,IN,In,BAR,FC Barcelona,P015142,"MINAYA, JUSTIN",24,28,02:15,135.0,1665,58,61,0,0,-3,False,0,
E2026,4,3,Q3,414,FTM,Free Throw In (1/2 -  14 pt),BAR,FC Barcelona,P009992,"BRIZUELA, DARIO",8,28,02:15,135.0,1665,59,61,1,0,-2,True,0,
E2026,4,3,Q3,415,OUT,Out,BAR,FC Barcelona,P015140,"NKAMHOUA, OLIVIER",13,28,02:15,135.0,1665,59,61,0,0,-2,False,0,
E2026,4,3,Q3,416,IN,In,BAR,FC Barcelona,P007553,"BALCEROWSKI, OLEK",22,28,02:15,135.0,1665,59,61,0,0,-2,False,0,
E2026,4,3,Q3,417,IN,In,IST,Anadolu Efes Istanbul,P012742,"DOZIER, PJ",15,28,02:15,135.0,1665,59,61,0,0,-2,False,0,
E2026,4,3,Q3,418,OUT,Out,IST,Anadolu Efes Istanbul,P012609,"MALCOLM, COLLIN",17,28,02:15,135.0,1665,59,61,0,0,-2,False,0,
E2026,4,3,Q3,419,2FGM,Two Pointer (3/4 -  16 pt),BAR,FC Barcelona,P009992,"BRIZUELA, DARIO",8,28,02:04,124.0,1676,61,61,2,0,0,True,0,
E2026,4,3,Q3,420,AS,Assist (2),BAR,FC Barcelona,P007553,"BALCEROWSKI, OLEK",22,28,02:02,122.0,1678,61,61,0,0,0,False,0,
E2026,4,3,Q3,422,3FGA,Missed Three Pointer (0/2 -  0 pt),IST,Anadolu Efes Istanbul,P009754,"LOYD, JORDAN",3,29,01:49,109.0,1691,61,61,0,0,0,False,0,
E2026,4,3,Q3,423,D,Def Rebound (1),BAR,FC Barcelona,P014008,"ROBINSON, JUSTIN",5,29,01:47,107.0,1693,61,61,0,0,0,False,0,
E2026,4,3,Q3,424,3FGA,Missed Three Pointer (1/4 -  5 pt),BAR,FC Barcelona,P014008,"ROBINSON, JUSTIN",5,29,01:37,97.0,1703,61,61,0,0,0,False,0,
E2026,4,3,Q3,425,D,Def Rebound (2),IST,Anadolu Efes Istanbul,P014102,"JONES, KAI",88,29,01:35,95.0,1705,61,61,0,0,0,False,0,
E2026,4,3,Q3,426,CM,Foul (3),BAR,FC Barcelona,P007464,"PARRA, JOEL",44,29,01:32,92.0,1708,61,61,0,0,0,False,0,
E2026,4,3,Q3,427,RV,Foul Drawn (7),IST,Anadolu Efes Istanbul,P003112,"SARIC, DARIO",5,29,01:32,92.0,1708,61,61,0,0,0,False,0,
E2026,4,3,Q3,429,FTA,Missed Free Throw (7/8 -  16 pt),IST,Anadolu Efes Istanbul,P003112,"SARIC, DARIO",5,29,01:32,92.0,1708,61,61,0,0,0,False,0,
E2026,4,3,Q3,430,FTM,Free Throw In (8/9 -  17 pt),IST,Anadolu Efes Istanbul,P003112,"SARIC, DARIO",5,29,01:32,92.0,1708,61,62,0,1,-1,True,0,
E2026,4,3,Q3,431,IN,In,BAR,FC Barcelona,P009862,"PUNTER, KEVIN",0,29,01:32,92.0,1708,61,62,0,0,-1,False,0,
E2026,4,3,Q3,432,OUT,Out,BAR,FC Barcelona,P009992,"BRIZUELA, DARIO",8,29,01:32,92.0,1708,61,62,0,0,-1,False,0,
E2026,4,3,Q3,433,OUT,Out,IST,Anadolu Efes Istanbul,P003112,"SARIC, DARIO",5,29,01:32,92.0,1708,61,62,0,0,-1,False,0,
E2026,4,3,Q3,434,IN,In,IST,Anadolu Efes Istanbul,P012710,"OSMANI, ERCAN",24,29,01:32,92.0,1708,61,62,0,0,-1,False,0,
E2026,4,3,Q3,435,CM,Foul (2),IST,Anadolu Efes Istanbul,P009754,"LOYD, JORDAN",3,29,01:10,70.0,1730,61,62,0,0,-1,False,0,
E2026,4,3,Q3,436,RV,Foul Drawn (2),BAR,FC Barcelona,P009862,"PUNTER, KEVIN",0,29,01:10,70.0,1730,61,62,0,0,-1,False,0,
E2026,4,3,Q3,438,2FGA,Missed Two Pointer (1/4 -  5 pt),BAR,FC Barcelona,P007464,"PARRA, JOEL",44,30,00:58,58.0,1742,61,62,0,0,-1,False,0,
E2026,4,3,Q3,439,D,Def Rebound (3),IST,Anadolu Efes Istanbul,P014102,"JONES, KAI",88,30,00:56,56.0,1744,61,62,0,0,-1,False,0,
E2026,4,3,Q3,440,3FGM,Three Pointer (1/1 -  3 pt),IST,Anadolu Efes Istanbul,P012742,"DOZIER, PJ",15,30,00:40,40.0,1760,61,65,0,3,-4,True,0,
E2026,4,3,Q3,441,AS,Assist (1),IST,Anadolu Efes Istanbul,P012710,"OSMANI, ERCAN",24,30,00:38,38.0,1762,61,65,0,0,-4,False,0,
E2026,4,3,Q3,442,CM,Foul (2),IST,Anadolu Efes Istanbul,P012742,"DOZIER, PJ",15,30,00:29,29.0,1771,61,65,0,0,-4,False,0,
E2026,4,3,Q3,443,RV,Foul Drawn (3),BAR,FC Barcelona,P014008,"ROBINSON, JUSTIN",5,30,00:29,29.0,1771,61,65,0,0,-4,False,0,
E2026,4,3,Q3,444,FTM,Free Throw In (1/1 -  6 pt),BAR,FC Barcelona,P014008,"ROBINSON, JUSTIN",5,30,00:29,29.0,1771,62,65,1,0,-3,True,0,
E2026,4,3,Q3,445,FTM,Free Throw In (2/2 -  7 pt),BAR,FC Barcelona,P014008,"ROBINSON, JUSTIN",5,30,00:29,29.0,1771,63,65,1,0,-2,True,0,
E2026,4,3,Q3,446,IN,In,BAR,FC Barcelona,P015138,"MARTIN, TYRESE",2,30,00:29,29.0,1771,63,65,0,0,-2,False,0,
E2026,4,3,Q3,447,OUT,Out,BAR,FC Barcelona,P007464,"PARRA, JOEL",44,30,00:29,29.0,1771,63,65,0,0,-2,False,0,
E2026,4,3,Q3,448,3FGA,Missed Three Pointer (1/2 -  3 pt),IST,Anadolu Efes Istanbul,P012742,"DOZIER, PJ",15,30,00:04,4.0,1796,63,65,0,0,-2,False,0,
E2026,4,3,Q3,449,O,Off Rebound (2),IST,Anadolu Efes Istanbul,P012710,"OSMANI, ERCAN",24,30,00:02,2.0,1798,63,65,0,0,-2,False,0,
E2026,4,3,Q3,450,2FGM,Two Pointer (3/5 -  6 pt),IST,Anadolu Efes Istanbul,P012710,"OSMANI, ERCAN",24,30,00:01,1.0,1799,63,67,0,2,-4,True,0,
E2026,4,3,Q3,452,EP,End Period,,,,,,31,,,1860,63,67,0,0,-4,False,0,
E2026,4,4,Q4,455,BP,Begin Period,,,,,,31,,,1860,63,67,0,0,-4,False,0,
E2026,4,4,Q4,453,OUT,Out,BAR,FC Barcelona,P015138,"MARTIN, TYRESE",2,31,10:00,600.0,1800,63,67,0,0,-4,False,0,
E2026,4,4,Q4,454,IN,In,BAR,FC Barcelona,P007464,"PARRA, JOEL",44,31,10:00,600.0,1800,63,67,0,0,-4,False,0,
E2026,4,4,Q4,456,CM,Foul (3),IST,Anadolu Efes Istanbul,P009754,"LOYD, JORDAN",3,31,09:43,583.0,1817,63,67,0,0,-4,False,0,
E2026,4,4,Q4,457,RV,Foul Drawn (3),BAR,FC Barcelona,P009862,"PUNTER, KEVIN",0,31,09:43,583.0,1817,63,67,0,0,-4,False,0,
E2026,4,4,Q4,458,3FGM,Three Pointer (2/3 -  12 pt),BAR,FC Barcelona,P009862,"PUNTER, KEVIN",0,31,09:37,577.0,1823,66,67,3,0,-1,True,0,
E2026,4,4,Q4,459,3FGA,Missed Three Pointer (1/3 -  3 pt),IST,Anadolu Efes Istanbul,P012742,"DOZIER, PJ",15,31,09:13,553.0,1847,66,67,0,0,-1,False,0,
E2026,4,4,Q4,460,O,Off Rebound (2),IST,Anadolu Efes Istanbul,P014102,"JONES, KAI",88,31,09:12,552.0,1848,66,67,0,0,-1,False,0,
E2026,4,4,Q4,461,OF,Offensive Foul (1),IST,Anadolu Efes Istanbul,P012710,"OSMANI, ERCAN",24,31,09:09,549.0,1851,66,67,0,0,-1,False,0,
E2026,4,4,Q4,462,TO,Turnover (1),IST,Anadolu Efes Istanbul,P012710,"OSMANI, ERCAN",24,31,09:09,549.0,1851,66,67,0,0,-1,False,0,
E2026,4,4,Q4,463,RV,Foul Drawn (1),BAR,FC Barcelona,P007464,"PARRA, JOEL",44,31,09:09,549.0,1851,66,67,0,0,-1,False,0,
E2026,4,4,Q4,465,2FGA,Missed Two Pointer (3/7 -  12 pt),BAR,FC Barcelona,P009862,"PUNTER, KEVIN",0,32,08:47,527.0,1873,66,67,0,0,-1,False,0,
E2026,4,4,Q4,466,D,Def Rebound (4),IST,Anadolu Efes Istanbul,P005985,"JAMES, MIKE",55,32,08:45,525.0,1875,66,67,0,0,-1,False,0,
E2026,4,4,Q4,467,2FGM,Two Pointer (1/1 -  2 pt),IST,Anadolu Efes Istanbul,P014102,"JONES, KAI",88,32,08:35,515.0,1885,66,69,0,2,-3,True,0,
E2026,4,4,Q4,468,AS,Assist (5),IST,Anadolu Efes Istanbul,P005985,"JAMES, MIKE",55,32,08:34,514.0,1886,66,69,0,0,-3,False,0,
E2026,4,4,Q4,469,2FGM,Two Pointer (2/3 -  6 pt),BAR,FC Barcelona,P007553,"BALCEROWSKI, OLEK",22,32,08:16,496.0,1904,68,69,2,0,-1,True,0,
E2026,4,4,Q4,470,AS,Assist (2),BAR,FC Barcelona,P007464,"PARRA, JOEL",44,32,08:14,494.0,1906,68,69,0,0,-1,False,0,
E2026,4,4,Q4,472,2FGM,Two Pointer (1/3 -  2 pt),IST,Anadolu Efes Istanbul,P009754,"LOYD, JORDAN",3,33,07:49,469.0,1931,68,71,0,2,-3,True,0,
E2026,4,4,Q4,473,AS,Assist (1),IST,Anadolu Efes Istanbul,P014102,"JONES, KAI",88,33,07:48,468.0,1932,68,71,0,0,-3,False,0,
E2026,4,4,Q4,474,2FGM,Two Pointer (4/8 -  14 pt),BAR,FC Barcelona,P009862,"PUNTER, KEVIN",0,33,07:29,449.0,1951,70,71,2,0,-1,True,0,
E2026,4,4,Q4,475,3FGA,Missed Three Pointer (1/4 -  3 pt),IST,Anadolu Efes Istanbul,P012742,"DOZIER, PJ",15,33,07:08,428.0,1972,70,71,0,0,-1,False,0,
E2026,4,4,Q4,476,D,Def Rebound (2),BAR,FC Barcelona,P014008,"ROBINSON, JUSTIN",5,33,07:06,426.0,1974,70,71,0,0,-1,False,0,
E2026,4,4,Q4,478,OF,Offensive Foul (3),BAR,FC Barcelona,P007553,"BALCEROWSKI, OLEK",22,34,06:53,413.0,1987,70,71,0,0,-1,False,0,
E2026,4,4,Q4,479,TO,Turnover (1),BAR,FC Barcelona,P007553,"BALCEROWSKI, OLEK",22,34,06:53,413.0,1987,70,71,0,0,-1,False,0,
E2026,4,4,Q4,480,RV,Foul Drawn (1),IST,Anadolu Efes Istanbul,P009754,"LOYD, JORDAN",3,34,06:53,413.0,1987,70,71,0,0,-1,False,0,
E2026,4,4,Q4,481,IN,In,BAR,FC Barcelona,P013855,"GIBSON, UMOJA",1,34,06:53,413.0,1987,70,71,0,0,-1,False,0,
E2026,4,4,Q4,482,OUT,Out,BAR,FC Barcelona,P014008,"ROBINSON, JUSTIN",5,34,06:53,413.0,1987,70,71,0,0,-1,False,0,
E2026,4,4,Q4,483,2FGM,Two Pointer (5/9 -  18 pt),IST,Anadolu Efes Istanbul,P005985,"JAMES, MIKE",55,34,06:32,392.0,2008,70,73,0,2,-3,True,0,
E2026,4,4,Q4,484,CM,Foul (1),IST,Anadolu Efes Istanbul,P005985,"JAMES, MIKE",55,34,06:25,385.0,2015,70,73,0,0,-3,False,0,
E2026,4,4,Q4,485,RV,Foul Drawn (4),BAR,FC Barcelona,P009862,"PUNTER, KEVIN",0,34,06:25,385.0,2015,70,73,0,0,-3,False,0,
E2026,4,4,Q4,486,IN,In,BAR,FC Barcelona,P009992,"BRIZUELA, DARIO",8,34,06:25,385.0,2015,70,73,0,0,-3,False,0,
E2026,4,4,Q4,487,OUT,Out,BAR,FC Barcelona,P015142,"MINAYA, JUSTIN",24,34,06:25,385.0,2015,70,73,0,0,-3,False,0,
E2026,4,4,Q4,488,IN,In,BAR,FC Barcelona,P015140,"NKAMHOUA, OLIVIER",13,34,06:25,385.0,2015,70,73,0,0,-3,False,0,
E2026,4,4,Q4,489,OUT,Out,BAR,FC Barcelona,P007553,"BALCEROWSKI, OLEK",22,34,06:25,385.0,2015,70,73,0,0,-3,False,0,
E2026,4,4,Q4,490,IN,In,BAR,FC Barcelona,P015139,"UMUDE, STANLEY",3,34,06:25,385.0,2015,70,73,0,0,-3,False,0,
E2026,4,4,Q4,491,OUT,Out,BAR,FC Barcelona,P007464,"PARRA, JOEL",44,34,06:25,385.0,2015,70,73,0,0,-3,False,0,
E2026,4,4,Q4,492,2FGM,Two Pointer (4/5 -  18 pt),BAR,FC Barcelona,P009992,"BRIZUELA, DARIO",8,34,06:13,373.0,2027,72,73,2,0,-1,True,0,
E2026,4,4,Q4,494,3FGA,Missed Three Pointer (1/2 -  18 pt),IST,Anadolu Efes Istanbul,P005985,"JAMES, MIKE",55,35,05:53,353.0,2047,72,73,0,0,-1,False,0,
E2026,4,4,Q4,495,D,Def Rebound (4),BAR,FC Barcelona,P013855,"GIBSON, UMOJA",1,35,05:51,351.0,2049,72,73,0,0,-1,False,0,
E2026,4,4,Q4,496,2FGA,Missed Two Pointer (3/5 -  7 pt),BAR,FC Barcelona,P015139,"UMUDE, STANLEY",3,35,05:28,328.0,2072,72,73,0,0,-1,False,0,
E2026,4,4,Q4,497,OUT,Out,BAR,FC Barcelona,P009862,"PUNTER, KEVIN",0,35,05:26,326.0,2074,72,73,0,0,-1,False,0,
E2026,4,4,Q4,498,IN,In,BAR,FC Barcelona,P015138,"MARTIN, TYRESE",2,35,05:26,326.0,2074,72,73,0,0,-1,False,0,
E2026,4,4,Q4,499,O,Off Rebound (1),BAR,FC Barcelona,P015139,"UMUDE, STANLEY",3,35,05:26,326.0,2074,72,73,0,0,-1,False,0,
E2026,4,4,Q4,500,OF,Offensive Foul (2),BAR,FC Barcelona,P009992,"BRIZUELA, DARIO",8,35,05:17,317.0,2083,72,73,0,0,-1,False,0,
E2026,4,4,Q4,501,TO,Turnover (2),BAR,FC Barcelona,P009992,"BRIZUELA, DARIO",8,35,05:17,317.0,2083,72,73,0,0,-1,False,0,
E2026,4,4,Q4,502,RV,Foul Drawn (2),IST,Anadolu Efes Istanbul,P009754,"LOYD, JORDAN",3,35,05:17,317.0,2083,72,73,0,0,-1,False,0,
E2026,4,4,Q4,503,OUT,Out,IST,Anadolu Efes Istanbul,P012742,"DOZIER, PJ",15,35,05:17,317.0,2083,72,73,0,0,-1,False,0,
E2026,4,4,Q4,504,IN,In,IST,Anadolu Efes Istanbul,P013667,"FERNANDO, BRUNO",20,35,05:17,317.0,2083,72,73,0,0,-1,False,0,
E2026,4,4,Q4,505,IN,In,IST,Anadolu Efes Istanbul,P008099,"STRAZEL, MATTHEW",32,35,05:17,317.0,2083,72,73,0,0,-1,False,0,
E2026,4,4,Q4,506,OUT,Out,IST,Anadolu Efes Istanbul,P014102,"JONES, KAI",88,35,05:17,317.0,2083,72,73,0,0,-1,False,0,
E2026,4,4,Q4,508,TO,Turnover (4),IST,Anadolu Efes Istanbul,P005985,"JAMES, MIKE",55,36,04:59,299.0,2101,72,73,0,0,-1,False,0,
E2026,4,4,Q4,509,TOUT_TV,TV Time Out (4),,,,,,36,04:59,299.0,2101,72,73,0,0,-1,False,0,
E2026,4,4,Q4,510,2FGM,Two Pointer (5/6 -  20 pt),BAR,FC Barcelona,P009992,"BRIZUELA, DARIO",8,36,04:41,281.0,2119,74,73,2,0,1,True,0,
E2026,4,4,Q4,511,2FGM,Two Pointer (3/4 -  6 pt),IST,Anadolu Efes Istanbul,P013667,"FERNANDO, BRUNO",20,36,04:26,266.0,2134,74,75,0,2,-1,True,0,
E2026,4,4,Q4,512,AS,Assist (2),IST,Anadolu Efes Istanbul,P012710,"OSMANI, ERCAN",24,36,04:24,264.0,2136,74,75,0,0,-1,False,0,
E2026,4,4,Q4,513,CM,Foul (4),IST,Anadolu Efes Istanbul,P013667,"FERNANDO, BRUNO",20,36,04:09,249.0,2151,74,75,0,0,-1,False,0,
E2026,4,4,Q4,514,RV,Foul Drawn (2),BAR,FC Barcelona,P015139,"UMUDE, STANLEY",3,36,04:09,249.0,2151,74,75,0,0,-1,False,0,
E2026,4,4,Q4,515,OUT,Out,BAR,FC Barcelona,P015140,"NKAMHOUA, OLIVIER",13,36,04:09,249.0,2151,74,75,0,0,-1,False,0,
E2026,4,4,Q4,516,IN,In,BAR,FC Barcelona,P007553,"BALCEROWSKI, OLEK",22,36,04:09,249.0,2151,74,75,0,0,-1,False,0,
E2026,4,4,Q4,517,IN,In,IST,Anadolu Efes Istanbul,P003112,"SARIC, DARIO",5,36,04:09,249.0,2151,74,75,0,0,-1,False,0,
E2026,4,4,Q4,518,OUT,Out,IST,Anadolu Efes Istanbul,P012710,"OSMANI, ERCAN",24,36,04:09,249.0,2151,74,75,0,0,-1,False,0,
E2026,4,4,Q4,519,FTA,Missed Free Throw (1/2 -  7 pt),BAR,FC Barcelona,P015139,"UMUDE, STANLEY",3,36,04:09,249.0,2151,74,75,0,0,-1,False,0,
E2026,4,4,Q4,520,FTA,Missed Free Throw (1/3 -  7 pt),BAR,FC Barcelona,P015139,"UMUDE, STANLEY",3,36,04:09,249.0,2151,74,75,0,0,-1,False,0,
E2026,4,4,Q4,521,D,Def Rebound (2),IST,Anadolu Efes Istanbul,P013667,"FERNANDO, BRUNO",20,36,04:09,249.0,2151,74,75,0,0,-1,False,0,
E2026,4,4,Q4,523,TO,Turnover (2),IST,Anadolu Efes Istanbul,,,,37,03:59,239.0,2161,74,75,0,0,-1,False,0,
E2026,4,4,Q4,524,OUT,Out,BAR,FC Barcelona,P015139,"UMUDE, STANLEY",3,37,03:59,239.0,2161,74,75,0,0,-1,False,0,
E2026,4,4,Q4,525,IN,In,BAR,FC Barcelona,P007464,"PARRA, JOEL",44,37,03:59,239.0,2161,74,75,0,0,-1,False,0,
E2026,4,4,Q4,526,TO,Turnover (3),BAR,FC Barcelona,P015138,"MARTIN, TYRESE",2,37,03:59,239.0,2161,74,75,0,0,-1,False,0,
E2026,4,4,Q4,527,ST,Steal (1),IST,Anadolu Efes Istanbul,P008099,"STRAZEL, MATTHEW",32,37,03:59,239.0,2161,74,75,0,0,-1,False,0,
E2026,4,4,Q4,528,2FGM,Two Pointer (6/10 -  20 pt),IST,Anadolu Efes Istanbul,P005985,"JAMES, MIKE",55,37,03:44,224.0,2176,74,77,0,2,-3,True,0,
E2026,4,4,Q4,529,TO,Turnover (3),BAR,FC Barcelona,P009992,"BRIZUELA, DARIO",8,37,03:22,202.0,2198,74,77,0,0,-3,False,0,
E2026,4,4,Q4,530,ST,Steal (1),IST,Anadolu Efes Istanbul,P009754,"LOYD, JORDAN",3,37,03:21,201.0,2199,74,77,0,0,-3,False,0,
E2026,4,4,Q4,531,2FGA,Missed Two Pointer (2/5 -  9 pt),IST,Anadolu Efes Istanbul,P008099,"STRAZEL, MATTHEW",32,37,03:05,185.0,2215,74,77,0,0,-3,False,0,
E2026,4,4,Q4,532,AG,Shot Rejected (1),IST,Anadolu Efes Istanbul,P008099,"STRAZEL, MATTHEW",32,37,03:05,185.0,2215,74,77,0,0,-3,False,0,
E2026,4,4,Q4,533,FV,Block (1),BAR,FC Barcelona,P007464,"PARRA, JOEL",44,37,03:04,184.0,2216,74,77,0,0,-3,False,0,
E2026,4,4,Q4,534,D,Def Rebound (1),BAR,FC Barcelona,P015138,"MARTIN, TYRESE",2,37,03:02,182.0,2218,74,77,0,0,-3,False,0,
E2026,4,4,Q4,536,3FGM,Three Pointer (1/4 -  3 pt),BAR,FC Barcelona,P015138,"MARTIN, TYRESE",2,38,02:48,168.0,2232,77,77,3,0,0,True,0,
E2026,4,4,Q4,538,3FGA,Missed Three Pointer (1/4 -  17 pt),IST,Anadolu Efes Istanbul,P003112,"SARIC, DARIO",5,38,02:33,153.0,2247,77,77,0,0,0,False,0,
E2026,4,4,Q4,539,D,Def Rebound (5),BAR,FC Barcelona,,,,38,02:30,150.0,2250,77,77,0,0,0,False,0,
E2026,4,4,Q4,540,IN,In,BAR,FC Barcelona,P009862,"PUNTER, KEVIN",0,38,02:30,150.0,2250,77,77,0,0,0,False,0,
E2026,4,4,Q4,541,OUT,Out,BAR,FC Barcelona,P013855,"GIBSON, UMOJA",1,38,02:30,150.0,2250,77,77,0,0,0,False,0,
E2026,4,4,Q4,542,IN,In,BAR,FC Barcelona,P014008,"ROBINSON, JUSTIN",5,38,02:30,150.0,2250,77,77,0,0,0,False,0,
E2026,4,4,Q4,543,OUT,Out,BAR,FC Barcelona,P009992,"BRIZUELA, DARIO",8,38,02:30,150.0,2250,77,77,0,0,0,False,0,
E2026,4,4,Q4,544,TOUT,Time Out (1),BAR,FC Barcelona,,,,38,02:30,150.0,2250,77,77,0,0,0,False,0,
E2026,4,4,Q4,545,CM,Foul (4),IST,Anadolu Efes Istanbul,P009754,"LOYD, JORDAN",3,38,02:15,135.0,2265,77,77,0,0,0,False,0,
E2026,4,4,Q4,546,RV,Foul Drawn (5),BAR,FC Barcelona,P009862,"PUNTER, KEVIN",0,38,02:15,135.0,2265,77,77,0,0,0,False,0,
E2026,4,4,Q4,547,FTM,Free Throw In (1/1 -  15 pt),BAR,FC Barcelona,P009862,"PUNTER, KEVIN",0,38,02:15,135.0,2265,78,77,1,0,1,True,0,
E2026,4,4,Q4,548,FTM,Free Throw In (2/2 -  16 pt),BAR,FC Barcelona,P009862,"PUNTER, KEVIN",0,38,02:15,135.0,2265,79,77,1,0,2,True,0,
E2026,4,4,Q4,549,TOUT,Time Out (1),IST,Anadolu Efes Istanbul,,,,38,02:15,135.0,2265,79,77,0,0,2,False,0,
E2026,4,4,Q4,551,3FGM,Three Pointer (1/4 -  12 pt),IST,Anadolu Efes Istanbul,P008099,"STRAZEL, MATTHEW",32,39,01:54,114.0,2286,79,80,0,3,-1,True,0,
E2026,4,4,Q4,552,2FGM,Two Pointer (5/9 -  18 pt),BAR,FC Barcelona,P009862,"PUNTER, KEVIN",0,39,01:32,92.0,2308,81,80,2,0,1,True,0,
E2026,4,4,Q4,553,OUT,Out,IST,Anadolu Efes Istanbul,P009754,"LOYD, JORDAN",3,39,01:32,92.0,2308,81,80,0,0,1,False,0,
E2026,4,4,Q4,554,IN,In,IST,Anadolu Efes Istanbul,P012609,"MALCOLM, COLLIN",17,39,01:32,92.0,2308,81,80,0,0,1,False,0,
E2026,4,4,Q4,555,CM,Foul (2),BAR,FC Barcelona,P015138,"MARTIN, TYRESE",2,39,01:22,82.0,2318,81,80,0,0,1,False,0,
E2026,4,4,Q4,556,RV,Foul Drawn (5),IST,Anadolu Efes Istanbul,P005985,"JAMES, MIKE",55,39,01:22,82.0,2318,81,80,0,0,1,False,0,
E2026,4,4,Q4,557,TO,Turnover (1),IST,Anadolu Efes Istanbul,P013667,"FERNANDO, BRUNO",20,39,01:18,78.0,2322,81,80,0,0,1,False,0,
E2026,4,4,Q4,559,2FGM,Two Pointer (3/4 -  8 pt),BAR,FC Barcelona,P007553,"BALCEROWSKI, OLEK",22,39,01:12,72.0,2328,83,80,2,0,3,True,0,
E2026,4,4,Q4,560,AS,Assist (3),BAR,FC Barcelona,P007464,"PARRA, JOEL",44,39,01:12,72.0,2328,83,80,0,0,3,False,0,
E2026,4,4,Q4,561,TOUT,Time Out (2),IST,Anadolu Efes Istanbul,,,,39,01:12,72.0,2328,83,80,0,0,3,False,0,
E2026,4,4,Q4,562,CM,Foul (4),BAR,FC Barcelona,P007553,"BALCEROWSKI, OLEK",22,39,01:03,63.0,2337,83,80,0,0,3,False,0,
E2026,4,4,Q4,563,RV,Foul Drawn (6),IST,Anadolu Efes Istanbul,P005985,"JAMES, MIKE",55,39,01:03,63.0,2337,83,80,0,0,3,False,0,
E2026,4,4,Q4,565,FTA,Missed Free Throw (5/6 -  20 pt),IST,Anadolu Efes Istanbul,P005985,"JAMES, MIKE",55,39,01:03,63.0,2337,83,80,0,0,3,False,0,
E2026,4,4,Q4,566,FTM,Free Throw In (6/7 -  21 pt),IST,Anadolu Efes Istanbul,P005985,"JAMES, MIKE",55,39,01:03,63.0,2337,83,81,0,1,2,True,0,
E2026,4,4,Q4,567,FTM,Free Throw In (7/8 -  22 pt),IST,Anadolu Efes Istanbul,P005985,"JAMES, MIKE",55,39,01:03,63.0,2337,83,82,0,1,1,True,0,
E2026,4,4,Q4,569,3FGM,Three Pointer (2/5 -  10 pt),BAR,FC Barcelona,P014008,"ROBINSON, JUSTIN",5,40,00:49,49.0,2351,86,82,3,0,4,True,0,
E2026,4,4,Q4,570,TOUT,Time Out (3),IST,Anadolu Efes Istanbul,,,,40,00:49,49.0,2351,86,82,0,0,4,False,0,
E2026,4,4,Q4,571,IN,In,IST,Anadolu Efes Istanbul,P009754,"LOYD, JORDAN",3,40,00:49,49.0,2351,86,82,0,0,4,False,0,
E2026,4,4,Q4,572,OUT,Out,IST,Anadolu Efes Istanbul,P012609,"MALCOLM, COLLIN",17,40,00:49,49.0,2351,86,82,0,0,4,False,0,
E2026,4,4,Q4,573,TO,Turnover (5),IST,Anadolu Efes Istanbul,P005985,"JAMES, MIKE",55,40,00:38,38.0,2362,86,82,0,0,4,False,0,
E2026,4,4,Q4,574,ST,Steal (2),BAR,FC Barcelona,P009862,"PUNTER, KEVIN",0,40,00:37,37.0,2363,86,82,0,0,4,False,0,
E2026,4,4,Q4,575,CM,Foul (2),IST,Anadolu Efes Istanbul,P005985,"JAMES, MIKE",55,40,00:20,20.0,2380,86,82,0,0,4,False,0,
E2026,4,4,Q4,576,RV,Foul Drawn (3),BAR,FC Barcelona,P007553,"BALCEROWSKI, OLEK",22,40,00:20,20.0,2380,86,82,0,0,4,False,0,
E2026,4,4,Q4,577,CMT1,Technical Foul 1 (3),IST,Anadolu Efes Istanbul,P005985,"JAMES, MIKE",55,40,00:20,20.0,2380,86,82,0,0,4,False,0,
E2026,4,4,Q4,578,FTM,Free Throw In (3/3 -  19 pt),BAR,FC Barcelona,P009862,"PUNTER, KEVIN",0,40,00:20,20.0,2380,87,82,1,0,5,True,0,
E2026,4,4,Q4,579,FTM,Free Throw In (3/3 -  9 pt),BAR,FC Barcelona,P007553,"BALCEROWSKI, OLEK",22,40,00:20,20.0,2380,88,82,1,0,6,True,0,
E2026,4,4,Q4,580,AS,Assist (2),BAR,FC Barcelona,P014008,"ROBINSON, JUSTIN",5,40,00:20,20.0,2380,88,82,0,0,6,False,0,
E2026,4,4,Q4,581,FTM,Free Throw In (4/4 -  10 pt),BAR,FC Barcelona,P007553,"BALCEROWSKI, OLEK",22,40,00:20,20.0,2380,89,82,1,0,7,True,0,
E2026,4,4,Q4,582,3FGA,Missed Three Pointer (1/3 -  22 pt),IST,Anadolu Efes Istanbul,P005985,"JAMES, MIKE",55,40,00:12,12.0,2388,89,82,0,0,7,False,0,
E2026,4,4,Q4,583,D,Def Rebound (2),BAR,FC Barcelona,P015138,"MARTIN, TYRESE",2,40,00:10,10.0,2390,89,82,0,0,7,False,0,
E2026,4,4,Q4,584,3FGA,Missed Three Pointer (1/6 -  5 pt),BAR,FC Barcelona,P007464,"PARRA, JOEL",44,40,00:03,3.0,2397,89,82,0,0,7,False,0,
E2026,4,4,Q4,585,D,Def Rebound (3),IST,Anadolu Efes Istanbul,P013667,"FERNANDO, BRUNO",20,40,00:03,3.0,2397,89,82,0,0,7,False,0,
E2026,4,4,Q4,588,EG,End Game,,,,,,41,,,2460,89,82,0,0,7,False,0,
E2026,5,1,Q1,13,BP,Begin Period,,,,,,1,,,60,0,0,0,0,0,False,0,
E2026,5,1,Q1,14,JB,Jump Ball (1),BAS,Kosner Baskonia Vitoria-Gasteiz,,,,1,09:59,599.0,1,0,0,0,0,0,False,0,
E2026,5,1,Q1,15,3FGM,Three Pointer (1/1 -  3 pt),BAS,Kosner Baskonia Vitoria-Gasteiz,P014152,"SIMMONS, KOBI",2,1,09:52,592.0,8,3,0,3,0,3,True,0,
E2026,5,1,Q1,16,AS,Assist (1),BAS,Kosner Baskonia Vitoria-Gasteiz,P014735,"DUARTE, CHRIS",5,1,09:50,590.0,10,3,0,0,0,3,False,0,
E2026,5,1,Q1,17,2FGM,Two Pointer (1/1 -  2 pt),OLY,Olympiacos Piraeus,P003469,"VEZENKOV, SASHA",14,1,09:40,580.0,20,3,2,0,2,1,True,0,
E2026,5,1,Q1,18,AS,Assist (1),OLY,Olympiacos Piraeus,P009048,"MILLER-MCINTYRE, CODI",0,1,09:38,578.0,22,3,2,0,0,1,False,0,
E2026,5,1,Q1,19,2FGA,Missed Two Pointer (0/1 -  0 pt),BAS,Kosner Baskonia Vitoria-Gasteiz,P014735,"DUARTE, CHRIS",5,1,09:27,567.0,33,3,2,0,0,1,False,0,
E2026,5,1,Q1,20,D,Def Rebound (1),OLY,Olympiacos Piraeus,P003469,"VEZENKOV, SASHA",14,1,09:25,565.0,35,3,2,0,0,1,False,0,
E2026,5,1,Q1,21,2FGM,Two Pointer (1/1 -  2 pt),OLY,Olympiacos Piraeus,P009849,"DORSEY, TYLER",22,1,09:06,546.0,54,3,4,0,2,-1,True,0,
E2026,5,1,Q1,23,3FGM,Three Pointer (1/1 -  3 pt),BAS,Kosner Baskonia Vitoria-Gasteiz,P007230,"SEDEKERSKIS, TADAS",8,2,08:52,532.0,68,6,4,3,0,2,True,0,
E2026,5,1,Q1,24,AS,Assist (1),BAS,Kosner Baskonia Vitoria-Gasteiz,P014152,"SIMMONS, KOBI",2,2,08:50,530.0,70,6,4,0,0,2,False,0,
E2026,5,1,Q1,25,2FGA,Missed Two Pointer (0/1 -  0 pt),OLY,Olympiacos Piraeus,P012610,"WARD, TYSON",3,2,08:27,507.0,93,6,4,0,0,2,False,0,
E2026,5,1,Q1,26,D,Def Rebound (1),BAS,Kosner Baskonia Vitoria-Gasteiz,,,,2,08:26,506.0,94,6,4,0,0,2,False,0,
E2026,5,1,Q1,27,2FGM,Two Pointer (1/2 -  2 pt),BAS,Kosner Baskonia Vitoria-Gasteiz,P014735,"DUARTE, CHRIS",5,2,08:03,483.0,117,8,4,2,0,4,True,0,
E2026,5,1,Q1,28,AS,Assist (2),BAS,Kosner Baskonia Vitoria-Gasteiz,P014152,"SIMMONS, KOBI",2,2,08:01,481.0,119,8,4,0,0,4,False,0,
E2026,5,1,Q1,30,3FGA,Missed Three Pointer (0/1 -  0 pt),OLY,Olympiacos Piraeus,P012610,"WARD, TYSON",3,3,07:46,466.0,134,8,4,0,0,4,False,0,
E2026,5,1,Q1,31,D,Def Rebound (2),BAS,Kosner Baskonia Vitoria-Gasteiz,,,,3,07:43,463.0,137,8,4,0,0,4,False,0,
E2026,5,1,Q1,32,3FGM,Three Pointer (2/2 -  6 pt),BAS,Kosner Baskonia Vitoria-Gasteiz,P007230,"SEDEKERSKIS, TADAS",8,3,07:32,452.0,148,11,4,3,0,7,True,0,
E2026,5,1,Q1,33,AS,Assist (2),BAS,Kosner Baskonia Vitoria-Gasteiz,P014735,"DUARTE, CHRIS",5,3,07:29,449.0,151,11,4,0,0,7,False,0,
E2026,5,1,Q1,34,2FGM,Two Pointer (2/2 -  4 pt),OLY,Olympiacos Piraeus,P003469,"VEZENKOV, SASHA",14,3,07:20,440.0,160,11,6,0,2,5,True,0,
E2026,5,1,Q1,35,AS,Assist (2),OLY,Olympiacos Piraeus,P009048,"MILLER-MCINTYRE, CODI",0,3,07:18,438.0,162,11,6,0,0,5,False,0,
E2026,5,1,Q1,36,3FGM,Three Pointer (1/1 -  3 pt),BAS,Kosner Baskonia Vitoria-Gasteiz,P005713,"KURUCS, RODIONS",7,3,07:13,433.0,167,14,6,3,0,8,True,0,
E2026,5,1,Q1,37,AS,Assist (3),BAS,Kosner Baskonia Vitoria-Gasteiz,P014152,"SIMMONS, KOBI",2,3,07:13,433.0,167,14,6,0,0,8,False,0,
E2026,5,1,Q1,38,TOUT,Time Out (1),OLY,Olympiacos Piraeus,,,,3,07:13,433.0,167,14,6,0,0,8,False,0,
E2026,5,1,Q1,39,TOUT_TV,TV Time Out (1),,,,,,3,07:13,433.0,167,14,6,0,0,8,False,0,
E2026,5,1,Q1,41,2FGM,Two Pointer (1/1 -  2 pt),OLY,Olympiacos Piraeus,P011196,"HALL, DONTA",45,4,06:49,409.0,191,14,8,0,2,6,True,0,
E2026,5,1,Q1,42,AS,Assist (1),OLY,Olympiacos Piraeus,P012610,"WARD, TYSON",3,4,06:47,407.0,193,14,8,0,0,6,False,0,
E2026,5,1,Q1,43,2FGM,Two Pointer (1/1 -  5 pt),BAS,Kosner Baskonia Vitoria-Gasteiz,P005713,"KURUCS, RODIONS",7,4,06:39,399.0,201,16,8,2,0,8,True,0,
E2026,5,1,Q1,44,AS,Assist (4),BAS,Kosner Baskonia Vitoria-Gasteiz,P014152,"SIMMONS, KOBI",2,4,06:37,397.0,203,16,8,0,0,8,False,0,
E2026,5,1,Q1,45,RV,Foul Drawn (1),OLY,Olympiacos Piraeus,P003469,"VEZENKOV, SASHA",14,4,06:22,382.0,218,16,8,0,0,8,False,0,
E2026,5,1,Q1,46,CM,Foul (1),BAS,Kosner Baskonia Vitoria-Gasteiz,P012700,"STEWART, DJ",3,4,06:22,382.0,218,16,8,0,0,8,False,0,
E2026,5,1,Q1,47,IN,In,BAS,Kosner Baskonia Vitoria-Gasteiz,P014734,"LAWSON, A.J.",1,4,06:22,382.0,218,16,8,0,0,8,False,0,
E2026,5,1,Q1,48,OUT,Out,BAS,Kosner Baskonia Vitoria-Gasteiz,P012700,"STEWART, DJ",3,4,06:22,382.0,218,16,8,0,0,8,False,0,
E2026,5,1,Q1,49,OUT,Out,BAS,Kosner Baskonia Vitoria-Gasteiz,P007230,"SEDEKERSKIS, TADAS",8,4,06:22,382.0,218,16,8,0,0,8,False,0,
E2026,5,1,Q1,50,IN,In,BAS,Kosner Baskonia Vitoria-Gasteiz,P011284,"FARIED, KENNETH",35,4,06:22,382.0,218,16,8,0,0,8,False,0,
E2026,5,1,Q1,51,FTM,Free Throw In (1/1 -  5 pt),OLY,Olympiacos Piraeus,P003469,"VEZENKOV, SASHA",14,4,06:22,382.0,218,16,9,0,1,7,True,0,
E2026,5,1,Q1,52,AS,Assist (2),OLY,Olympiacos Piraeus,P012610,"WARD, TYSON",3,4,06:22,382.0,218,16,9,0,0,7,False,0,
E2026,5,1,Q1,53,FTM,Free Throw In (2/2 -  6 pt),OLY,Olympiacos Piraeus,P003469,"VEZENKOV, SASHA",14,4,06:22,382.0,218,16,10,0,1,6,True,0,
E2026,5,1,Q1,54,TO,Turnover (1),BAS,Kosner Baskonia Vitoria-Gasteiz,P005713,"KURUCS, RODIONS",7,4,06:02,362.0,238,16,10,0,0,6,False,0,
E2026,5,1,Q1,55,ST,Steal (1),OLY,Olympiacos Piraeus,P012610,"WARD, TYSON",3,4,06:00,360.0,240,16,10,0,0,6,False,0,
E2026,5,1,Q1,57,RV,Foul Drawn (2),OLY,Olympiacos Piraeus,P003469,"VEZENKOV, SASHA",14,5,05:58,358.0,242,16,10,0,0,6,False,0,
E2026,5,1,Q1,58,CM,Foul (1),BAS,Kosner Baskonia Vitoria-Gasteiz,P005713,"KURUCS, RODIONS",7,5,05:58,358.0,242,16,10,0,0,6,False,0,
E2026,5,1,Q1,59,IN,In,BAS,Kosner Baskonia Vitoria-Gasteiz,P011948,"HOWARD, MARKUS",0,5,05:58,358.0,242,16,10,0,0,6,False,0,
E2026,5,1,Q1,60,OUT,Out,BAS,Kosner Baskonia Vitoria-Gasteiz,P014152,"SIMMONS, KOBI",2,5,05:58,358.0,242,16,10,0,0,6,False,0,
E2026,5,1,Q1,61,OUT,Out,BAS,Kosner Baskonia Vitoria-Gasteiz,P014735,"DUARTE, CHRIS",5,5,05:58,358.0,242,16,10,0,0,6,False,0,
E2026,5,1,Q1,62,OUT,Out,BAS,Kosner Baskonia Vitoria-Gasteiz,P005713,"KURUCS, RODIONS",7,5,05:58,358.0,242,16,10,0,0,6,False,0,
E2026,5,1,Q1,63,IN,In,BAS,Kosner Baskonia Vitoria-Gasteiz,P007230,"SEDEKERSKIS, TADAS",8,5,05:58,358.0,242,16,10,0,0,6,False,0,
E2026,5,1,Q1,64,IN,In,BAS,Kosner Baskonia Vitoria-Gasteiz,P008173,"SPAGNOLO, MATTEO",10,5,05:58,358.0,242,16,10,0,0,6,False,0,
E2026,5,1,Q1,65,2FGA,Missed Two Pointer (1/2 -  2 pt),OLY,Olympiacos Piraeus,P009849,"DORSEY, TYLER",22,5,05:52,352.0,248,16,10,0,0,6,False,0,
E2026,5,1,Q1,66,O,Off Rebound (1),OLY,Olympiacos Piraeus,P011196,"HALL, DONTA",45,5,05:52,352.0,248,16,10,0,0,6,False,0,
E2026,5,1,Q1,67,RV,Foul Drawn (1),OLY,Olympiacos Piraeus,P011196,"HALL, DONTA",45,5,05:52,352.0,248,16,10,0,0,6,False,0,
E2026,5,1,Q1,68,CM,Foul (1),BAS,Kosner Baskonia Vitoria-Gasteiz,P014734,"LAWSON, A.J.",1,5,05:52,352.0,248,16,10,0,0,6,False,0,
E2026,5,1,Q1,69,3FGA,Missed Three Pointer (0/1 -  0 pt),OLY,Olympiacos Piraeus,P009048,"MILLER-MCINTYRE, CODI",0,5,05:40,340.0,260,16,10,0,0,6,False,0,
E2026,5,1,Q1,70,O,Off Rebound (1),OLY,Olympiacos Piraeus,P012610,"WARD, TYSON",3,5,05:38,338.0,262,16,10,0,0,6,False,0,
E2026,5,1,Q1,71,RV,Foul Drawn (1),OLY,Olympiacos Piraeus,P012610,"WARD, TYSON",3,5,05:37,337.0,263,16,10,0,0,6,False,0,
E2026,5,1,Q1,72,CM,Foul (1),BAS,Kosner Baskonia Vitoria-Gasteiz,P011284,"FARIED, KENNETH",35,5,05:37,337.0,263,16,10,0,0,6,False,0,
E2026,5,1,Q1,73,FTM,Free Throw In (1/1 -  1 pt),OLY,Olympiacos Piraeus,P012610,"WARD, TYSON",3,5,05:37,337.0,263,16,11,0,1,5,True,0,
E2026,5,1,Q1,74,FTM,Free Throw In (2/2 -  2 pt),OLY,Olympiacos Piraeus,P012610,"WARD, TYSON",3,5,05:37,337.0,263,16,12,0,1,4,True,0,
E2026,5,1,Q1,75,3FGM,Three Pointer (3/3 -  9 pt),BAS,Kosner Baskonia Vitoria-Gasteiz,P007230,"SEDEKERSKIS, TADAS",8,5,05:21,321.0,279,19,12,3,0,7,True,0,
E2026,5,1,Q1,76,AS,Assist (1),BAS,Kosner Baskonia Vitoria-Gasteiz,P014734,"LAWSON, A.J.",1,5,05:19,319.0,281,19,12,0,0,7,False,0,
E2026,5,1,Q1,77,3FGM,Three Pointer (1/1 -  5 pt),OLY,Olympiacos Piraeus,P009849,"DORSEY, TYLER",22,5,05:04,304.0,296,19,15,0,3,4,True,0,
E2026,5,1,Q1,79,RV,Foul Drawn (1),BAS,Kosner Baskonia Vitoria-Gasteiz,P008173,"SPAGNOLO, MATTEO",10,6,04:59,299.0,301,19,15,0,0,4,False,0,
E2026,5,1,Q1,80,CM,Foul (1),OLY,Olympiacos Piraeus,P009048,"MILLER-MCINTYRE, CODI",0,6,04:59,299.0,301,19,15,0,0,4,False,0,
E2026,5,1,Q1,81,3FGM,Three Pointer (1/1 -  3 pt),BAS,Kosner Baskonia Vitoria-Gasteiz,P014734,"LAWSON, A.J.",1,6,04:45,285.0,315,22,15,3,0,7,True,0,
E2026,5,1,Q1,82,2FGM,Two Pointer (2/2 -  4 pt),OLY,Olympiacos Piraeus,P011196,"HALL, DONTA",45,6,04:23,263.0,337,22,17,0,2,5,True,0,
E2026,5,1,Q1,83,AS,Assist (3),OLY,Olympiacos Piraeus,P009048,"MILLER-MCINTYRE, CODI",0,6,04:21,261.0,339,22,17,0,0,5,False,0,
E2026,5,1,Q1,84,RV,Foul Drawn (1),BAS,Kosner Baskonia Vitoria-Gasteiz,P011284,"FARIED, KENNETH",35,6,04:10,250.0,350,22,17,0,0,5,False,0,
E2026,5,1,Q1,85,CM,Foul (1),OLY,Olympiacos Piraeus,P012610,"WARD, TYSON",3,6,04:10,250.0,350,22,17,0,0,5,False,0,
E2026,5,1,Q1,86,OUT,Out,BAS,Kosner Baskonia Vitoria-Gasteiz,P007230,"SEDEKERSKIS, TADAS",8,6,04:10,250.0,350,22,17,0,0,5,False,0,
E2026,5,1,Q1,87,IN,In,BAS,Kosner Baskonia Vitoria-Gasteiz,P014026,"FRISCH, CLEMENT",25,6,04:10,250.0,350,22,17,0,0,5,False,0,
E2026,5,1,Q1,88,OUT,Out,OLY,Olympiacos Piraeus,P009048,"MILLER-MCINTYRE, CODI",0,6,04:10,250.0,350,22,17,0,0,5,False,0,
E2026,5,1,Q1,89,IN,In,OLY,Olympiacos Piraeus,P010042,"MONTERO, JEAN",8,6,04:10,250.0,350,22,17,0,0,5,False,0,
E2026,5,1,Q1,90,TO,Turnover (1),BAS,Kosner Baskonia Vitoria-Gasteiz,P008173,"SPAGNOLO, MATTEO",10,6,04:08,248.0,352,22,17,0,0,5,False,0,
E2026,5,1,Q1,92,2FGM,Two Pointer (3/3 -  8 pt),OLY,Olympiacos Piraeus,P003469,"VEZENKOV, SASHA",14,7,03:52,232.0,368,22,19,0,2,3,True,0,
E2026,5,1,Q1,93,AS,Assist (1),OLY,Olympiacos Piraeus,P010042,"MONTERO, JEAN",8,7,03:49,229.0,371,22,19,0,0,3,False,0,
E2026,5,1,Q1,94,3FGA,Missed Three Pointer (0/1 -  0 pt),BAS,Kosner Baskonia Vitoria-Gasteiz,P008173,"SPAGNOLO, MATTEO",10,7,03:35,215.0,385,22,19,0,0,3,False,0,
E2026,5,1,Q1,95,D,Def Rebound (1),OLY,Olympiacos Piraeus,P012610,"WARD, TYSON",3,7,03:32,212.0,388,22,19,0,0,3,False,0,
E2026,5,1,Q1,96,RV,Foul Drawn (2),OLY,Olympiacos Piraeus,P012610,"WARD, TYSON",3,7,03:29,209.0,391,22,19,0,0,3,False,0,
E2026,5,1,Q1,97,CM,Foul (1),BAS,Kosner Baskonia Vitoria-Gasteiz,P008173,"SPAGNOLO, MATTEO",10,7,03:29,209.0,391,22,19,0,0,3,False,0,
E2026,5,1,Q1,98,IN,In,BAS,Kosner Baskonia Vitoria-Gasteiz,P014107,"JOKSIMOVIC, STEFAN",6,7,03:29,209.0,391,22,19,0,0,3,False,0,
E2026,5,1,Q1,99,OUT,Out,BAS,Kosner Baskonia Vitoria-Gasteiz,P008173,"SPAGNOLO, MATTEO",10,7,03:29,209.0,391,22,19,0,0,3,False,0,
E2026,5,1,Q1,100,IN,In,BAS,Kosner Baskonia Vitoria-Gasteiz,P012700,"STEWART, DJ",3,7,03:29,209.0,391,22,19,0,0,3,False,0,
E2026,5,1,Q1,101,OUT,Out,BAS,Kosner Baskonia Vitoria-Gasteiz,P014026,"FRISCH, CLEMENT",25,7,03:29,209.0,391,22,19,0,0,3,False,0,
E2026,5,1,Q1,102,FTM,Free Throw In (3/3 -  3 pt),OLY,Olympiacos Piraeus,P012610,"WARD, TYSON",3,7,03:29,209.0,391,22,20,0,1,2,True,0,
E2026,5,1,Q1,103,FTM,Free Throw In (4/4 -  4 pt),OLY,Olympiacos Piraeus,P012610,"WARD, TYSON",3,7,03:29,209.0,391,22,21,0,1,1,True,0,
E2026,5,1,Q1,104,2FGM,Two Pointer (1/1 -  5 pt),BAS,Kosner Baskonia Vitoria-Gasteiz,P014734,"LAWSON, A.J.",1,7,03:13,193.0,407,24,21,2,0,3,True,0,
E2026,5,1,Q1,105,AS,Assist (1),BAS,Kosner Baskonia Vitoria-Gasteiz,P014107,"JOKSIMOVIC, STEFAN",6,7,03:10,190.0,410,24,21,0,0,3,False,0,
E2026,5,1,Q1,106,3FGM,Three Pointer (2/2 -  8 pt),OLY,Olympiacos Piraeus,P009849,"DORSEY, TYLER",22,7,03:05,185.0,415,24,24,0,3,0,True,0,
E2026,5,1,Q1,107,AS,Assist (2),OLY,Olympiacos Piraeus,P010042,"MONTERO, JEAN",8,7,03:02,182.0,418,24,24,0,0,0,False,0,
E2026,5,1,Q1,109,2FGM,Two Pointer (1/1 -  2 pt),BAS,Kosner Baskonia Vitoria-Gasteiz,P011284,"FARIED, KENNETH",35,8,02:55,175.0,425,26,24,2,0,2,True,0,
E2026,5,1,Q1,110,AS,Assist (2),BAS,Kosner Baskonia Vitoria-Gasteiz,P014107,"JOKSIMOVIC, STEFAN",6,8,02:53,173.0,427,26,24,0,0,2,False,0,
E2026,5,1,Q1,111,3FGA,Missed Three Pointer (0/1 -  0 pt),OLY,Olympiacos Piraeus,P010042,"MONTERO, JEAN",8,8,02:35,155.0,445,26,24,0,0,2,False,0,
E2026,5,1,Q1,112,D,Def Rebound (1),BAS,Kosner Baskonia Vitoria-Gasteiz,P012700,"STEWART, DJ",3,8,02:33,153.0,447,26,24,0,0,2,False,0,
E2026,5,1,Q1,113,OUT,Out,OLY,Olympiacos Piraeus,P012610,"WARD, TYSON",3,8,02:25,145.0,455,26,24,0,0,2,False,0,
E2026,5,1,Q1,114,OUT,Out,OLY,Olympiacos Piraeus,P011196,"HALL, DONTA",45,8,02:25,145.0,455,26,24,0,0,2,False,0,
E2026,5,1,Q1,115,IN,In,OLY,Olympiacos Piraeus,P011981,"JONES, TYRIQUE",88,8,02:25,145.0,455,26,24,0,0,2,False,0,
E2026,5,1,Q1,116,IN,In,OLY,Olympiacos Piraeus,P013380,"FOURNIER, EVAN",94,8,02:25,145.0,455,26,24,0,0,2,False,0,
E2026,5,1,Q1,117,TO,Turnover (1),BAS,Kosner Baskonia Vitoria-Gasteiz,P014107,"JOKSIMOVIC, STEFAN",6,8,02:13,133.0,467,26,24,0,0,2,False,0,
E2026,5,1,Q1,118,ST,Steal (1),OLY,Olympiacos Piraeus,P009849,"DORSEY, TYLER",22,8,02:12,132.0,468,26,24,0,0,2,False,0,
E2026,5,1,Q1,119,2FGM,Two Pointer (2/3 -  10 pt),OLY,Olympiacos Piraeus,P009849,"DORSEY, TYLER",22,8,02:07,127.0,473,26,26,0,2,0,True,0,
E2026,5,1,Q1,121,2FGA,Missed Two Pointer (0/1 -  0 pt),BAS,Kosner Baskonia Vitoria-Gasteiz,P011948,"HOWARD, MARKUS",0,9,01:52,112.0,488,26,26,0,0,0,False,0,
E2026,5,1,Q1,122,D,Def Rebound (2),OLY,Olympiacos Piraeus,P003469,"VEZENKOV, SASHA",14,9,01:50,110.0,490,26,26,0,0,0,False,0,
E2026,5,1,Q1,123,TO,Turnover (1),OLY,Olympiacos Piraeus,P013380,"FOURNIER, EVAN",94,9,01:46,106.0,494,26,26,0,0,0,False,0,
E2026,5,1,Q1,124,ST,Steal (1),BAS,Kosner Baskonia Vitoria-Gasteiz,P012700,"STEWART, DJ",3,9,01:45,105.0,495,26,26,0,0,0,False,0,
E2026,5,1,Q1,125,2FGA,Missed Two Pointer (1/2 -  5 pt),BAS,Kosner Baskonia Vitoria-Gasteiz,P014734,"LAWSON, A.J.",1,9,01:41,101.0,499,26,26,0,0,0,False,0,
E2026,5,1,Q1,126,D,Def Rebound (1),OLY,Olympiacos Piraeus,P010042,"MONTERO, JEAN",8,9,01:39,99.0,501,26,26,0,0,0,False,0,
E2026,5,1,Q1,127,TO,Turnover (1),OLY,Olympiacos Piraeus,P010042,"MONTERO, JEAN",8,9,01:38,98.0,502,26,26,0,0,0,False,0,
E2026,5,1,Q1,128,ST,Steal (1),BAS,Kosner Baskonia Vitoria-Gasteiz,P014107,"JOKSIMOVIC, STEFAN",6,9,01:36,96.0,504,26,26,0,0,0,False,0,
E2026,5,1,Q1,129,TO,Turnover (2),BAS,Kosner Baskonia Vitoria-Gasteiz,P014107,"JOKSIMOVIC, STEFAN",6,9,01:35,95.0,505,26,26,0,0,0,False,0,
E2026,5,1,Q1,130,ST,Steal (1),OLY,Olympiacos Piraeus,P010042,"MONTERO, JEAN",8,9,01:33,93.0,507,26,26,0,0,0,False,0,
E2026,5,1,Q1,131,2FGM,Two Pointer (1/1 -  2 pt),OLY,Olympiacos Piraeus,P011981,"JONES, TYRIQUE",88,9,01:26,86.0,514,26,28,0,2,-2,True,0,
E2026,5,1,Q1,132,AS,Assist (3),OLY,Olympiacos Piraeus,P010042,"MONTERO, JEAN",8,9,01:24,84.0,516,26,28,0,0,-2,False,0,
E2026,5,1,Q1,133,2FGA,Missed Two Pointer (0/1 -  0 pt),BAS,Kosner Baskonia Vitoria-Gasteiz,P012700,"STEWART, DJ",3,9,01:07,67.0,533,26,28,0,0,-2,False,0,
E2026,5,1,Q1,134,D,Def Rebound (1),OLY,Olympiacos Piraeus,P011981,"JONES, TYRIQUE",88,9,01:05,65.0,535,26,28,0,0,-2,False,0,
E2026,5,1,Q1,135,2FGM,Two Pointer (4/4 -  10 pt),OLY,Olympiacos Piraeus,P003469,"VEZENKOV, SASHA",14,9,01:04,64.0,536,26,30,0,2,-4,True,0,
E2026,5,1,Q1,136,AS,Assist (4),OLY,Olympiacos Piraeus,P010042,"MONTERO, JEAN",8,9,01:04,64.0,536,26,30,0,0,-4,False,0,
E2026,5,1,Q1,137,TOUT,Time Out (1),BAS,Kosner Baskonia Vitoria-Gasteiz,,,,9,01:04,64.0,536,26,30,0,0,-4,False,0,
E2026,5,1,Q1,138,OUT,Out,BAS,Kosner Baskonia Vitoria-Gasteiz,P011948,"HOWARD, MARKUS",0,9,01:04,64.0,536,26,30,0,0,-4,False,0,
E2026,5,1,Q1,139,IN,In,BAS,Kosner Baskonia Vitoria-Gasteiz,P014735,"DUARTE, CHRIS",5,9,01:04,64.0,536,26,30,0,0,-4,False,0,
E2026,5,1,Q1,140,IN,In,BAS,Kosner Baskonia Vitoria-Gasteiz,P007230,"SEDEKERSKIS, TADAS",8,9,01:04,64.0,536,26,30,0,0,-4,False,0,
E2026,5,1,Q1,141,OUT,Out,BAS,Kosner Baskonia Vitoria-Gasteiz,P011284,"FARIED, KENNETH",35,9,01:04,64.0,536,26,30,0,0,-4,False,0,
E2026,5,1,Q1,142,OUT,Out,OLY,Olympiacos Piraeus,P003469,"VEZENKOV, SASHA",14,9,01:04,64.0,536,26,30,0,0,-4,False,0,
E2026,5,1,Q1,143,IN,In,OLY,Olympiacos Piraeus,P012731,"NDIAYE, MBAYE",24,9,01:04,64.0,536,26,30,0,0,-4,False,0,
E2026,5,1,Q1,145,3FGA,Missed Three Pointer (0/1 -  0 pt),BAS,Kosner Baskonia Vitoria-Gasteiz,P014107,"JOKSIMOVIC, STEFAN",6,10,00:46,46.0,554,26,30,0,0,-4,False,0,
E2026,5,1,Q1,146,D,Def Rebound (2),OLY,Olympiacos Piraeus,P011981,"JONES, TYRIQUE",88,10,00:42,42.0,558,26,30,0,0,-4,False,0,
E2026,5,1,Q1,147,3FGM,Three Pointer (3/3 -  13 pt),OLY,Olympiacos Piraeus,P009849,"DORSEY, TYLER",22,10,00:34,34.0,566,26,33,0,3,-7,True,0,
E2026,5,1,Q1,148,RV,Foul Drawn (1),BAS,Kosner Baskonia Vitoria-Gasteiz,P014734,"LAWSON, A.J.",1,10,00:28,28.0,572,26,33,0,0,-7,False,0,
E2026,5,1,Q1,149,CM,Foul (1),OLY,Olympiacos Piraeus,P012731,"NDIAYE, MBAYE",24,10,00:28,28.0,572,26,33,0,0,-7,False,0,
E2026,5,1,Q1,150,IN,In,BAS,Kosner Baskonia Vitoria-Gasteiz,P014152,"SIMMONS, KOBI",2,10,00:28,28.0,572,26,33,0,0,-7,False,0,
E2026,5,1,Q1,151,OUT,Out,BAS,Kosner Baskonia Vitoria-Gasteiz,P014107,"JOKSIMOVIC, STEFAN",6,10,00:28,28.0,572,26,33,0,0,-7,False,0,
E2026,5,1,Q1,152,FTM,Free Throw In (1/1 -  6 pt),BAS,Kosner Baskonia Vitoria-Gasteiz,P014734,"LAWSON, A.J.",1,10,00:28,28.0,572,27,33,1,0,-6,True,0,
E2026,5,1,Q1,153,FTM,Free Throw In (2/2 -  7 pt),BAS,Kosner Baskonia Vitoria-Gasteiz,P014734,"LAWSON, A.J.",1,10,00:28,28.0,572,28,33,1,0,-5,True,0,
E2026,5,1,Q1,154,FTM,Free Throw In (3/3 -  8 pt),BAS,Kosner Baskonia Vitoria-Gasteiz,P014734,"LAWSON, A.J.",1,10,00:28,28.0,572,29,33,1,0,-4,True,0,
E2026,5,1,Q1,155,OUT,Out,BAS,Kosner Baskonia Vitoria-Gasteiz,P014734,"LAWSON, A.J.",1,10,00:28,28.0,572,29,33,0,0,-4,False,0,
E2026,5,1,Q1,156,IN,In,BAS,Kosner Baskonia Vitoria-Gasteiz,P014026,"FRISCH, CLEMENT",25,10,00:28,28.0,572,29,33,0,0,-4,False,0,
E2026,5,1,Q1,157,3FGM,Three Pointer (1/2 -  3 pt),OLY,Olympiacos Piraeus,P010042,"MONTERO, JEAN",8,10,00:07,7.0,593,29,36,0,3,-7,True,0,
E2026,5,1,Q1,158,3FGA,Missed Three Pointer (0/1 -  0 pt),BAS,Kosner Baskonia Vitoria-Gasteiz,P012700,"STEWART, DJ",3,10,00:00,0.0,600,29,36,0,0,-7,False,0,
E2026,5,1,Q1,160,EP,End Period,,,,,,11,,,660,29,36,0,0,-7,False,0,
E2026,5,2,Q2,165,BP,Begin Period,,,,,,11,,,660,29,36,0,0,-7,False,0,
E2026,5,2,Q2,161,IN,In,BAS,Kosner Baskonia Vitoria-Gasteiz,P005713,"KURUCS, RODIONS",7,11,10:00,600.0,600,29,36,0,0,-7,False,0,
E2026,5,2,Q2,162,OUT,Out,BAS,Kosner Baskonia Vitoria-Gasteiz,P014026,"FRISCH, CLEMENT",25,11,10:00,600.0,600,29,36,0,0,-7,False,0,
E2026,5,2,Q2,163,OUT,Out,OLY,Olympiacos Piraeus,P009849,"DORSEY, TYLER",22,11,10:00,600.0,600,29,36,0,0,-7,False,0,
E2026,5,2,Q2,164,IN,In,OLY,Olympiacos Piraeus,P014316,"JOSEPH, CORY",34,11,10:00,600.0,600,29,36,0,0,-7,False,0,
E2026,5,2,Q2,166,2FGA,Missed Two Pointer (1/2 -  2 pt),OLY,Olympiacos Piraeus,P011981,"JONES, TYRIQUE",88,11,09:38,578.0,622,29,36,0,0,-7,False,0,
E2026,5,2,Q2,167,O,Off Rebound (1),OLY,Olympiacos Piraeus,P011981,"JONES, TYRIQUE",88,11,09:37,577.0,623,29,36,0,0,-7,False,0,
E2026,5,2,Q2,168,2FGM,Two Pointer (2/3 -  4 pt),OLY,Olympiacos Piraeus,P011981,"JONES, TYRIQUE",88,11,09:35,575.0,625,29,38,0,2,-9,True,0,
E2026,5,2,Q2,169,RV,Foul Drawn (1),BAS,Kosner Baskonia Vitoria-Gasteiz,P007230,"SEDEKERSKIS, TADAS",8,11,09:22,562.0,638,29,38,0,0,-9,False,0,
E2026,5,2,Q2,170,CM,Foul (2),OLY,Olympiacos Piraeus,P012731,"NDIAYE, MBAYE",24,11,09:22,562.0,638,29,38,0,0,-9,False,0,
E2026,5,2,Q2,171,IN,In,OLY,Olympiacos Piraeus,P001255,"PAPANIKOLAOU, KOSTAS",16,11,09:22,562.0,638,29,38,0,0,-9,False,0,
E2026,5,2,Q2,172,OUT,Out,OLY,Olympiacos Piraeus,P012731,"NDIAYE, MBAYE",24,11,09:22,562.0,638,29,38,0,0,-9,False,0,
E2026,5,2,Q2,173,TO,Turnover (1),BAS,Kosner Baskonia Vitoria-Gasteiz,P014735,"DUARTE, CHRIS",5,11,09:17,557.0,643,29,38,0,0,-9,False,0,
E2026,5,2,Q2,174,ST,Steal (1),OLY,Olympiacos Piraeus,P001255,"PAPANIKOLAOU, KOSTAS",16,11,09:15,555.0,645,29,38,0,0,-9,False,0,
E2026,5,2,Q2,175,TO,Turnover (1),OLY,Olympiacos Piraeus,P011981,"JONES, TYRIQUE",88,11,09:13,553.0,647,29,38,0,0,-9,False,0,
E2026,5,2,Q2,177,2FGA,Missed Two Pointer (1/2 -  5 pt),BAS,Kosner Baskonia Vitoria-Gasteiz,P005713,"KURUCS, RODIONS",7,12,08:47,527.0,673,29,38,0,0,-9,False,0,
E2026,5,2,Q2,178,O,Off Rebound (1),BAS,Kosner Baskonia Vitoria-Gasteiz,P005713,"KURUCS, RODIONS",7,12,08:45,525.0,675,29,38,0,0,-9,False,0,
E2026,5,2,Q2,179,TO,Turnover (2),BAS,Kosner Baskonia Vitoria-Gasteiz,P005713,"KURUCS, RODIONS",7,12,08:43,523.0,677,29,38,0,0,-9,False,0,
E2026,5,2,Q2,180,ST,Steal (1),OLY,Olympiacos Piraeus,P013380,"FOURNIER, EVAN",94,12,08:42,522.0,678,29,38,0,0,-9,False,0,
E2026,5,2,Q2,181,TO,Turnover (2),OLY,Olympiacos Piraeus,P010042,"MONTERO, JEAN",8,12,08:37,517.0,683,29,38,0,0,-9,False,0,
E2026,5,2,Q2,182,ST,Steal (1),BAS,Kosner Baskonia Vitoria-Gasteiz,P005713,"KURUCS, RODIONS",7,12,08:37,517.0,683,29,38,0,0,-9,False,0,
E2026,5,2,Q2,183,RV,Foul Drawn (1),BAS,Kosner Baskonia Vitoria-Gasteiz,P005713,"KURUCS, RODIONS",7,12,08:37,517.0,683,29,38,0,0,-9,False,0,
E2026,5,2,Q2,184,CM,Foul (1),OLY,Olympiacos Piraeus,P013380,"FOURNIER, EVAN",94,12,08:37,517.0,683,29,38,0,0,-9,False,0,
E2026,5,2,Q2,185,2FGM,Two Pointer (1/1 -  11 pt),BAS,Kosner Baskonia Vitoria-Gasteiz,P007230,"SEDEKERSKIS, TADAS",8,12,08:25,505.0,695,31,38,2,0,-7,True,0,
E2026,5,2,Q2,186,AS,Assist (1),BAS,Kosner Baskonia Vitoria-Gasteiz,P005713,"KURUCS, RODIONS",7,12,08:24,504.0,696,31,38,0,0,-7,False,0,
E2026,5,2,Q2,188,2FGA,Missed Two Pointer (0/1 -  3 pt),OLY,Olympiacos Piraeus,P010042,"MONTERO, JEAN",8,13,07:58,478.0,722,31,38,0,0,-7,False,0,
E2026,5,2,Q2,189,D,Def Rebound (1),BAS,Kosner Baskonia Vitoria-Gasteiz,P005713,"KURUCS, RODIONS",7,13,07:56,476.0,724,31,38,0,0,-7,False,0,
E2026,5,2,Q2,190,2FGM,Two Pointer (1/1 -  5 pt),BAS,Kosner Baskonia Vitoria-Gasteiz,P014152,"SIMMONS, KOBI",2,13,07:50,470.0,730,33,38,2,0,-5,True,0,
E2026,5,2,Q2,191,3FGM,Three Pointer (2/3 -  6 pt),OLY,Olympiacos Piraeus,P010042,"MONTERO, JEAN",8,13,07:28,448.0,752,33,41,0,3,-8,True,0,
E2026,5,2,Q2,192,2FGA,Missed Two Pointer (1/3 -  5 pt),BAS,Kosner Baskonia Vitoria-Gasteiz,P005713,"KURUCS, RODIONS",7,13,07:18,438.0,762,33,41,0,0,-8,False,0,
E2026,5,2,Q2,193,D,Def Rebound (3),OLY,Olympiacos Piraeus,,,,13,07:18,438.0,762,33,41,0,0,-8,False,0,
E2026,5,2,Q2,194,IN,In,BAS,Kosner Baskonia Vitoria-Gasteiz,P014734,"LAWSON, A.J.",1,13,07:18,438.0,762,33,41,0,0,-8,False,0,
E2026,5,2,Q2,195,OUT,Out,BAS,Kosner Baskonia Vitoria-Gasteiz,P014152,"SIMMONS, KOBI",2,13,07:18,438.0,762,33,41,0,0,-8,False,0,
E2026,5,2,Q2,196,OUT,Out,BAS,Kosner Baskonia Vitoria-Gasteiz,P012700,"STEWART, DJ",3,13,07:18,438.0,762,33,41,0,0,-8,False,0,
E2026,5,2,Q2,197,IN,In,BAS,Kosner Baskonia Vitoria-Gasteiz,P014736,"BAUGH, DAMION",12,13,07:18,438.0,762,33,41,0,0,-8,False,0,
E2026,5,2,Q2,198,IN,In,OLY,Olympiacos Piraeus,P011196,"HALL, DONTA",45,13,07:18,438.0,762,33,41,0,0,-8,False,0,
E2026,5,2,Q2,199,OUT,Out,OLY,Olympiacos Piraeus,P011981,"JONES, TYRIQUE",88,13,07:18,438.0,762,33,41,0,0,-8,False,0,
E2026,5,2,Q2,200,2FGM,Two Pointer (1/2 -  8 pt),OLY,Olympiacos Piraeus,P010042,"MONTERO, JEAN",8,13,07:03,423.0,777,33,43,0,2,-10,True,0,
E2026,5,2,Q2,201,AS,Assist (1),OLY,Olympiacos Piraeus,P001255,"PAPANIKOLAOU, KOSTAS",16,13,07:00,420.0,780,33,43,0,0,-10,False,0,
E2026,5,2,Q2,203,3FGA,Missed Three Pointer (1/2 -  5 pt),BAS,Kosner Baskonia Vitoria-Gasteiz,P005713,"KURUCS, RODIONS",7,14,06:43,403.0,797,33,43,0,0,-10,False,0,
E2026,5,2,Q2,204,O,Off Rebound (1),BAS,Kosner Baskonia Vitoria-Gasteiz,,,,14,06:37,397.0,803,33,43,0,0,-10,False,0,
E2026,5,2,Q2,205,3FGM,Three Pointer (2/2 -  11 pt),BAS,Kosner Baskonia Vitoria-Gasteiz,P014734,"LAWSON, A.J.",1,14,06:37,397.0,803,36,43,3,0,-7,True,0,
E2026,5,2,Q2,206,AS,Assist (1),BAS,Kosner Baskonia Vitoria-Gasteiz,P014736,"BAUGH, DAMION",12,14,06:37,397.0,803,36,43,0,0,-7,False,0,
E2026,5,2,Q2,207,TO,Turnover (3),OLY,Olympiacos Piraeus,P010042,"MONTERO, JEAN",8,14,06:15,375.0,825,36,43,0,0,-7,False,0,
E2026,5,2,Q2,208,ST,Steal (2),BAS,Kosner Baskonia Vitoria-Gasteiz,P005713,"KURUCS, RODIONS",7,14,06:14,374.0,826,36,43,0,0,-7,False,0,
E2026,5,2,Q2,209,2FGA,Missed Two Pointer (1/4 -  5 pt),BAS,Kosner Baskonia Vitoria-Gasteiz,P005713,"KURUCS, RODIONS",7,14,06:13,373.0,827,36,43,0,0,-7,False,0,
E2026,5,2,Q2,210,O,Off Rebound (2),BAS,Kosner Baskonia Vitoria-Gasteiz,,,,14,06:13,373.0,827,36,43,0,0,-7,False,0,
E2026,5,2,Q2,211,CM,Foul (1),OLY,Olympiacos Piraeus,P014316,"JOSEPH, CORY",34,14,06:13,373.0,827,36,43,0,0,-7,False,0,
E2026,5,2,Q2,212,RV,Foul Drawn (1),BAS,Kosner Baskonia Vitoria-Gasteiz,P014735,"DUARTE, CHRIS",5,14,06:13,373.0,827,36,43,0,0,-7,False,0,
E2026,5,2,Q2,213,RV,Foul Drawn (2),BAS,Kosner Baskonia Vitoria-Gasteiz,P014734,"LAWSON, A.J.",1,14,06:10,370.0,830,36,43,0,0,-7,False,0,
E2026,5,2,Q2,214,CM,Foul (1),OLY,Olympiacos Piraeus,P011196,"HALL, DONTA",45,14,06:10,370.0,830,36,43,0,0,-7,False,0,
E2026,5,2,Q2,215,OUT,Out,BAS,Kosner Baskonia Vitoria-Gasteiz,P014735,"DUARTE, CHRIS",5,14,06:10,370.0,830,36,43,0,0,-7,False,0,
E2026,5,2,Q2,216,OUT,Out,BAS,Kosner Baskonia Vitoria-Gasteiz,P005713,"KURUCS, RODIONS",7,14,06:10,370.0,830,36,43,0,0,-7,False,0,
E2026,5,2,Q2,217,IN,In,BAS,Kosner Baskonia Vitoria-Gasteiz,P008173,"SPAGNOLO, MATTEO",10,14,06:10,370.0,830,36,43,0,0,-7,False,0,
E2026,5,2,Q2,218,IN,In,BAS,Kosner Baskonia Vitoria-Gasteiz,P011284,"FARIED, KENNETH",35,14,06:10,370.0,830,36,43,0,0,-7,False,0,
E2026,5,2,Q2,219,FTA,Missed Free Throw (3/4 -  11 pt),BAS,Kosner Baskonia Vitoria-Gasteiz,P014734,"LAWSON, A.J.",1,14,06:10,370.0,830,36,43,0,0,-7,False,0,
E2026,5,2,Q2,220,FTM,Free Throw In (4/5 -  12 pt),BAS,Kosner Baskonia Vitoria-Gasteiz,P014734,"LAWSON, A.J.",1,14,06:10,370.0,830,37,43,1,0,-6,True,0,
E2026,5,2,Q2,400,AS,Assist (2),BAS,Kosner Baskonia Vitoria-Gasteiz,P014736,"BAUGH, DAMION",12,14,06:10,370.0,830,37,43,0,0,-6,False,0,
E2026,5,2,Q2,222,2FGA,Missed Two Pointer (2/3 -  4 pt),OLY,Olympiacos Piraeus,P011196,"HALL, DONTA",45,15,05:44,344.0,856,37,43,0,0,-6,False,0,
E2026,5,2,Q2,223,D,Def Rebound (1),BAS,Kosner Baskonia Vitoria-Gasteiz,P007230,"SEDEKERSKIS, TADAS",8,15,05:42,342.0,858,37,43,0,0,-6,False,0,
E2026,5,2,Q2,224,2FGA,Missed Two Pointer (1/2 -  2 pt),BAS,Kosner Baskonia Vitoria-Gasteiz,P011284,"FARIED, KENNETH",35,15,05:32,332.0,868,37,43,0,0,-6,False,0,
E2026,5,2,Q2,225,D,Def Rebound (2),OLY,Olympiacos Piraeus,P010042,"MONTERO, JEAN",8,15,05:30,330.0,870,37,43,0,0,-6,False,0,
E2026,5,2,Q2,226,3FGM,Three Pointer (1/1 -  3 pt),OLY,Olympiacos Piraeus,P013380,"FOURNIER, EVAN",94,15,05:25,325.0,875,37,46,0,3,-9,True,0,
E2026,5,2,Q2,227,AS,Assist (5),OLY,Olympiacos Piraeus,P010042,"MONTERO, JEAN",8,15,05:23,323.0,877,37,46,0,0,-9,False,0,
E2026,5,2,Q2,228,2FGA,Missed Two Pointer (1/2 -  11 pt),BAS,Kosner Baskonia Vitoria-Gasteiz,P007230,"SEDEKERSKIS, TADAS",8,15,05:11,311.0,889,37,46,0,0,-9,False,0,
E2026,5,2,Q2,229,AG,Shot Rejected (1),BAS,Kosner Baskonia Vitoria-Gasteiz,P007230,"SEDEKERSKIS, TADAS",8,15,05:11,311.0,889,37,46,0,0,-9,False,0,
E2026,5,2,Q2,230,FV,Block (1),OLY,Olympiacos Piraeus,P011196,"HALL, DONTA",45,15,05:09,309.0,891,37,46,0,0,-9,False,0,
E2026,5,2,Q2,231,D,Def Rebound (1),OLY,Olympiacos Piraeus,P001255,"PAPANIKOLAOU, KOSTAS",16,15,05:07,307.0,893,37,46,0,0,-9,False,0,
E2026,5,2,Q2,233,3FGA,Missed Three Pointer (1/2 -  3 pt),OLY,Olympiacos Piraeus,P013380,"FOURNIER, EVAN",94,16,04:53,293.0,907,37,46,0,0,-9,False,0,
E2026,5,2,Q2,234,D,Def Rebound (1),BAS,Kosner Baskonia Vitoria-Gasteiz,P014736,"BAUGH, DAMION",12,16,04:51,291.0,909,37,46,0,0,-9,False,0,
E2026,5,2,Q2,235,3FGA,Missed Three Pointer (2/3 -  12 pt),BAS,Kosner Baskonia Vitoria-Gasteiz,P014734,"LAWSON, A.J.",1,16,04:38,278.0,922,37,46,0,0,-9,False,0,
E2026,5,2,Q2,236,D,Def Rebound (4),OLY,Olympiacos Piraeus,,,,16,04:38,278.0,922,37,46,0,0,-9,False,0,
E2026,5,2,Q2,237,RV,Foul Drawn (2),OLY,Olympiacos Piraeus,P011196,"HALL, DONTA",45,16,04:38,278.0,922,37,46,0,0,-9,False,0,
E2026,5,2,Q2,238,CM,Foul (2),BAS,Kosner Baskonia Vitoria-Gasteiz,P011284,"FARIED, KENNETH",35,16,04:38,278.0,922,37,46,0,0,-9,False,0,
E2026,5,2,Q2,239,TOUT_TV,TV Time Out (2),,,,,,16,04:38,278.0,922,37,46,0,0,-9,False,0,
E2026,5,2,Q2,240,IN,In,BAS,Kosner Baskonia Vitoria-Gasteiz,P012700,"STEWART, DJ",3,16,04:38,278.0,922,37,46,0,0,-9,False,0,
E2026,5,2,Q2,241,OUT,Out,BAS,Kosner Baskonia Vitoria-Gasteiz,P007230,"SEDEKERSKIS, TADAS",8,16,04:38,278.0,922,37,46,0,0,-9,False,0,
E2026,5,2,Q2,242,IN,In,OLY,Olympiacos Piraeus,P003941,"MILUTINOV, NIKOLA",33,16,04:38,278.0,922,37,46,0,0,-9,False,0,
E2026,5,2,Q2,243,OUT,Out,OLY,Olympiacos Piraeus,P011196,"HALL, DONTA",45,16,04:38,278.0,922,37,46,0,0,-9,False,0,
E2026,5,2,Q2,244,2FGM,Two Pointer (1/1 -  5 pt),OLY,Olympiacos Piraeus,P013380,"FOURNIER, EVAN",94,16,04:12,252.0,948,37,48,0,2,-11,True,0,
E2026,5,2,Q2,246,2FGM,Two Pointer (1/2 -  2 pt),BAS,Kosner Baskonia Vitoria-Gasteiz,P012700,"STEWART, DJ",3,17,03:55,235.0,965,39,48,2,0,-9,True,0,
E2026,5,2,Q2,247,TO,Turnover (1),OLY,Olympiacos Piraeus,P001255,"PAPANIKOLAOU, KOSTAS",16,17,03:34,214.0,986,39,48,0,0,-9,False,0,
E2026,5,2,Q2,248,ST,Steal (1),BAS,Kosner Baskonia Vitoria-Gasteiz,P014736,"BAUGH, DAMION",12,17,03:32,212.0,988,39,48,0,0,-9,False,0,
E2026,5,2,Q2,249,IN,In,OLY,Olympiacos Piraeus,P012610,"WARD, TYSON",3,17,03:30,210.0,990,39,48,0,0,-9,False,0,
E2026,5,2,Q2,250,OUT,Out,OLY,Olympiacos Piraeus,P010042,"MONTERO, JEAN",8,17,03:30,210.0,990,39,48,0,0,-9,False,0,
E2026,5,2,Q2,251,3FGA,Missed Three Pointer (2/4 -  12 pt),BAS,Kosner Baskonia Vitoria-Gasteiz,P014734,"LAWSON, A.J.",1,17,03:25,205.0,995,39,48,0,0,-9,False,0,
E2026,5,2,Q2,252,D,Def Rebound (2),OLY,Olympiacos Piraeus,P001255,"PAPANIKOLAOU, KOSTAS",16,17,03:23,203.0,997,39,48,0,0,-9,False,0,
E2026,5,2,Q2,253,2FGA,Missed Two Pointer (0/2 -  4 pt),OLY,Olympiacos Piraeus,P012610,"WARD, TYSON",3,17,03:20,200.0,1000,39,48,0,0,-9,False,0,
E2026,5,2,Q2,254,D,Def Rebound (1),BAS,Kosner Baskonia Vitoria-Gasteiz,P014734,"LAWSON, A.J.",1,17,03:18,198.0,1002,39,48,0,0,-9,False,0,
E2026,5,2,Q2,255,3FGM,Three Pointer (1/1 -  3 pt),BAS,Kosner Baskonia Vitoria-Gasteiz,P014736,"BAUGH, DAMION",12,17,03:02,182.0,1018,42,48,3,0,-6,True,0,
E2026,5,2,Q2,256,AS,Assist (2),BAS,Kosner Baskonia Vitoria-Gasteiz,P014734,"LAWSON, A.J.",1,17,03:00,180.0,1020,42,48,0,0,-6,False,0,
E2026,5,2,Q2,258,2FGM,Two Pointer (2/2 -  7 pt),OLY,Olympiacos Piraeus,P013380,"FOURNIER, EVAN",94,18,02:39,159.0,1041,42,50,0,2,-8,True,0,
E2026,5,2,Q2,259,3FGA,Missed Three Pointer (0/1 -  2 pt),BAS,Kosner Baskonia Vitoria-Gasteiz,P011284,"FARIED, KENNETH",35,18,02:24,144.0,1056,42,50,0,0,-8,False,0,
E2026,5,2,Q2,260,D,Def Rebound (1),OLY,Olympiacos Piraeus,P003941,"MILUTINOV, NIKOLA",33,18,02:22,142.0,1058,42,50,0,0,-8,False,0,
E2026,5,2,Q2,261,2FGM,Two Pointer (1/1 -  2 pt),OLY,Olympiacos Piraeus,P014316,"JOSEPH, CORY",34,18,02:11,131.0,1069,42,52,0,2,-10,True,0,
E2026,5,2,Q2,263,RV,Foul Drawn (1),BAS,Kosner Baskonia Vitoria-Gasteiz,P014736,"BAUGH, DAMION",12,19,01:56,116.0,1084,42,52,0,0,-10,False,0,
E2026,5,2,Q2,264,CM,Foul (2),OLY,Olympiacos Piraeus,P014316,"JOSEPH, CORY",34,19,01:56,116.0,1084,42,52,0,0,-10,False,0,
E2026,5,2,Q2,265,IN,In,BAS,Kosner Baskonia Vitoria-Gasteiz,P005713,"KURUCS, RODIONS",7,19,01:56,116.0,1084,42,52,0,0,-10,False,0,
E2026,5,2,Q2,266,OUT,Out,BAS,Kosner Baskonia Vitoria-Gasteiz,P011284,"FARIED, KENNETH",35,19,01:56,116.0,1084,42,52,0,0,-10,False,0,
E2026,5,2,Q2,267,IN,In,OLY,Olympiacos Piraeus,P009048,"MILLER-MCINTYRE, CODI",0,19,01:56,116.0,1084,42,52,0,0,-10,False,0,
E2026,5,2,Q2,268,IN,In,OLY,Olympiacos Piraeus,P003469,"VEZENKOV, SASHA",14,19,01:56,116.0,1084,42,52,0,0,-10,False,0,
E2026,5,2,Q2,269,OUT,Out,OLY,Olympiacos Piraeus,P001255,"PAPANIKOLAOU, KOSTAS",16,19,01:56,116.0,1084,42,52,0,0,-10,False,0,
E2026,5,2,Q2,270,OUT,Out,OLY,Olympiacos Piraeus,P014316,"JOSEPH, CORY",34,19,01:56,116.0,1084,42,52,0,0,-10,False,0,
E2026,5,2,Q2,271,FTM,Free Throw In (1/1 -  4 pt),BAS,Kosner Baskonia Vitoria-Gasteiz,P014736,"BAUGH, DAMION",12,19,01:56,116.0,1084,43,52,1,0,-9,True,0,
E2026,5,2,Q2,272,FTM,Free Throw In (2/2 -  5 pt),BAS,Kosner Baskonia Vitoria-Gasteiz,P014736,"BAUGH, DAMION",12,19,01:56,116.0,1084,44,52,1,0,-8,True,0,
E2026,5,2,Q2,273,IN,In,BAS,Kosner Baskonia Vitoria-Gasteiz,P014152,"SIMMONS, KOBI",2,19,01:56,116.0,1084,44,52,0,0,-8,False,0,
E2026,5,2,Q2,274,OUT,Out,BAS,Kosner Baskonia Vitoria-Gasteiz,P014736,"BAUGH, DAMION",12,19,01:56,116.0,1084,44,52,0,0,-8,False,0,
E2026,5,2,Q2,275,2FGA,Missed Two Pointer (4/5 -  10 pt),OLY,Olympiacos Piraeus,P003469,"VEZENKOV, SASHA",14,19,01:33,93.0,1107,44,52,0,0,-8,False,0,
E2026,5,2,Q2,276,D,Def Rebound (2),BAS,Kosner Baskonia Vitoria-Gasteiz,P014734,"LAWSON, A.J.",1,19,01:31,91.0,1109,44,52,0,0,-8,False,0,
E2026,5,2,Q2,277,3FGA,Missed Three Pointer (1/2 -  5 pt),BAS,Kosner Baskonia Vitoria-Gasteiz,P014152,"SIMMONS, KOBI",2,19,01:21,81.0,1119,44,52,0,0,-8,False,0,
E2026,5,2,Q2,278,O,Off Rebound (2),BAS,Kosner Baskonia Vitoria-Gasteiz,P005713,"KURUCS, RODIONS",7,19,01:19,79.0,1121,44,52,0,0,-8,False,0,
E2026,5,2,Q2,279,2FGA,Missed Two Pointer (1/3 -  12 pt),BAS,Kosner Baskonia Vitoria-Gasteiz,P014734,"LAWSON, A.J.",1,19,01:14,74.0,1126,44,52,0,0,-8,False,0,
E2026,5,2,Q2,280,D,Def Rebound (2),OLY,Olympiacos Piraeus,P003941,"MILUTINOV, NIKOLA",33,19,01:13,73.0,1127,44,52,0,0,-8,False,0,
E2026,5,2,Q2,281,2FGM,Two Pointer (5/6 -  12 pt),OLY,Olympiacos Piraeus,P003469,"VEZENKOV, SASHA",14,19,01:08,68.0,1132,44,54,0,2,-10,True,0,
E2026,5,2,Q2,282,AS,Assist (4),OLY,Olympiacos Piraeus,P009048,"MILLER-MCINTYRE, CODI",0,19,01:05,65.0,1135,44,54,0,0,-10,False,0,
E2026,5,2,Q2,284,3FGA,Missed Three Pointer (2/5 -  12 pt),BAS,Kosner Baskonia Vitoria-Gasteiz,P014734,"LAWSON, A.J.",1,20,00:47,47.0,1153,44,54,0,0,-10,False,0,
E2026,5,2,Q2,285,D,Def Rebound (1),OLY,Olympiacos Piraeus,P013380,"FOURNIER, EVAN",94,20,00:45,45.0,1155,44,54,0,0,-10,False,0,
E2026,5,2,Q2,286,RV,Foul Drawn (3),OLY,Olympiacos Piraeus,P003469,"VEZENKOV, SASHA",14,20,00:39,39.0,1161,44,54,0,0,-10,False,0,
E2026,5,2,Q2,287,CM,Foul (1),BAS,Kosner Baskonia Vitoria-Gasteiz,P014152,"SIMMONS, KOBI",2,20,00:39,39.0,1161,44,54,0,0,-10,False,0,
E2026,5,2,Q2,288,OUT,Out,BAS,Kosner Baskonia Vitoria-Gasteiz,P014734,"LAWSON, A.J.",1,20,00:39,39.0,1161,44,54,0,0,-10,False,0,
E2026,5,2,Q2,289,IN,In,BAS,Kosner Baskonia Vitoria-Gasteiz,P014735,"DUARTE, CHRIS",5,20,00:39,39.0,1161,44,54,0,0,-10,False,0,
E2026,5,2,Q2,290,FTM,Free Throw In (3/3 -  13 pt),OLY,Olympiacos Piraeus,P003469,"VEZENKOV, SASHA",14,20,00:39,39.0,1161,44,55,0,1,-11,True,0,
E2026,5,2,Q2,291,AS,Assist (5),OLY,Olympiacos Piraeus,P009048,"MILLER-MCINTYRE, CODI",0,20,00:39,39.0,1161,44,55,0,0,-11,False,0,
E2026,5,2,Q2,292,FTM,Free Throw In (4/4 -  14 pt),OLY,Olympiacos Piraeus,P003469,"VEZENKOV, SASHA",14,20,00:39,39.0,1161,44,56,0,1,-12,True,0,
E2026,5,2,Q2,293,3FGA,Missed Three Pointer (0/2 -  2 pt),BAS,Kosner Baskonia Vitoria-Gasteiz,P012700,"STEWART, DJ",3,20,00:39,39.0,1161,44,56,0,0,-12,False,0,
E2026,5,2,Q2,294,O,Off Rebound (1),BAS,Kosner Baskonia Vitoria-Gasteiz,P014735,"DUARTE, CHRIS",5,20,00:39,39.0,1161,44,56,0,0,-12,False,0,
E2026,5,2,Q2,295,2FGM,Two Pointer (2/3 -  4 pt),BAS,Kosner Baskonia Vitoria-Gasteiz,P014735,"DUARTE, CHRIS",5,20,00:23,23.0,1177,46,56,2,0,-10,True,0,
E2026,5,2,Q2,296,TO,Turnover (1),OLY,Olympiacos Piraeus,P009048,"MILLER-MCINTYRE, CODI",0,20,00:05,5.0,1195,46,56,0,0,-10,False,0,
E2026,5,2,Q2,297,TOUT,Time Out (1),BAS,Kosner Baskonia Vitoria-Gasteiz,,,,20,00:05,5.0,1195,46,56,0,0,-10,False,0,
E2026,5,2,Q2,298,IN,In,BAS,Kosner Baskonia Vitoria-Gasteiz,P014734,"LAWSON, A.J.",1,20,00:05,5.0,1195,46,56,0,0,-10,False,0,
E2026,5,2,Q2,299,OUT,Out,BAS,Kosner Baskonia Vitoria-Gasteiz,P005713,"KURUCS, RODIONS",7,20,00:05,5.0,1195,46,56,0,0,-10,False,0,
E2026,5,2,Q2,300,OUT,Out,OLY,Olympiacos Piraeus,P003469,"VEZENKOV, SASHA",14,20,00:05,5.0,1195,46,56,0,0,-10,False,0,
E2026,5,2,Q2,301,IN,In,OLY,Olympiacos Piraeus,P012731,"NDIAYE, MBAYE",24,20,00:05,5.0,1195,46,56,0,0,-10,False,0,
E2026,5,2,Q2,302,OUT,Out,OLY,Olympiacos Piraeus,P003941,"MILUTINOV, NIKOLA",33,20,00:05,5.0,1195,46,56,0,0,-10,False,0,
E2026,5,2,Q2,303,IN,In,OLY,Olympiacos Piraeus,P011981,"JONES, TYRIQUE",88,20,00:05,5.0,1195,46,56,0,0,-10,False,0,
E2026,5,2,Q2,308,EP,End Period,,,,,,21,,,1260,46,56,0,0,-10,False,0,
E2026,5,3,Q3,319,BP,Begin Period,,,,,,21,,,1260,46,56,0,0,-10,False,0,
E2026,5,3,Q3,309,OUT,Out,BAS,Kosner Baskonia Vitoria-Gasteiz,P014734,"LAWSON, A.J.",1,21,10:00,600.0,1200,46,56,0,0,-10,False,0,
E2026,5,3,Q3,310,IN,In,BAS,Kosner Baskonia Vitoria-Gasteiz,P005713,"KURUCS, RODIONS",7,21,10:00,600.0,1200,46,56,0,0,-10,False,0,
E2026,5,3,Q3,311,IN,In,BAS,Kosner Baskonia Vitoria-Gasteiz,P007230,"SEDEKERSKIS, TADAS",8,21,10:00,600.0,1200,46,56,0,0,-10,False,0,
E2026,5,3,Q3,312,OUT,Out,BAS,Kosner Baskonia Vitoria-Gasteiz,P008173,"SPAGNOLO, MATTEO",10,21,10:00,600.0,1200,46,56,0,0,-10,False,0,
E2026,5,3,Q3,313,IN,In,OLY,Olympiacos Piraeus,P003469,"VEZENKOV, SASHA",14,21,10:00,600.0,1200,46,56,0,0,-10,False,0,
E2026,5,3,Q3,314,IN,In,OLY,Olympiacos Piraeus,P009849,"DORSEY, TYLER",22,21,10:00,600.0,1200,46,56,0,0,-10,False,0,
E2026,5,3,Q3,315,OUT,Out,OLY,Olympiacos Piraeus,P012731,"NDIAYE, MBAYE",24,21,10:00,600.0,1200,46,56,0,0,-10,False,0,
E2026,5,3,Q3,316,IN,In,OLY,Olympiacos Piraeus,P011196,"HALL, DONTA",45,21,10:00,600.0,1200,46,56,0,0,-10,False,0,
E2026,5,3,Q3,317,OUT,Out,OLY,Olympiacos Piraeus,P011981,"JONES, TYRIQUE",88,21,10:00,600.0,1200,46,56,0,0,-10,False,0,
E2026,5,3,Q3,318,OUT,Out,OLY,Olympiacos Piraeus,P013380,"FOURNIER, EVAN",94,21,10:00,600.0,1200,46,56,0,0,-10,False,0,
E2026,5,3,Q3,320,3FGA,Missed Three Pointer (0/1 -  14 pt),OLY,Olympiacos Piraeus,P003469,"VEZENKOV, SASHA",14,21,09:43,583.0,1217,46,56,0,0,-10,False,0,
E2026,5,3,Q3,321,O,Off Rebound (2),OLY,Olympiacos Piraeus,P011196,"HALL, DONTA",45,21,09:41,581.0,1219,46,56,0,0,-10,False,0,
E2026,5,3,Q3,322,2FGM,Two Pointer (1/3 -  6 pt),OLY,Olympiacos Piraeus,P012610,"WARD, TYSON",3,21,09:27,567.0,1233,46,58,0,2,-12,True,0,
E2026,5,3,Q3,323,3FGA,Missed Three Pointer (0/1 -  4 pt),BAS,Kosner Baskonia Vitoria-Gasteiz,P014735,"DUARTE, CHRIS",5,21,09:09,549.0,1251,46,58,0,0,-12,False,0,
E2026,5,3,Q3,324,D,Def Rebound (1),OLY,Olympiacos Piraeus,P011196,"HALL, DONTA",45,21,09:07,547.0,1253,46,58,0,0,-12,False,0,
E2026,5,3,Q3,325,TO,Turnover (2),OLY,Olympiacos Piraeus,P009048,"MILLER-MCINTYRE, CODI",0,21,09:05,545.0,1255,46,58,0,0,-12,False,0,
E2026,5,3,Q3,327,2FGA,Missed Two Pointer (1/3 -  2 pt),BAS,Kosner Baskonia Vitoria-Gasteiz,P012700,"STEWART, DJ",3,22,08:50,530.0,1270,46,58,0,0,-12,False,0,
E2026,5,3,Q3,328,D,Def Rebound (5),OLY,Olympiacos Piraeus,,,,22,08:50,530.0,1270,46,58,0,0,-12,False,0,
E2026,5,3,Q3,329,RV,Foul Drawn (1),OLY,Olympiacos Piraeus,P009849,"DORSEY, TYLER",22,22,08:50,530.0,1270,46,58,0,0,-12,False,0,
E2026,5,3,Q3,330,CM,Foul (2),BAS,Kosner Baskonia Vitoria-Gasteiz,P005713,"KURUCS, RODIONS",7,22,08:50,530.0,1270,46,58,0,0,-12,False,0,
E2026,5,3,Q3,331,3FGA,Missed Three Pointer (3/4 -  13 pt),OLY,Olympiacos Piraeus,P009849,"DORSEY, TYLER",22,22,08:29,509.0,1291,46,58,0,0,-12,False,0,
E2026,5,3,Q3,332,D,Def Rebound (1),BAS,Kosner Baskonia Vitoria-Gasteiz,P014735,"DUARTE, CHRIS",5,22,08:26,506.0,1294,46,58,0,0,-12,False,0,
E2026,5,3,Q3,333,3FGA,Missed Three Pointer (1/3 -  5 pt),BAS,Kosner Baskonia Vitoria-Gasteiz,P014152,"SIMMONS, KOBI",2,22,08:22,502.0,1298,46,58,0,0,-12,False,0,
E2026,5,3,Q3,334,O,Off Rebound (2),BAS,Kosner Baskonia Vitoria-Gasteiz,P014735,"DUARTE, CHRIS",5,22,08:20,500.0,1300,46,58,0,0,-12,False,0,
E2026,5,3,Q3,335,3FGA,Missed Three Pointer (0/2 -  4 pt),BAS,Kosner Baskonia Vitoria-Gasteiz,P014735,"DUARTE, CHRIS",5,22,08:18,498.0,1302,46,58,0,0,-12,False,0,
E2026,5,3,Q3,336,O,Off Rebound (1),BAS,Kosner Baskonia Vitoria-Gasteiz,P014152,"SIMMONS, KOBI",2,22,08:16,496.0,1304,46,58,0,0,-12,False,0,
E2026,5,3,Q3,337,2FGA,Missed Two Pointer (1/2 -  5 pt),BAS,Kosner Baskonia Vitoria-Gasteiz,P014152,"SIMMONS, KOBI",2,22,08:14,494.0,1306,46,58,0,0,-12,False,0,
E2026,5,3,Q3,338,D,Def Rebound (1),OLY,Olympiacos Piraeus,P009048,"MILLER-MCINTYRE, CODI",0,22,08:14,494.0,1306,46,58,0,0,-12,False,0,
E2026,5,3,Q3,339,RV,Foul Drawn (1),OLY,Olympiacos Piraeus,P009048,"MILLER-MCINTYRE, CODI",0,22,08:14,494.0,1306,46,58,0,0,-12,False,0,
E2026,5,3,Q3,340,CM,Foul (1),BAS,Kosner Baskonia Vitoria-Gasteiz,P014735,"DUARTE, CHRIS",5,22,08:14,494.0,1306,46,58,0,0,-12,False,0,
E2026,5,3,Q3,341,TO,Turnover (3),OLY,Olympiacos Piraeus,P009048,"MILLER-MCINTYRE, CODI",0,22,08:14,494.0,1306,46,58,0,0,-12,False,0,
E2026,5,3,Q3,342,ST,Steal (1),BAS,Kosner Baskonia Vitoria-Gasteiz,P014735,"DUARTE, CHRIS",5,22,08:14,494.0,1306,46,58,0,0,-12,False,0,
E2026,5,3,Q3,343,2FGM,Two Pointer (3/4 -  6 pt),BAS,Kosner Baskonia Vitoria-Gasteiz,P014735,"DUARTE, CHRIS",5,22,08:00,480.0,1320,48,58,2,0,-10,True,0,
E2026,5,3,Q3,345,2FGM,Two Pointer (3/4 -  15 pt),OLY,Olympiacos Piraeus,P009849,"DORSEY, TYLER",22,23,07:46,466.0,1334,48,60,0,2,-12,True,0,
E2026,5,3,Q3,346,3FGM,Three Pointer (1/3 -  5 pt),BAS,Kosner Baskonia Vitoria-Gasteiz,P012700,"STEWART, DJ",3,23,07:31,451.0,1349,51,60,3,0,-9,True,0,
E2026,5,3,Q3,347,AS,Assist (5),BAS,Kosner Baskonia Vitoria-Gasteiz,P014152,"SIMMONS, KOBI",2,23,07:29,449.0,1351,51,60,0,0,-9,False,0,
E2026,5,3,Q3,348,RV,Foul Drawn (1),BAS,Kosner Baskonia Vitoria-Gasteiz,P014152,"SIMMONS, KOBI",2,23,07:21,441.0,1359,51,60,0,0,-9,False,0,
E2026,5,3,Q3,349,OF,Offensive Foul (2),OLY,Olympiacos Piraeus,P011196,"HALL, DONTA",45,23,07:21,441.0,1359,51,60,0,0,-9,False,0,
E2026,5,3,Q3,350,TO,Turnover (1),OLY,Olympiacos Piraeus,P011196,"HALL, DONTA",45,23,07:21,441.0,1359,51,60,0,0,-9,False,0,
E2026,5,3,Q3,351,3FGA,Missed Three Pointer (1/4 -  5 pt),BAS,Kosner Baskonia Vitoria-Gasteiz,P012700,"STEWART, DJ",3,23,07:13,433.0,1367,51,60,0,0,-9,False,0,
E2026,5,3,Q3,352,D,Def Rebound (3),OLY,Olympiacos Piraeus,P003469,"VEZENKOV, SASHA",14,23,07:11,431.0,1369,51,60,0,0,-9,False,0,
E2026,5,3,Q3,353,2FGM,Two Pointer (1/1 -  2 pt),OLY,Olympiacos Piraeus,P009048,"MILLER-MCINTYRE, CODI",0,23,07:05,425.0,1375,51,62,0,2,-11,True,0,
E2026,5,3,Q3,354,AS,Assist (1),OLY,Olympiacos Piraeus,P003469,"VEZENKOV, SASHA",14,23,07:03,423.0,1377,51,62,0,0,-11,False,0,
E2026,5,3,Q3,356,3FGA,Missed Three Pointer (0/3 -  6 pt),BAS,Kosner Baskonia Vitoria-Gasteiz,P014735,"DUARTE, CHRIS",5,24,06:41,401.0,1399,51,62,0,0,-11,False,0,
E2026,5,3,Q3,357,D,Def Rebound (2),OLY,Olympiacos Piraeus,P011196,"HALL, DONTA",45,24,06:39,399.0,1401,51,62,0,0,-11,False,0,
E2026,5,3,Q3,358,3FGA,Missed Three Pointer (0/2 -  6 pt),OLY,Olympiacos Piraeus,P012610,"WARD, TYSON",3,24,06:23,383.0,1417,51,62,0,0,-11,False,0,
E2026,5,3,Q3,359,O,Off Rebound (2),OLY,Olympiacos Piraeus,P012610,"WARD, TYSON",3,24,06:20,380.0,1420,51,62,0,0,-11,False,0,
E2026,5,3,Q3,360,2FGA,Missed Two Pointer (1/4 -  6 pt),OLY,Olympiacos Piraeus,P012610,"WARD, TYSON",3,24,06:18,378.0,1422,51,62,0,0,-11,False,0,
E2026,5,3,Q3,361,D,Def Rebound (2),BAS,Kosner Baskonia Vitoria-Gasteiz,P005713,"KURUCS, RODIONS",7,24,06:16,376.0,1424,51,62,0,0,-11,False,0,
E2026,5,3,Q3,362,2FGM,Two Pointer (2/3 -  13 pt),BAS,Kosner Baskonia Vitoria-Gasteiz,P007230,"SEDEKERSKIS, TADAS",8,24,06:15,375.0,1425,53,62,2,0,-9,True,0,
E2026,5,3,Q3,363,AS,Assist (2),BAS,Kosner Baskonia Vitoria-Gasteiz,P005713,"KURUCS, RODIONS",7,24,06:15,375.0,1425,53,62,0,0,-9,False,0,
E2026,5,3,Q3,364,RV,Foul Drawn (2),BAS,Kosner Baskonia Vitoria-Gasteiz,P007230,"SEDEKERSKIS, TADAS",8,24,06:15,375.0,1425,53,62,0,0,-9,False,0,
E2026,5,3,Q3,365,CM,Foul (2),OLY,Olympiacos Piraeus,P009048,"MILLER-MCINTYRE, CODI",0,24,06:15,375.0,1425,53,62,0,0,-9,False,0,
E2026,5,3,Q3,366,CMT1,Technical Foul 1 (2),OLY,Olympiacos Piraeus,P012610,"WARD, TYSON",3,24,06:15,375.0,1425,53,62,0,0,-9,False,0,
E2026,5,3,Q3,367,IN,In,BAS,Kosner Baskonia Vitoria-Gasteiz,P014734,"LAWSON, A.J.",1,24,06:15,375.0,1425,53,62,0,0,-9,False,0,
E2026,5,3,Q3,368,OUT,Out,BAS,Kosner Baskonia Vitoria-Gasteiz,P012700,"STEWART, DJ",3,24,06:15,375.0,1425,53,62,0,0,-9,False,0,
E2026,5,3,Q3,369,OUT,Out,OLY,Olympiacos Piraeus,P012610,"WARD, TYSON",3,24,06:15,375.0,1425,53,62,0,0,-9,False,0,
E2026,5,3,Q3,370,IN,In,OLY,Olympiacos Piraeus,P013380,"FOURNIER, EVAN",94,24,06:15,375.0,1425,53,62,0,0,-9,False,0,
E2026,5,3,Q3,371,FTM,Free Throw In (1/1 -  6 pt),BAS,Kosner Baskonia Vitoria-Gasteiz,P014152,"SIMMONS, KOBI",2,24,06:15,375.0,1425,54,62,1,0,-8,True,0,
E2026,5,3,Q3,372,OUT,Out,BAS,Kosner Baskonia Vitoria-Gasteiz,P007230,"SEDEKERSKIS, TADAS",8,24,06:15,375.0,1425,54,62,0,0,-8,False,0,
E2026,5,3,Q3,373,IN,In,BAS,Kosner Baskonia Vitoria-Gasteiz,P008173,"SPAGNOLO, MATTEO",10,24,06:15,375.0,1425,54,62,0,0,-8,False,0,
E2026,5,3,Q3,374,FTM,Free Throw In (1/1 -  1 pt),BAS,Kosner Baskonia Vitoria-Gasteiz,P008173,"SPAGNOLO, MATTEO",10,24,06:15,375.0,1425,55,62,1,0,-7,True,0,
E2026,5,3,Q3,375,2FGM,Two Pointer (6/7 -  16 pt),OLY,Olympiacos Piraeus,P003469,"VEZENKOV, SASHA",14,24,06:01,361.0,1439,55,64,0,2,-9,True,0,
E2026,5,3,Q3,376,RV,Foul Drawn (4),OLY,Olympiacos Piraeus,P003469,"VEZENKOV, SASHA",14,24,06:01,361.0,1439,55,64,0,0,-9,False,0,
E2026,5,3,Q3,377,CM,Foul (2),BAS,Kosner Baskonia Vitoria-Gasteiz,P008173,"SPAGNOLO, MATTEO",10,24,06:01,361.0,1439,55,64,0,0,-9,False,0,
E2026,5,3,Q3,378,FTM,Free Throw In (5/5 -  17 pt),OLY,Olympiacos Piraeus,P003469,"VEZENKOV, SASHA",14,24,06:01,361.0,1439,55,65,0,1,-10,True,0,
E2026,5,3,Q3,380,3FGA,Missed Three Pointer (2/6 -  12 pt),BAS,Kosner Baskonia Vitoria-Gasteiz,P014734,"LAWSON, A.J.",1,25,05:41,341.0,1459,55,65,0,0,-10,False,0,
E2026,5,3,Q3,381,O,Off Rebound (1),BAS,Kosner Baskonia Vitoria-Gasteiz,P008173,"SPAGNOLO, MATTEO",10,25,05:39,339.0,1461,55,65,0,0,-10,False,0,
E2026,5,3,Q3,382,TO,Turnover (2),BAS,Kosner Baskonia Vitoria-Gasteiz,P008173,"SPAGNOLO, MATTEO",10,25,05:37,337.0,1463,55,65,0,0,-10,False,0,
E2026,5,3,Q3,383,ST,Steal (1),OLY,Olympiacos Piraeus,P011196,"HALL, DONTA",45,25,05:36,336.0,1464,55,65,0,0,-10,False,0,
E2026,5,3,Q3,384,RV,Foul Drawn (2),OLY,Olympiacos Piraeus,P009048,"MILLER-MCINTYRE, CODI",0,25,05:31,331.0,1469,55,65,0,0,-10,False,0,
E2026,5,3,Q3,385,CM,Foul (2),BAS,Kosner Baskonia Vitoria-Gasteiz,P014734,"LAWSON, A.J.",1,25,05:31,331.0,1469,55,65,0,0,-10,False,0,
E2026,5,3,Q3,386,OUT,Out,BAS,Kosner Baskonia Vitoria-Gasteiz,P014735,"DUARTE, CHRIS",5,25,05:31,331.0,1469,55,65,0,0,-10,False,0,
E2026,5,3,Q3,387,IN,In,BAS,Kosner Baskonia Vitoria-Gasteiz,P014736,"BAUGH, DAMION",12,25,05:31,331.0,1469,55,65,0,0,-10,False,0,
E2026,5,3,Q3,388,3FGA,Missed Three Pointer (3/5 -  15 pt),OLY,Olympiacos Piraeus,P009849,"DORSEY, TYLER",22,25,05:19,319.0,1481,55,65,0,0,-10,False,0,
E2026,5,3,Q3,646,O,Off Rebound (1),OLY,Olympiacos Piraeus,P003469,"VEZENKOV, SASHA",14,25,05:16,316.0,1484,55,65,0,0,-10,False,0,
E2026,5,3,Q3,647,TO,Turnover (1),OLY,Olympiacos Piraeus,P003469,"VEZENKOV, SASHA",14,25,05:16,316.0,1484,55,65,0,0,-10,False,0,
E2026,5,3,Q3,389,ST,Steal (3),BAS,Kosner Baskonia Vitoria-Gasteiz,P005713,"KURUCS, RODIONS",7,25,05:16,316.0,1484,55,65,0,0,-10,False,0,
E2026,5,3,Q3,390,2FGA,Missed Two Pointer (1/3 -  6 pt),BAS,Kosner Baskonia Vitoria-Gasteiz,P014152,"SIMMONS, KOBI",2,25,05:09,309.0,1491,55,65,0,0,-10,False,0,
E2026,5,3,Q3,391,D,Def Rebound (3),OLY,Olympiacos Piraeus,P011196,"HALL, DONTA",45,25,05:07,307.0,1493,55,65,0,0,-10,False,0,
E2026,5,3,Q3,393,2FGM,Two Pointer (7/8 -  19 pt),OLY,Olympiacos Piraeus,P003469,"VEZENKOV, SASHA",14,26,04:47,287.0,1513,55,67,0,2,-12,True,0,
E2026,5,3,Q3,394,AS,Assist (1),OLY,Olympiacos Piraeus,P013380,"FOURNIER, EVAN",94,26,04:45,285.0,1515,55,67,0,0,-12,False,0,
E2026,5,3,Q3,395,3FGA,Missed Three Pointer (1/4 -  6 pt),BAS,Kosner Baskonia Vitoria-Gasteiz,P014152,"SIMMONS, KOBI",2,26,04:28,268.0,1532,55,67,0,0,-12,False,0,
E2026,5,3,Q3,396,D,Def Rebound (4),OLY,Olympiacos Piraeus,P003469,"VEZENKOV, SASHA",14,26,04:26,266.0,1534,55,67,0,0,-12,False,0,
E2026,5,3,Q3,397,2FGM,Two Pointer (4/5 -  17 pt),OLY,Olympiacos Piraeus,P009849,"DORSEY, TYLER",22,26,04:20,260.0,1540,55,69,0,2,-14,True,0,
E2026,5,3,Q3,398,TOUT,Time Out (1),BAS,Kosner Baskonia Vitoria-Gasteiz,,,,26,04:20,260.0,1540,55,69,0,0,-14,False,0,
E2026,5,3,Q3,399,TOUT_TV,TV Time Out (3),,,,,,26,04:20,260.0,1540,55,69,0,0,-14,False,0,
E2026,5,3,Q3,401,OUT,Out,BAS,Kosner Baskonia Vitoria-Gasteiz,P014152,"SIMMONS, KOBI",2,26,04:20,260.0,1540,55,69,0,0,-14,False,0,
E2026,5,3,Q3,402,IN,In,BAS,Kosner Baskonia Vitoria-Gasteiz,P012700,"STEWART, DJ",3,26,04:20,260.0,1540,55,69,0,0,-14,False,0,
E2026,5,3,Q3,403,IN,In,BAS,Kosner Baskonia Vitoria-Gasteiz,P014107,"JOKSIMOVIC, STEFAN",6,26,04:20,260.0,1540,55,69,0,0,-14,False,0,
E2026,5,3,Q3,404,OUT,Out,BAS,Kosner Baskonia Vitoria-Gasteiz,P005713,"KURUCS, RODIONS",7,26,04:20,260.0,1540,55,69,0,0,-14,False,0,
E2026,5,3,Q3,405,OUT,Out,BAS,Kosner Baskonia Vitoria-Gasteiz,P008173,"SPAGNOLO, MATTEO",10,26,04:20,260.0,1540,55,69,0,0,-14,False,0,
E2026,5,3,Q3,406,IN,In,BAS,Kosner Baskonia Vitoria-Gasteiz,P011284,"FARIED, KENNETH",35,26,04:20,260.0,1540,55,69,0,0,-14,False,0,
E2026,5,3,Q3,408,2FGA,Missed Two Pointer (1/4 -  12 pt),BAS,Kosner Baskonia Vitoria-Gasteiz,P014734,"LAWSON, A.J.",1,27,03:57,237.0,1563,55,69,0,0,-14,False,0,
E2026,5,3,Q3,409,O,Off Rebound (1),BAS,Kosner Baskonia Vitoria-Gasteiz,P014734,"LAWSON, A.J.",1,27,03:56,236.0,1564,55,69,0,0,-14,False,0,
E2026,5,3,Q3,410,3FGA,Missed Three Pointer (1/5 -  5 pt),BAS,Kosner Baskonia Vitoria-Gasteiz,P012700,"STEWART, DJ",3,27,03:52,232.0,1568,55,69,0,0,-14,False,0,
E2026,5,3,Q3,411,O,Off Rebound (2),BAS,Kosner Baskonia Vitoria-Gasteiz,P014734,"LAWSON, A.J.",1,27,03:47,227.0,1573,55,69,0,0,-14,False,0,
E2026,5,3,Q3,412,2FGA,Missed Two Pointer (0/1 -  5 pt),BAS,Kosner Baskonia Vitoria-Gasteiz,P014736,"BAUGH, DAMION",12,27,03:42,222.0,1578,55,69,0,0,-14,False,0,
E2026,5,3,Q3,413,D,Def Rebound (2),OLY,Olympiacos Piraeus,P009048,"MILLER-MCINTYRE, CODI",0,27,03:40,220.0,1580,55,69,0,0,-14,False,0,
E2026,5,3,Q3,414,2FGA,Missed Two Pointer (1/2 -  2 pt),OLY,Olympiacos Piraeus,P009048,"MILLER-MCINTYRE, CODI",0,27,03:34,214.0,1586,55,69,0,0,-14,False,0,
E2026,5,3,Q3,415,O,Off Rebound (3),OLY,Olympiacos Piraeus,P011196,"HALL, DONTA",45,27,03:33,213.0,1587,55,69,0,0,-14,False,0,
E2026,5,3,Q3,416,3FGM,Three Pointer (4/6 -  20 pt),OLY,Olympiacos Piraeus,P009849,"DORSEY, TYLER",22,27,03:31,211.0,1589,55,72,0,3,-17,True,0,
E2026,5,3,Q3,417,AS,Assist (1),OLY,Olympiacos Piraeus,P011196,"HALL, DONTA",45,27,03:29,209.0,1591,55,72,0,0,-17,False,0,
E2026,5,3,Q3,418,2FGA,Missed Two Pointer (1/4 -  5 pt),BAS,Kosner Baskonia Vitoria-Gasteiz,P012700,"STEWART, DJ",3,27,03:04,184.0,1616,55,72,0,0,-17,False,0,
E2026,5,3,Q3,419,D,Def Rebound (4),OLY,Olympiacos Piraeus,P011196,"HALL, DONTA",45,27,03:02,182.0,1618,55,72,0,0,-17,False,0,
E2026,5,3,Q3,421,3FGA,Missed Three Pointer (1/3 -  7 pt),OLY,Olympiacos Piraeus,P013380,"FOURNIER, EVAN",94,28,02:45,165.0,1635,55,72,0,0,-17,False,0,
E2026,5,3,Q3,422,D,Def Rebound (1),BAS,Kosner Baskonia Vitoria-Gasteiz,P011284,"FARIED, KENNETH",35,28,02:41,161.0,1639,55,72,0,0,-17,False,0,
E2026,5,3,Q3,423,2FGM,Two Pointer (1/2 -  7 pt),BAS,Kosner Baskonia Vitoria-Gasteiz,P014736,"BAUGH, DAMION",12,28,02:35,155.0,1645,57,72,2,0,-15,True,0,
E2026,5,3,Q3,424,3FGA,Missed Three Pointer (1/4 -  7 pt),OLY,Olympiacos Piraeus,P013380,"FOURNIER, EVAN",94,28,02:14,134.0,1666,57,72,0,0,-15,False,0,
E2026,5,3,Q3,425,D,Def Rebound (2),BAS,Kosner Baskonia Vitoria-Gasteiz,P011284,"FARIED, KENNETH",35,28,02:12,132.0,1668,57,72,0,0,-15,False,0,
E2026,5,3,Q3,426,2FGA,Missed Two Pointer (1/3 -  7 pt),BAS,Kosner Baskonia Vitoria-Gasteiz,P014736,"BAUGH, DAMION",12,28,02:06,126.0,1674,57,72,0,0,-15,False,0,
E2026,5,3,Q3,427,O,Off Rebound (1),BAS,Kosner Baskonia Vitoria-Gasteiz,P014736,"BAUGH, DAMION",12,28,02:04,124.0,1676,57,72,0,0,-15,False,0,
E2026,5,3,Q3,428,3FGA,Missed Three Pointer (1/6 -  5 pt),BAS,Kosner Baskonia Vitoria-Gasteiz,P012700,"STEWART, DJ",3,28,02:02,122.0,1678,57,72,0,0,-15,False,0,
E2026,5,3,Q3,429,O,Off Rebound (3),BAS,Kosner Baskonia Vitoria-Gasteiz,,,,28,02:01,121.0,1679,57,72,0,0,-15,False,0,
E2026,5,3,Q3,430,RV,Foul Drawn (2),BAS,Kosner Baskonia Vitoria-Gasteiz,P011284,"FARIED, KENNETH",35,28,02:01,121.0,1679,57,72,0,0,-15,False,0,
E2026,5,3,Q3,431,CM,Foul (3),OLY,Olympiacos Piraeus,P009048,"MILLER-MCINTYRE, CODI",0,28,02:01,121.0,1679,57,72,0,0,-15,False,0,
E2026,5,3,Q3,432,OUT,Out,OLY,Olympiacos Piraeus,P009048,"MILLER-MCINTYRE, CODI",0,28,02:01,121.0,1679,57,72,0,0,-15,False,0,
E2026,5,3,Q3,433,IN,In,OLY,Olympiacos Piraeus,P010042,"MONTERO, JEAN",8,28,02:01,121.0,1679,57,72,0,0,-15,False,0,
E2026,5,3,Q3,435,TO,Turnover (1),BAS,Kosner Baskonia Vitoria-Gasteiz,P014734,"LAWSON, A.J.",1,29,01:59,119.0,1681,57,72,0,0,-15,False,0,
E2026,5,3,Q3,436,2FGM,Two Pointer (8/9 -  21 pt),OLY,Olympiacos Piraeus,P003469,"VEZENKOV, SASHA",14,29,01:47,107.0,1693,57,74,0,2,-17,True,0,
E2026,5,3,Q3,437,AS,Assist (2),OLY,Olympiacos Piraeus,P013380,"FOURNIER, EVAN",94,29,01:47,107.0,1693,57,74,0,0,-17,False,0,
E2026,5,3,Q3,438,RV,Foul Drawn (5),OLY,Olympiacos Piraeus,P003469,"VEZENKOV, SASHA",14,29,01:47,107.0,1693,57,74,0,0,-17,False,0,
E2026,5,3,Q3,439,CM,Foul (3),BAS,Kosner Baskonia Vitoria-Gasteiz,P011284,"FARIED, KENNETH",35,29,01:47,107.0,1693,57,74,0,0,-17,False,0,
E2026,5,3,Q3,440,FTM,Free Throw In (6/6 -  22 pt),OLY,Olympiacos Piraeus,P003469,"VEZENKOV, SASHA",14,29,01:47,107.0,1693,57,75,0,1,-18,True,0,
E2026,5,3,Q3,441,OUT,Out,OLY,Olympiacos Piraeus,P003469,"VEZENKOV, SASHA",14,29,01:47,107.0,1693,57,75,0,0,-18,False,0,
E2026,5,3,Q3,442,IN,In,OLY,Olympiacos Piraeus,P012731,"NDIAYE, MBAYE",24,29,01:47,107.0,1693,57,75,0,0,-18,False,0,
E2026,5,3,Q3,443,2FGA,Missed Two Pointer (1/3 -  2 pt),BAS,Kosner Baskonia Vitoria-Gasteiz,P011284,"FARIED, KENNETH",35,29,01:32,92.0,1708,57,75,0,0,-18,False,0,
E2026,5,3,Q3,444,D,Def Rebound (1),OLY,Olympiacos Piraeus,P009849,"DORSEY, TYLER",22,29,01:30,90.0,1710,57,75,0,0,-18,False,0,
E2026,5,3,Q3,445,RV,Foul Drawn (2),OLY,Olympiacos Piraeus,P009849,"DORSEY, TYLER",22,29,01:28,88.0,1712,57,75,0,0,-18,False,0,
E2026,5,3,Q3,446,CM,Foul (1),BAS,Kosner Baskonia Vitoria-Gasteiz,P014736,"BAUGH, DAMION",12,29,01:28,88.0,1712,57,75,0,0,-18,False,0,
E2026,5,3,Q3,447,IN,In,BAS,Kosner Baskonia Vitoria-Gasteiz,P011948,"HOWARD, MARKUS",0,29,01:28,88.0,1712,57,75,0,0,-18,False,0,
E2026,5,3,Q3,448,IN,In,BAS,Kosner Baskonia Vitoria-Gasteiz,P007230,"SEDEKERSKIS, TADAS",8,29,01:28,88.0,1712,57,75,0,0,-18,False,0,
E2026,5,3,Q3,449,OUT,Out,BAS,Kosner Baskonia Vitoria-Gasteiz,P014736,"BAUGH, DAMION",12,29,01:28,88.0,1712,57,75,0,0,-18,False,0,
E2026,5,3,Q3,450,OUT,Out,BAS,Kosner Baskonia Vitoria-Gasteiz,P011284,"FARIED, KENNETH",35,29,01:28,88.0,1712,57,75,0,0,-18,False,0,
E2026,5,3,Q3,451,OUT,Out,OLY,Olympiacos Piraeus,P011196,"HALL, DONTA",45,29,01:28,88.0,1712,57,75,0,0,-18,False,0,
E2026,5,3,Q3,452,IN,In,OLY,Olympiacos Piraeus,P011981,"JONES, TYRIQUE",88,29,01:28,88.0,1712,57,75,0,0,-18,False,0,
E2026,5,3,Q3,453,FTM,Free Throw In (1/1 -  21 pt),OLY,Olympiacos Piraeus,P009849,"DORSEY, TYLER",22,29,01:28,88.0,1712,57,76,0,1,-19,True,0,
E2026,5,3,Q3,454,FTM,Free Throw In (2/2 -  22 pt),OLY,Olympiacos Piraeus,P009849,"DORSEY, TYLER",22,29,01:28,88.0,1712,57,77,0,1,-20,True,0,
E2026,5,3,Q3,455,RV,Foul Drawn (3),BAS,Kosner Baskonia Vitoria-Gasteiz,P014734,"LAWSON, A.J.",1,29,01:18,78.0,1722,57,77,0,0,-20,False,0,
E2026,5,3,Q3,456,CM,Foul (3),OLY,Olympiacos Piraeus,P012731,"NDIAYE, MBAYE",24,29,01:18,78.0,1722,57,77,0,0,-20,False,0,
E2026,5,3,Q3,457,2FGA,Missed Two Pointer (0/1 -  0 pt),BAS,Kosner Baskonia Vitoria-Gasteiz,P014107,"JOKSIMOVIC, STEFAN",6,29,01:17,77.0,1723,57,77,0,0,-20,False,0,
E2026,5,3,Q3,458,D,Def Rebound (3),OLY,Olympiacos Piraeus,P010042,"MONTERO, JEAN",8,29,01:17,77.0,1723,57,77,0,0,-20,False,0,
E2026,5,3,Q3,459,2FGM,Two Pointer (3/4 -  6 pt),OLY,Olympiacos Piraeus,P011981,"JONES, TYRIQUE",88,29,01:05,65.0,1735,57,79,0,2,-22,True,0,
E2026,5,3,Q3,460,AS,Assist (3),OLY,Olympiacos Piraeus,P013380,"FOURNIER, EVAN",94,29,01:02,62.0,1738,57,79,0,0,-22,False,0,
E2026,5,3,Q3,462,TO,Turnover (3),BAS,Kosner Baskonia Vitoria-Gasteiz,P014107,"JOKSIMOVIC, STEFAN",6,30,00:55,55.0,1745,57,79,0,0,-22,False,0,
E2026,5,3,Q3,463,OUT,Out,BAS,Kosner Baskonia Vitoria-Gasteiz,P012700,"STEWART, DJ",3,30,00:56,56.0,1744,57,79,0,0,-22,False,0,
E2026,5,3,Q3,464,OUT,Out,BAS,Kosner Baskonia Vitoria-Gasteiz,P014107,"JOKSIMOVIC, STEFAN",6,30,00:56,56.0,1744,57,79,0,0,-22,False,0,
E2026,5,3,Q3,465,IN,In,BAS,Kosner Baskonia Vitoria-Gasteiz,P005713,"KURUCS, RODIONS",7,30,00:56,56.0,1744,57,79,0,0,-22,False,0,
E2026,5,3,Q3,466,IN,In,BAS,Kosner Baskonia Vitoria-Gasteiz,P008173,"SPAGNOLO, MATTEO",10,30,00:56,56.0,1744,57,79,0,0,-22,False,0,
E2026,5,3,Q3,467,2FGA,Missed Two Pointer (3/5 -  6 pt),OLY,Olympiacos Piraeus,P011981,"JONES, TYRIQUE",88,30,00:36,36.0,1764,57,79,0,0,-22,False,0,
E2026,5,3,Q3,468,D,Def Rebound (2),BAS,Kosner Baskonia Vitoria-Gasteiz,P007230,"SEDEKERSKIS, TADAS",8,30,00:34,34.0,1766,57,79,0,0,-22,False,0,
E2026,5,3,Q3,469,3FGM,Three Pointer (1/1 -  3 pt),BAS,Kosner Baskonia Vitoria-Gasteiz,P011948,"HOWARD, MARKUS",0,30,00:21,21.0,1779,60,79,3,0,-19,True,0,
E2026,5,3,Q3,470,AS,Assist (1),BAS,Kosner Baskonia Vitoria-Gasteiz,P008173,"SPAGNOLO, MATTEO",10,30,00:19,19.0,1781,60,79,0,0,-19,False,0,
E2026,5,3,Q3,471,3FGA,Missed Three Pointer (2/4 -  8 pt),OLY,Olympiacos Piraeus,P010042,"MONTERO, JEAN",8,30,00:02,2.0,1798,60,79,0,0,-19,False,0,
E2026,5,3,Q3,472,O,Off Rebound (4),OLY,Olympiacos Piraeus,,,,30,00:02,2.0,1798,60,79,0,0,-19,False,0,
E2026,5,3,Q3,473,RV,Foul Drawn (1),OLY,Olympiacos Piraeus,P011981,"JONES, TYRIQUE",88,30,00:02,2.0,1798,60,79,0,0,-19,False,0,
E2026,5,3,Q3,474,CM,Foul (3),BAS,Kosner Baskonia Vitoria-Gasteiz,P005713,"KURUCS, RODIONS",7,30,00:02,2.0,1798,60,79,0,0,-19,False,0,
E2026,5,3,Q3,475,FTM,Free Throw In (1/1 -  7 pt),OLY,Olympiacos Piraeus,P011981,"JONES, TYRIQUE",88,30,00:02,2.0,1798,60,80,0,1,-20,True,0,
E2026,5,3,Q3,476,FTM,Free Throw In (2/2 -  8 pt),OLY,Olympiacos Piraeus,P011981,"JONES, TYRIQUE",88,30,00:02,2.0,1798,60,81,0,1,-21,True,0,
E2026,5,3,Q3,477,CMT1,Technical Foul 1 (4),BAS,Kosner Baskonia Vitoria-Gasteiz,P005713,"KURUCS, RODIONS",7,30,00:02,2.0,1798,60,81,0,0,-21,False,0,
E2026,5,3,Q3,478,CMT1,Technical Foul 1 (2),OLY,Olympiacos Piraeus,P013380,"FOURNIER, EVAN",94,30,00:02,2.0,1798,60,81,0,0,-21,False,0,
E2026,5,3,Q3,479,IN,In,OLY,Olympiacos Piraeus,P001255,"PAPANIKOLAOU, KOSTAS",16,30,00:02,2.0,1798,60,81,0,0,-21,False,0,
E2026,5,3,Q3,480,OUT,Out,OLY,Olympiacos Piraeus,P013380,"FOURNIER, EVAN",94,30,00:02,2.0,1798,60,81,0,0,-21,False,0,
E2026,5,3,Q3,482,EP,End Period,,,,,,31,,,1860,60,81,0,0,-21,False,0,
E2026,5,4,Q4,486,BP,Begin Period,,,,,,31,,,1860,60,81,0,0,-21,False,0,
E2026,5,4,Q4,484,OUT,Out,OLY,Olympiacos Piraeus,P001255,"PAPANIKOLAOU, KOSTAS",16,31,10:00,600.0,1800,60,81,0,0,-21,False,0,
E2026,5,4,Q4,485,IN,In,OLY,Olympiacos Piraeus,P013380,"FOURNIER, EVAN",94,31,10:00,600.0,1800,60,81,0,0,-21,False,0,
E2026,5,4,Q4,487,RV,Foul Drawn (1),BAS,Kosner Baskonia Vitoria-Gasteiz,P011948,"HOWARD, MARKUS",0,31,09:43,583.0,1817,60,81,0,0,-21,False,0,
E2026,5,4,Q4,488,CM,Foul (1),OLY,Olympiacos Piraeus,P011981,"JONES, TYRIQUE",88,31,09:43,583.0,1817,60,81,0,0,-21,False,0,
E2026,5,4,Q4,489,3FGM,Three Pointer (3/7 -  15 pt),BAS,Kosner Baskonia Vitoria-Gasteiz,P014734,"LAWSON, A.J.",1,31,09:43,583.0,1817,63,81,3,0,-18,True,0,
E2026,5,4,Q4,490,AS,Assist (3),BAS,Kosner Baskonia Vitoria-Gasteiz,P005713,"KURUCS, RODIONS",7,31,09:43,583.0,1817,63,81,0,0,-18,False,0,
E2026,5,4,Q4,491,RV,Foul Drawn (1),OLY,Olympiacos Piraeus,P012731,"NDIAYE, MBAYE",24,31,09:23,563.0,1837,63,81,0,0,-18,False,0,
E2026,5,4,Q4,492,CM,Foul (3),BAS,Kosner Baskonia Vitoria-Gasteiz,P014734,"LAWSON, A.J.",1,31,09:23,563.0,1837,63,81,0,0,-18,False,0,
E2026,5,4,Q4,493,FTA,Missed Free Throw (0/1 -  0 pt),OLY,Olympiacos Piraeus,P012731,"NDIAYE, MBAYE",24,31,09:23,563.0,1837,63,81,0,0,-18,False,0,
E2026,5,4,Q4,494,FTM,Free Throw In (1/2 -  1 pt),OLY,Olympiacos Piraeus,P012731,"NDIAYE, MBAYE",24,31,09:23,563.0,1837,63,82,0,1,-19,True,0,
E2026,5,4,Q4,495,AS,Assist (1),OLY,Olympiacos Piraeus,P009849,"DORSEY, TYLER",22,31,09:23,563.0,1837,63,82,0,0,-19,False,0,
E2026,5,4,Q4,496,2FGM,Two Pointer (3/4 -  15 pt),BAS,Kosner Baskonia Vitoria-Gasteiz,P007230,"SEDEKERSKIS, TADAS",8,31,09:06,546.0,1854,65,82,2,0,-17,True,0,
E2026,5,4,Q4,497,AS,Assist (4),BAS,Kosner Baskonia Vitoria-Gasteiz,P005713,"KURUCS, RODIONS",7,31,09:04,544.0,1856,65,82,0,0,-17,False,0,
E2026,5,4,Q4,499,2FGM,Two Pointer (1/1 -  3 pt),OLY,Olympiacos Piraeus,P012731,"NDIAYE, MBAYE",24,32,08:55,535.0,1865,65,84,0,2,-19,True,0,
E2026,5,4,Q4,500,RV,Foul Drawn (2),OLY,Olympiacos Piraeus,P012731,"NDIAYE, MBAYE",24,32,08:55,535.0,1865,65,84,0,0,-19,False,0,
E2026,5,4,Q4,501,CM,Foul (1),BAS,Kosner Baskonia Vitoria-Gasteiz,P007230,"SEDEKERSKIS, TADAS",8,32,08:55,535.0,1865,65,84,0,0,-19,False,0,
E2026,5,4,Q4,502,FTM,Free Throw In (2/3 -  4 pt),OLY,Olympiacos Piraeus,P012731,"NDIAYE, MBAYE",24,32,08:55,535.0,1865,65,85,0,1,-20,True,0,
E2026,5,4,Q4,503,C,Tech Foul Coach (1),BAS,Kosner Baskonia Vitoria-Gasteiz,CO_A,,,32,08:53,533.0,1867,65,85,0,0,-20,False,0,
E2026,5,4,Q4,504,FTM,Free Throw In (3/3 -  23 pt),OLY,Olympiacos Piraeus,P009849,"DORSEY, TYLER",22,32,08:53,533.0,1867,65,86,0,1,-21,True,0,
E2026,5,4,Q4,505,3FGA,Missed Three Pointer (0/2 -  1 pt),BAS,Kosner Baskonia Vitoria-Gasteiz,P008173,"SPAGNOLO, MATTEO",10,32,08:40,520.0,1880,65,86,0,0,-21,False,0,
E2026,5,4,Q4,506,O,Off Rebound (1),BAS,Kosner Baskonia Vitoria-Gasteiz,P011948,"HOWARD, MARKUS",0,32,08:37,517.0,1883,65,86,0,0,-21,False,0,
E2026,5,4,Q4,507,3FGA,Missed Three Pointer (1/2 -  3 pt),BAS,Kosner Baskonia Vitoria-Gasteiz,P011948,"HOWARD, MARKUS",0,32,08:35,515.0,1885,65,86,0,0,-21,False,0,
E2026,5,4,Q4,508,O,Off Rebound (2),BAS,Kosner Baskonia Vitoria-Gasteiz,P008173,"SPAGNOLO, MATTEO",10,32,08:34,514.0,1886,65,86,0,0,-21,False,0,
E2026,5,4,Q4,509,3FGM,Three Pointer (2/3 -  6 pt),BAS,Kosner Baskonia Vitoria-Gasteiz,P011948,"HOWARD, MARKUS",0,32,08:30,510.0,1890,68,86,3,0,-18,True,0,
E2026,5,4,Q4,510,AS,Assist (2),BAS,Kosner Baskonia Vitoria-Gasteiz,P008173,"SPAGNOLO, MATTEO",10,32,08:28,508.0,1892,68,86,0,0,-18,False,0,
E2026,5,4,Q4,511,TO,Turnover (1),OLY,Olympiacos Piraeus,P012731,"NDIAYE, MBAYE",24,32,08:16,496.0,1904,68,86,0,0,-18,False,0,
E2026,5,4,Q4,512,ST,Steal (4),BAS,Kosner Baskonia Vitoria-Gasteiz,P005713,"KURUCS, RODIONS",7,32,08:14,494.0,1906,68,86,0,0,-18,False,0,
E2026,5,4,Q4,513,3FGM,Three Pointer (3/4 -  9 pt),BAS,Kosner Baskonia Vitoria-Gasteiz,P011948,"HOWARD, MARKUS",0,32,08:10,490.0,1910,71,86,3,0,-15,True,0,
E2026,5,4,Q4,514,AS,Assist (3),BAS,Kosner Baskonia Vitoria-Gasteiz,P008173,"SPAGNOLO, MATTEO",10,32,08:10,490.0,1910,71,86,0,0,-15,False,0,
E2026,5,4,Q4,515,TOUT,Time Out (1),OLY,Olympiacos Piraeus,,,,32,08:10,490.0,1910,71,86,0,0,-15,False,0,
E2026,5,4,Q4,516,TOUT_TV,TV Time Out (4),,,,,,32,08:10,490.0,1910,71,86,0,0,-15,False,0,
E2026,5,4,Q4,519,RV,Foul Drawn (1),OLY,Olympiacos Piraeus,P010042,"MONTERO, JEAN",8,33,07:59,479.0,1921,71,86,0,0,-15,False,0,
E2026,5,4,Q4,520,CM,Foul (2),BAS,Kosner Baskonia Vitoria-Gasteiz,P007230,"SEDEKERSKIS, TADAS",8,33,07:59,479.0,1921,71,86,0,0,-15,False,0,
E2026,5,4,Q4,521,FTA,Missed Free Throw (0/1 -  8 pt),OLY,Olympiacos Piraeus,P010042,"MONTERO, JEAN",8,33,07:59,479.0,1921,71,86,0,0,-15,False,0,
E2026,5,4,Q4,522,FTM,Free Throw In (1/2 -  9 pt),OLY,Olympiacos Piraeus,P010042,"MONTERO, JEAN",8,33,07:59,479.0,1921,71,87,0,1,-16,True,0,
E2026,5,4,Q4,523,3FGA,Missed Three Pointer (3/8 -  15 pt),BAS,Kosner Baskonia Vitoria-Gasteiz,P014734,"LAWSON, A.J.",1,33,07:44,464.0,1936,71,87,0,0,-16,False,0,
E2026,5,4,Q4,524,D,Def Rebound (2),OLY,Olympiacos Piraeus,P009849,"DORSEY, TYLER",22,33,07:43,463.0,1937,71,87,0,0,-16,False,0,
E2026,5,4,Q4,525,2FGA,Missed Two Pointer (3/6 -  8 pt),OLY,Olympiacos Piraeus,P011981,"JONES, TYRIQUE",88,33,07:33,453.0,1947,71,87,0,0,-16,False,0,
E2026,5,4,Q4,526,D,Def Rebound (1),BAS,Kosner Baskonia Vitoria-Gasteiz,P008173,"SPAGNOLO, MATTEO",10,33,07:31,451.0,1949,71,87,0,0,-16,False,0,
E2026,5,4,Q4,527,2FGM,Two Pointer (1/1 -  3 pt),BAS,Kosner Baskonia Vitoria-Gasteiz,P008173,"SPAGNOLO, MATTEO",10,33,07:27,447.0,1953,73,87,2,0,-14,True,0,
E2026,5,4,Q4,528,RV,Foul Drawn (3),OLY,Olympiacos Piraeus,P009849,"DORSEY, TYLER",22,33,07:15,435.0,1965,73,87,0,0,-14,False,0,
E2026,5,4,Q4,529,CM,Foul (3),BAS,Kosner Baskonia Vitoria-Gasteiz,P007230,"SEDEKERSKIS, TADAS",8,33,07:15,435.0,1965,73,87,0,0,-14,False,0,
E2026,5,4,Q4,530,FTM,Free Throw In (4/4 -  24 pt),OLY,Olympiacos Piraeus,P009849,"DORSEY, TYLER",22,33,07:15,435.0,1965,73,88,0,1,-15,True,0,
E2026,5,4,Q4,531,FTM,Free Throw In (5/5 -  25 pt),OLY,Olympiacos Piraeus,P009849,"DORSEY, TYLER",22,33,07:15,435.0,1965,73,89,0,1,-16,True,0,
E2026,5,4,Q4,532,OUT,Out,OLY,Olympiacos Piraeus,P009849,"DORSEY, TYLER",22,33,07:15,435.0,1965,73,89,0,0,-16,False,0,
E2026,5,4,Q4,533,IN,In,OLY,Olympiacos Piraeus,P014316,"JOSEPH, CORY",34,33,07:15,435.0,1965,73,89,0,0,-16,False,0,
E2026,5,4,Q4,534,RV,Foul Drawn (2),BAS,Kosner Baskonia Vitoria-Gasteiz,P008173,"SPAGNOLO, MATTEO",10,33,07:04,424.0,1976,73,89,0,0,-16,False,0,
E2026,5,4,Q4,535,CM,Foul (3),OLY,Olympiacos Piraeus,P014316,"JOSEPH, CORY",34,33,07:04,424.0,1976,73,89,0,0,-16,False,0,
E2026,5,4,Q4,536,IN,In,BAS,Kosner Baskonia Vitoria-Gasteiz,P012700,"STEWART, DJ",3,33,07:04,424.0,1976,73,89,0,0,-16,False,0,
E2026,5,4,Q4,537,OUT,Out,BAS,Kosner Baskonia Vitoria-Gasteiz,P007230,"SEDEKERSKIS, TADAS",8,33,07:04,424.0,1976,73,89,0,0,-16,False,0,
E2026,5,4,Q4,538,FTM,Free Throw In (2/2 -  4 pt),BAS,Kosner Baskonia Vitoria-Gasteiz,P008173,"SPAGNOLO, MATTEO",10,33,07:04,424.0,1976,74,89,1,0,-15,True,0,
E2026,5,4,Q4,539,AS,Assist (5),BAS,Kosner Baskonia Vitoria-Gasteiz,P005713,"KURUCS, RODIONS",7,33,07:04,424.0,1976,74,89,0,0,-15,False,0,
E2026,5,4,Q4,540,FTM,Free Throw In (3/3 -  5 pt),BAS,Kosner Baskonia Vitoria-Gasteiz,P008173,"SPAGNOLO, MATTEO",10,33,07:04,424.0,1976,75,89,1,0,-14,True,0,
E2026,5,4,Q4,542,2FGA,Missed Two Pointer (1/3 -  9 pt),OLY,Olympiacos Piraeus,P010042,"MONTERO, JEAN",8,34,06:49,409.0,1991,75,89,0,0,-14,False,0,
E2026,5,4,Q4,543,O,Off Rebound (2),OLY,Olympiacos Piraeus,P011981,"JONES, TYRIQUE",88,34,06:48,408.0,1992,75,89,0,0,-14,False,0,
E2026,5,4,Q4,544,2FGM,Two Pointer (4/7 -  10 pt),OLY,Olympiacos Piraeus,P011981,"JONES, TYRIQUE",88,34,06:46,406.0,1994,75,91,0,2,-16,True,0,
E2026,5,4,Q4,545,3FGA,Missed Three Pointer (3/5 -  9 pt),BAS,Kosner Baskonia Vitoria-Gasteiz,P011948,"HOWARD, MARKUS",0,34,06:39,399.0,2001,75,91,0,0,-16,False,0,
E2026,5,4,Q4,546,AG,Shot Rejected (1),BAS,Kosner Baskonia Vitoria-Gasteiz,P011948,"HOWARD, MARKUS",0,34,06:39,399.0,2001,75,91,0,0,-16,False,0,
E2026,5,4,Q4,547,FV,Block (1),OLY,Olympiacos Piraeus,P012731,"NDIAYE, MBAYE",24,34,06:39,399.0,2001,75,91,0,0,-16,False,0,
E2026,5,4,Q4,548,D,Def Rebound (3),OLY,Olympiacos Piraeus,P011981,"JONES, TYRIQUE",88,34,06:39,399.0,2001,75,91,0,0,-16,False,0,
E2026,5,4,Q4,549,CMT1,Technical Foul 1 (1),BAS,Kosner Baskonia Vitoria-Gasteiz,P011948,"HOWARD, MARKUS",0,34,06:39,399.0,2001,75,91,0,0,-16,False,0,
E2026,5,4,Q4,550,FTM,Free Throw In (2/3 -  10 pt),OLY,Olympiacos Piraeus,P010042,"MONTERO, JEAN",8,34,06:39,399.0,2001,75,92,0,1,-17,True,0,
E2026,5,4,Q4,551,2FGA,Missed Two Pointer (4/8 -  10 pt),OLY,Olympiacos Piraeus,P011981,"JONES, TYRIQUE",88,34,06:18,378.0,2022,75,92,0,0,-17,False,0,
E2026,5,4,Q4,552,O,Off Rebound (3),OLY,Olympiacos Piraeus,P011981,"JONES, TYRIQUE",88,34,06:16,376.0,2024,75,92,0,0,-17,False,0,
E2026,5,4,Q4,553,2FGM,Two Pointer (5/9 -  12 pt),OLY,Olympiacos Piraeus,P011981,"JONES, TYRIQUE",88,34,06:14,374.0,2026,75,94,0,2,-19,True,0,
E2026,5,4,Q4,554,2FGA,Missed Two Pointer (1/5 -  5 pt),BAS,Kosner Baskonia Vitoria-Gasteiz,P005713,"KURUCS, RODIONS",7,34,06:08,368.0,2032,75,94,0,0,-19,False,0,
E2026,5,4,Q4,555,D,Def Rebound (4),OLY,Olympiacos Piraeus,P011981,"JONES, TYRIQUE",88,34,06:07,367.0,2033,75,94,0,0,-19,False,0,
E2026,5,4,Q4,557,2FGM,Two Pointer (2/4 -  12 pt),OLY,Olympiacos Piraeus,P010042,"MONTERO, JEAN",8,35,05:59,359.0,2041,75,96,0,2,-21,True,0,
E2026,5,4,Q4,558,RV,Foul Drawn (2),OLY,Olympiacos Piraeus,P010042,"MONTERO, JEAN",8,35,05:59,359.0,2041,75,96,0,0,-21,False,0,
E2026,5,4,Q4,559,CM,Foul (2),BAS,Kosner Baskonia Vitoria-Gasteiz,P012700,"STEWART, DJ",3,35,05:59,359.0,2041,75,96,0,0,-21,False,0,
E2026,5,4,Q4,560,TOUT,Time Out (1),BAS,Kosner Baskonia Vitoria-Gasteiz,,,,35,05:59,359.0,2041,75,96,0,0,-21,False,0,
E2026,5,4,Q4,561,OUT,Out,BAS,Kosner Baskonia Vitoria-Gasteiz,P014734,"LAWSON, A.J.",1,35,05:59,359.0,2041,75,96,0,0,-21,False,0,
E2026,5,4,Q4,562,IN,In,BAS,Kosner Baskonia Vitoria-Gasteiz,P014152,"SIMMONS, KOBI",2,35,05:59,359.0,2041,75,96,0,0,-21,False,0,
E2026,5,4,Q4,563,IN,In,BAS,Kosner Baskonia Vitoria-Gasteiz,P014735,"DUARTE, CHRIS",5,35,05:59,359.0,2041,75,96,0,0,-21,False,0,
E2026,5,4,Q4,564,OUT,Out,BAS,Kosner Baskonia Vitoria-Gasteiz,P008173,"SPAGNOLO, MATTEO",10,35,05:59,359.0,2041,75,96,0,0,-21,False,0,
E2026,5,4,Q4,565,IN,In,OLY,Olympiacos Piraeus,P001255,"PAPANIKOLAOU, KOSTAS",16,35,05:59,359.0,2041,75,96,0,0,-21,False,0,
E2026,5,4,Q4,566,OUT,Out,OLY,Olympiacos Piraeus,P012731,"NDIAYE, MBAYE",24,35,05:59,359.0,2041,75,96,0,0,-21,False,0,
E2026,5,4,Q4,567,FTM,Free Throw In (3/4 -  13 pt),OLY,Olympiacos Piraeus,P010042,"MONTERO, JEAN",8,35,05:59,359.0,2041,75,97,0,1,-22,True,0,
E2026,5,4,Q4,568,3FGA,Missed Three Pointer (1/5 -  6 pt),BAS,Kosner Baskonia Vitoria-Gasteiz,P014152,"SIMMONS, KOBI",2,35,05:34,334.0,2066,75,97,0,0,-22,False,0,
E2026,5,4,Q4,569,AG,Shot Rejected (1),BAS,Kosner Baskonia Vitoria-Gasteiz,P014152,"SIMMONS, KOBI",2,35,05:34,334.0,2066,75,97,0,0,-22,False,0,
E2026,5,4,Q4,570,FV,Block (1),OLY,Olympiacos Piraeus,P001255,"PAPANIKOLAOU, KOSTAS",16,35,05:34,334.0,2066,75,97,0,0,-22,False,0,
E2026,5,4,Q4,571,TO,Turnover (1),BAS,Kosner Baskonia Vitoria-Gasteiz,,,,35,05:34,334.0,2066,75,97,0,0,-22,False,0,
E2026,5,4,Q4,572,3FGA,Missed Three Pointer (0/1 -  2 pt),OLY,Olympiacos Piraeus,P014316,"JOSEPH, CORY",34,35,05:11,311.0,2089,75,97,0,0,-22,False,0,
E2026,5,4,Q4,573,O,Off Rebound (4),OLY,Olympiacos Piraeus,P011981,"JONES, TYRIQUE",88,35,05:09,309.0,2091,75,97,0,0,-22,False,0,
E2026,5,4,Q4,574,2FGA,Missed Two Pointer (2/5 -  13 pt),OLY,Olympiacos Piraeus,P010042,"MONTERO, JEAN",8,35,05:01,301.0,2099,75,97,0,0,-22,False,0,
E2026,5,4,Q4,576,D,Def Rebound (2),BAS,Kosner Baskonia Vitoria-Gasteiz,P014735,"DUARTE, CHRIS",5,36,04:59,299.0,2101,75,97,0,0,-22,False,0,
E2026,5,4,Q4,577,TO,Turnover (1),BAS,Kosner Baskonia Vitoria-Gasteiz,P014152,"SIMMONS, KOBI",2,36,04:58,298.0,2102,75,97,0,0,-22,False,0,
E2026,5,4,Q4,578,OUT,Out,BAS,Kosner Baskonia Vitoria-Gasteiz,P005713,"KURUCS, RODIONS",7,36,04:58,298.0,2102,75,97,0,0,-22,False,0,
E2026,5,4,Q4,579,IN,In,BAS,Kosner Baskonia Vitoria-Gasteiz,P011284,"FARIED, KENNETH",35,36,04:58,298.0,2102,75,97,0,0,-22,False,0,
E2026,5,4,Q4,580,TO,Turnover (2),OLY,Olympiacos Piraeus,,,,36,04:33,273.0,2127,75,97,0,0,-22,False,0,
E2026,5,4,Q4,581,IN,In,OLY,Olympiacos Piraeus,P003941,"MILUTINOV, NIKOLA",33,36,04:33,273.0,2127,75,97,0,0,-22,False,0,
E2026,5,4,Q4,582,OUT,Out,OLY,Olympiacos Piraeus,P011981,"JONES, TYRIQUE",88,36,04:33,273.0,2127,75,97,0,0,-22,False,0,
E2026,5,4,Q4,583,3FGM,Three Pointer (2/7 -  8 pt),BAS,Kosner Baskonia Vitoria-Gasteiz,P012700,"STEWART, DJ",3,36,04:09,249.0,2151,78,97,3,0,-19,True,0,
E2026,5,4,Q4,584,AS,Assist (1),BAS,Kosner Baskonia Vitoria-Gasteiz,P011948,"HOWARD, MARKUS",0,36,04:07,247.0,2153,78,97,0,0,-19,False,0,
E2026,5,4,Q4,586,RV,Foul Drawn (1),OLY,Olympiacos Piraeus,P003941,"MILUTINOV, NIKOLA",33,37,03:52,232.0,2168,78,97,0,0,-19,False,0,
E2026,5,4,Q4,587,CM,Foul (2),BAS,Kosner Baskonia Vitoria-Gasteiz,P014735,"DUARTE, CHRIS",5,37,03:52,232.0,2168,78,97,0,0,-19,False,0,
E2026,5,4,Q4,588,OUT,Out,BAS,Kosner Baskonia Vitoria-Gasteiz,P011948,"HOWARD, MARKUS",0,37,03:52,232.0,2168,78,97,0,0,-19,False,0,
E2026,5,4,Q4,589,IN,In,BAS,Kosner Baskonia Vitoria-Gasteiz,P014736,"BAUGH, DAMION",12,37,03:52,232.0,2168,78,97,0,0,-19,False,0,
E2026,5,4,Q4,590,FTM,Free Throw In (1/1 -  1 pt),OLY,Olympiacos Piraeus,P003941,"MILUTINOV, NIKOLA",33,37,03:52,232.0,2168,78,98,0,1,-20,True,0,
E2026,5,4,Q4,591,FTM,Free Throw In (2/2 -  2 pt),OLY,Olympiacos Piraeus,P003941,"MILUTINOV, NIKOLA",33,37,03:52,232.0,2168,78,99,0,1,-21,True,0,
E2026,5,4,Q4,592,IN,In,OLY,Olympiacos Piraeus,P009048,"MILLER-MCINTYRE, CODI",0,37,03:52,232.0,2168,78,99,0,0,-21,False,0,
E2026,5,4,Q4,593,OUT,Out,OLY,Olympiacos Piraeus,P013380,"FOURNIER, EVAN",94,37,03:52,232.0,2168,78,99,0,0,-21,False,0,
E2026,5,4,Q4,594,2FGA,Missed Two Pointer (1/5 -  8 pt),BAS,Kosner Baskonia Vitoria-Gasteiz,P012700,"STEWART, DJ",3,37,03:38,218.0,2182,78,99,0,0,-21,False,0,
E2026,5,4,Q4,595,O,Off Rebound (5),BAS,Kosner Baskonia Vitoria-Gasteiz,,,,37,03:38,218.0,2182,78,99,0,0,-21,False,0,
E2026,5,4,Q4,596,3FGA,Missed Three Pointer (2/8 -  8 pt),BAS,Kosner Baskonia Vitoria-Gasteiz,P012700,"STEWART, DJ",3,37,03:29,209.0,2191,78,99,0,0,-21,False,0,
E2026,5,4,Q4,597,D,Def Rebound (4),OLY,Olympiacos Piraeus,P010042,"MONTERO, JEAN",8,37,03:29,209.0,2191,78,99,0,0,-21,False,0,
E2026,5,4,Q4,598,RV,Foul Drawn (3),OLY,Olympiacos Piraeus,P010042,"MONTERO, JEAN",8,37,03:29,209.0,2191,78,99,0,0,-21,False,0,
E2026,5,4,Q4,599,CM,Foul (4),BAS,Kosner Baskonia Vitoria-Gasteiz,P011284,"FARIED, KENNETH",35,37,03:29,209.0,2191,78,99,0,0,-21,False,0,
E2026,5,4,Q4,600,FTM,Free Throw In (4/5 -  14 pt),OLY,Olympiacos Piraeus,P010042,"MONTERO, JEAN",8,37,03:29,209.0,2191,78,100,0,1,-22,True,0,
E2026,5,4,Q4,601,FTM,Free Throw In (5/6 -  15 pt),OLY,Olympiacos Piraeus,P010042,"MONTERO, JEAN",8,37,03:29,209.0,2191,78,101,0,1,-23,True,0,
E2026,5,4,Q4,602,3FGA,Missed Three Pointer (1/2 -  7 pt),BAS,Kosner Baskonia Vitoria-Gasteiz,P014736,"BAUGH, DAMION",12,37,03:07,187.0,2213,78,101,0,0,-23,False,0,
E2026,5,4,Q4,603,O,Off Rebound (2),BAS,Kosner Baskonia Vitoria-Gasteiz,P014152,"SIMMONS, KOBI",2,37,03:04,184.0,2216,78,101,0,0,-23,False,0,
E2026,5,4,Q4,604,2FGA,Missed Two Pointer (1/4 -  6 pt),BAS,Kosner Baskonia Vitoria-Gasteiz,P014152,"SIMMONS, KOBI",2,37,03:03,183.0,2217,78,101,0,0,-23,False,0,
E2026,5,4,Q4,605,D,Def Rebound (5),OLY,Olympiacos Piraeus,P010042,"MONTERO, JEAN",8,37,03:01,181.0,2219,78,101,0,0,-23,False,0,
E2026,5,4,Q4,607,3FGA,Missed Three Pointer (2/5 -  15 pt),OLY,Olympiacos Piraeus,P010042,"MONTERO, JEAN",8,38,02:57,177.0,2223,78,101,0,0,-23,False,0,
E2026,5,4,Q4,608,D,Def Rebound (6),BAS,Kosner Baskonia Vitoria-Gasteiz,,,,38,02:56,176.0,2224,78,101,0,0,-23,False,0,
E2026,5,4,Q4,609,IN,In,BAS,Kosner Baskonia Vitoria-Gasteiz,P014734,"LAWSON, A.J.",1,38,02:56,176.0,2224,78,101,0,0,-23,False,0,
E2026,5,4,Q4,610,OUT,Out,BAS,Kosner Baskonia Vitoria-Gasteiz,P012700,"STEWART, DJ",3,38,02:56,176.0,2224,78,101,0,0,-23,False,0,
E2026,5,4,Q4,611,IN,In,OLY,Olympiacos Piraeus,P012610,"WARD, TYSON",3,38,02:56,176.0,2224,78,101,0,0,-23,False,0,
E2026,5,4,Q4,612,OUT,Out,OLY,Olympiacos Piraeus,P010042,"MONTERO, JEAN",8,38,02:56,176.0,2224,78,101,0,0,-23,False,0,
E2026,5,4,Q4,613,RV,Foul Drawn (4),BAS,Kosner Baskonia Vitoria-Gasteiz,P014734,"LAWSON, A.J.",1,38,02:39,159.0,2241,78,101,0,0,-23,False,0,
E2026,5,4,Q4,614,CM,Foul (1),OLY,Olympiacos Piraeus,P003941,"MILUTINOV, NIKOLA",33,38,02:39,159.0,2241,78,101,0,0,-23,False,0,
E2026,5,4,Q4,615,FTM,Free Throw In (5/6 -  16 pt),BAS,Kosner Baskonia Vitoria-Gasteiz,P014734,"LAWSON, A.J.",1,38,02:39,159.0,2241,79,101,1,0,-22,True,0,
E2026,5,4,Q4,616,AS,Assist (6),BAS,Kosner Baskonia Vitoria-Gasteiz,P014152,"SIMMONS, KOBI",2,38,02:39,159.0,2241,79,101,0,0,-22,False,0,
E2026,5,4,Q4,617,FTM,Free Throw In (6/7 -  17 pt),BAS,Kosner Baskonia Vitoria-Gasteiz,P014734,"LAWSON, A.J.",1,38,02:39,159.0,2241,80,101,1,0,-21,True,0,
E2026,5,4,Q4,618,OUT,Out,BAS,Kosner Baskonia Vitoria-Gasteiz,P014152,"SIMMONS, KOBI",2,38,02:39,159.0,2241,80,101,0,0,-21,False,0,
E2026,5,4,Q4,619,IN,In,BAS,Kosner Baskonia Vitoria-Gasteiz,P014107,"JOKSIMOVIC, STEFAN",6,38,02:39,159.0,2241,80,101,0,0,-21,False,0,
E2026,5,4,Q4,620,3FGA,Missed Three Pointer (0/2 -  2 pt),OLY,Olympiacos Piraeus,P009048,"MILLER-MCINTYRE, CODI",0,38,02:14,134.0,2266,80,101,0,0,-21,False,0,
E2026,5,4,Q4,621,D,Def Rebound (3),BAS,Kosner Baskonia Vitoria-Gasteiz,P014735,"DUARTE, CHRIS",5,38,02:11,131.0,2269,80,101,0,0,-21,False,0,
E2026,5,4,Q4,622,3FGM,Three Pointer (1/4 -  9 pt),BAS,Kosner Baskonia Vitoria-Gasteiz,P014735,"DUARTE, CHRIS",5,38,02:03,123.0,2277,83,101,3,0,-18,True,0,
E2026,5,4,Q4,624,TO,Turnover (1),OLY,Olympiacos Piraeus,P012610,"WARD, TYSON",3,39,01:40,100.0,2300,83,101,0,0,-18,False,0,
E2026,5,4,Q4,625,ST,Steal (2),BAS,Kosner Baskonia Vitoria-Gasteiz,P014735,"DUARTE, CHRIS",5,39,01:39,99.0,2301,83,101,0,0,-18,False,0,
E2026,5,4,Q4,626,3FGA,Missed Three Pointer (1/5 -  9 pt),BAS,Kosner Baskonia Vitoria-Gasteiz,P014735,"DUARTE, CHRIS",5,39,01:26,86.0,2314,83,101,0,0,-18,False,0,
E2026,5,4,Q4,627,O,Off Rebound (1),BAS,Kosner Baskonia Vitoria-Gasteiz,P011284,"FARIED, KENNETH",35,39,01:26,86.0,2314,83,101,0,0,-18,False,0,
E2026,5,4,Q4,628,CM,Foul (2),OLY,Olympiacos Piraeus,P003941,"MILUTINOV, NIKOLA",33,39,01:26,86.0,2314,83,101,0,0,-18,False,0,
E2026,5,4,Q4,629,RV,Foul Drawn (3),BAS,Kosner Baskonia Vitoria-Gasteiz,P011284,"FARIED, KENNETH",35,39,01:26,86.0,2314,83,101,0,0,-18,False,0,
E2026,5,4,Q4,630,FTA,Missed Free Throw (0/1 -  2 pt),BAS,Kosner Baskonia Vitoria-Gasteiz,P011284,"FARIED, KENNETH",35,39,01:26,86.0,2314,83,101,0,0,-18,False,0,
E2026,5,4,Q4,631,FTM,Free Throw In (1/2 -  3 pt),BAS,Kosner Baskonia Vitoria-Gasteiz,P011284,"FARIED, KENNETH",35,39,01:26,86.0,2314,84,101,1,0,-17,True,0,
E2026,5,4,Q4,632,3FGM,Three Pointer (1/3 -  9 pt),OLY,Olympiacos Piraeus,P012610,"WARD, TYSON",3,39,01:09,69.0,2331,84,104,0,3,-20,True,0,
E2026,5,4,Q4,633,AS,Assist (6),OLY,Olympiacos Piraeus,P009048,"MILLER-MCINTYRE, CODI",0,39,01:10,70.0,2330,84,104,0,0,-20,False,0,
E2026,5,4,Q4,635,2FGM,Two Pointer (2/4 -  5 pt),BAS,Kosner Baskonia Vitoria-Gasteiz,P011284,"FARIED, KENNETH",35,39,01:00,60.0,2340,86,104,2,0,-18,True,0,
E2026,5,4,Q4,636,AS,Assist (3),BAS,Kosner Baskonia Vitoria-Gasteiz,P014735,"DUARTE, CHRIS",5,39,01:00,60.0,2340,86,104,0,0,-18,False,0,
E2026,5,4,Q4,638,TO,Turnover (4),OLY,Olympiacos Piraeus,P009048,"MILLER-MCINTYRE, CODI",0,40,00:51,51.0,2349,86,104,0,0,-18,False,0,
E2026,5,4,Q4,639,3FGA,Missed Three Pointer (1/6 -  9 pt),BAS,Kosner Baskonia Vitoria-Gasteiz,P014735,"DUARTE, CHRIS",5,40,00:48,48.0,2352,86,104,0,0,-18,False,0,
E2026,5,4,Q4,640,D,Def Rebound (3),OLY,Olympiacos Piraeus,P001255,"PAPANIKOLAOU, KOSTAS",16,40,00:46,46.0,2354,86,104,0,0,-18,False,0,
E2026,5,4,Q4,641,2FGM,Two Pointer (2/5 -  11 pt),OLY,Olympiacos Piraeus,P012610,"WARD, TYSON",3,40,00:27,27.0,2373,86,106,0,2,-20,True,0,
E2026,5,4,Q4,642,3FGM,Three Pointer (4/9 -  20 pt),BAS,Kosner Baskonia Vitoria-Gasteiz,P014734,"LAWSON, A.J.",1,40,00:18,18.0,2382,89,106,3,0,-17,True,0,
E2026,5,4,Q4,643,AS,Assist (3),BAS,Kosner Baskonia Vitoria-Gasteiz,P014107,"JOKSIMOVIC, STEFAN",6,40,00:18,18.0,2382,89,106,0,0,-17,False,0,
E2026,5,4,Q4,648,EG,End Game,,,,,,41,,,2460,89,106,0,0,-17,False,0,
E2026,6,1,Q1,12,BP,Begin Period,,,,,,1,,,60,0,0,0,0,0,False,0,
E2026,6,1,Q1,13,JB,Jump Ball (1),ASV,LDLC ASVEL Villeurbanne,,,,1,09:59,599.0,1,0,0,0,0,0,False,0,
E2026,6,1,Q1,14,2FGA,Missed Two Pointer (0/1 -  0 pt),ASV,LDLC ASVEL Villeurbanne,P013900,"GACH, BOTH",14,1,09:48,588.0,12,0,0,0,0,0,False,0,
E2026,6,1,Q1,15,D,Def Rebound (1),TEL,Maccabi Rapyd Tel Aviv,P009783,"COLSON, BONZIE",50,1,09:45,585.0,15,0,0,0,0,0,False,0,
E2026,6,1,Q1,16,2FGA,Missed Two Pointer (0/1 -  0 pt),TEL,Maccabi Rapyd Tel Aviv,P010781,"LUNDBERG, IFFE",0,1,09:35,575.0,25,0,0,0,0,0,False,0,
E2026,6,1,Q1,17,AG,Shot Rejected (1),TEL,Maccabi Rapyd Tel Aviv,P010781,"LUNDBERG, IFFE",0,1,09:35,575.0,25,0,0,0,0,0,False,0,
E2026,6,1,Q1,18,FV,Block (1),ASV,LDLC ASVEL Villeurbanne,P015166,"CROWDER, JAE",99,1,09:33,573.0,27,0,0,0,0,0,False,0,
E2026,6,1,Q1,19,D,Def Rebound (1),ASV,LDLC ASVEL Villeurbanne,P015166,"CROWDER, JAE",99,1,09:32,572.0,28,0,0,0,0,0,False,0,
E2026,6,1,Q1,20,3FGM,Three Pointer (1/1 -  3 pt),ASV,LDLC ASVEL Villeurbanne,P015161,"FODZO DADA, MARC-OWEN",1,1,09:26,566.0,34,3,0,3,0,3,True,0,
E2026,6,1,Q1,21,AS,Assist (1),ASV,LDLC ASVEL Villeurbanne,P015163,"MILLS, PATTY",8,1,09:24,564.0,36,3,0,0,0,3,False,0,
E2026,6,1,Q1,22,3FGM,Three Pointer (1/1 -  3 pt),TEL,Maccabi Rapyd Tel Aviv,P011052,"MADAR, YAM",26,1,09:09,549.0,51,3,3,0,3,0,True,0,
E2026,6,1,Q1,24,3FGM,Three Pointer (1/1 -  3 pt),ASV,LDLC ASVEL Villeurbanne,P013900,"GACH, BOTH",14,2,08:49,529.0,71,6,3,3,0,3,True,0,
E2026,6,1,Q1,25,AS,Assist (1),ASV,LDLC ASVEL Villeurbanne,P015161,"FODZO DADA, MARC-OWEN",1,2,08:47,527.0,73,6,3,0,0,3,False,0,
E2026,6,1,Q1,26,3FGA,Missed Three Pointer (0/1 -  0 pt),TEL,Maccabi Rapyd Tel Aviv,P011219,"SORKIN, ROMAN",9,2,08:30,510.0,90,6,3,0,0,3,False,0,
E2026,6,1,Q1,27,D,Def Rebound (1),ASV,LDLC ASVEL Villeurbanne,P009035,"BOLOMBOY, JOEL",21,2,08:28,508.0,92,6,3,0,0,3,False,0,
E2026,6,1,Q1,28,3FGM,Three Pointer (1/1 -  3 pt),ASV,LDLC ASVEL Villeurbanne,P015166,"CROWDER, JAE",99,2,08:21,501.0,99,9,3,3,0,6,True,0,
E2026,6,1,Q1,29,AS,Assist (1),ASV,LDLC ASVEL Villeurbanne,P013900,"GACH, BOTH",14,2,08:19,499.0,101,9,3,0,0,6,False,0,
E2026,6,1,Q1,30,CM,Foul (1),ASV,LDLC ASVEL Villeurbanne,P015166,"CROWDER, JAE",99,2,08:17,497.0,103,9,3,0,0,6,False,0,
E2026,6,1,Q1,31,RV,Foul Drawn (1),TEL,Maccabi Rapyd Tel Aviv,P011219,"SORKIN, ROMAN",9,2,08:17,497.0,103,9,3,0,0,6,False,0,
E2026,6,1,Q1,32,3FGA,Missed Three Pointer (0/1 -  0 pt),TEL,Maccabi Rapyd Tel Aviv,P010781,"LUNDBERG, IFFE",0,2,08:05,485.0,115,9,3,0,0,6,False,0,
E2026,6,1,Q1,33,D,Def Rebound (2),ASV,LDLC ASVEL Villeurbanne,P015166,"CROWDER, JAE",99,2,08:03,483.0,117,9,3,0,0,6,False,0,
E2026,6,1,Q1,36,TO,Turnover (1),ASV,LDLC ASVEL Villeurbanne,P015161,"FODZO DADA, MARC-OWEN",1,3,07:48,468.0,132,9,3,0,0,6,False,0,
E2026,6,1,Q1,37,ST,Steal (1),TEL,Maccabi Rapyd Tel Aviv,P006835,"HOARD, JAYLEN",1,3,07:46,466.0,134,9,3,0,0,6,False,0,
E2026,6,1,Q1,38,2FGM,Two Pointer (1/1 -  2 pt),TEL,Maccabi Rapyd Tel Aviv,P006835,"HOARD, JAYLEN",1,3,07:44,464.0,136,9,5,0,2,4,True,0,
E2026,6,1,Q1,39,2FGA,Missed Two Pointer (0/2 -  3 pt),ASV,LDLC ASVEL Villeurbanne,P013900,"GACH, BOTH",14,3,07:28,448.0,152,9,5,0,0,4,False,0,
E2026,6,1,Q1,40,D,Def Rebound (1),TEL,Maccabi Rapyd Tel Aviv,P010781,"LUNDBERG, IFFE",0,3,07:25,445.0,155,9,5,0,0,4,False,0,
E2026,6,1,Q1,41,3FGM,Three Pointer (1/2 -  3 pt),TEL,Maccabi Rapyd Tel Aviv,P010781,"LUNDBERG, IFFE",0,3,07:06,426.0,174,9,8,0,3,1,True,0,
E2026,6,1,Q1,42,AS,Assist (1),TEL,Maccabi Rapyd Tel Aviv,P011052,"MADAR, YAM",26,3,07:03,423.0,177,9,8,0,0,1,False,0,
E2026,6,1,Q1,44,3FGA,Missed Three Pointer (0/1 -  0 pt),ASV,LDLC ASVEL Villeurbanne,P015163,"MILLS, PATTY",8,4,06:50,410.0,190,9,8,0,0,1,False,0,
E2026,6,1,Q1,45,D,Def Rebound (1),TEL,Maccabi Rapyd Tel Aviv,P006835,"HOARD, JAYLEN",1,4,06:48,408.0,192,9,8,0,0,1,False,0,
E2026,6,1,Q1,46,2FGM,Two Pointer (2/2 -  4 pt),TEL,Maccabi Rapyd Tel Aviv,P006835,"HOARD, JAYLEN",1,4,06:36,396.0,204,9,10,0,2,-1,True,0,
E2026,6,1,Q1,47,AS,Assist (2),TEL,Maccabi Rapyd Tel Aviv,P011052,"MADAR, YAM",26,4,06:33,393.0,207,9,10,0,0,-1,False,0,
E2026,6,1,Q1,48,2FGA,Missed Two Pointer (0/1 -  3 pt),ASV,LDLC ASVEL Villeurbanne,P015166,"CROWDER, JAE",99,4,06:25,385.0,215,9,10,0,0,-1,False,0,
E2026,6,1,Q1,49,D,Def Rebound (1),TEL,Maccabi Rapyd Tel Aviv,P011052,"MADAR, YAM",26,4,06:23,383.0,217,9,10,0,0,-1,False,0,
E2026,6,1,Q1,50,CM,Foul (1),ASV,LDLC ASVEL Villeurbanne,P015161,"FODZO DADA, MARC-OWEN",1,4,06:16,376.0,224,9,10,0,0,-1,False,0,
E2026,6,1,Q1,51,RV,Foul Drawn (1),TEL,Maccabi Rapyd Tel Aviv,P006835,"HOARD, JAYLEN",1,4,06:16,376.0,224,9,10,0,0,-1,False,0,
E2026,6,1,Q1,52,OUT,Out,ASV,LDLC ASVEL Villeurbanne,P013900,"GACH, BOTH",14,4,06:16,376.0,224,9,10,0,0,-1,False,0,
E2026,6,1,Q1,53,IN,In,ASV,LDLC ASVEL Villeurbanne,P003526,"LIGHTY, DAVID",23,4,06:16,376.0,224,9,10,0,0,-1,False,0,
E2026,6,1,Q1,54,3FGM,Three Pointer (1/1 -  7 pt),TEL,Maccabi Rapyd Tel Aviv,P006835,"HOARD, JAYLEN",1,4,06:03,363.0,237,9,13,0,3,-4,True,0,
E2026,6,1,Q1,55,AS,Assist (3),TEL,Maccabi Rapyd Tel Aviv,P011052,"MADAR, YAM",26,4,06:01,361.0,239,9,13,0,0,-4,False,0,
E2026,6,1,Q1,57,TO,Turnover (1),ASV,LDLC ASVEL Villeurbanne,P009035,"BOLOMBOY, JOEL",21,5,05:47,347.0,253,9,13,0,0,-4,False,0,
E2026,6,1,Q1,58,ST,Steal (2),TEL,Maccabi Rapyd Tel Aviv,P006835,"HOARD, JAYLEN",1,5,05:44,344.0,256,9,13,0,0,-4,False,0,
E2026,6,1,Q1,59,3FGA,Missed Three Pointer (0/1 -  0 pt),TEL,Maccabi Rapyd Tel Aviv,P009783,"COLSON, BONZIE",50,5,05:25,325.0,275,9,13,0,0,-4,False,0,
E2026,6,1,Q1,60,O,Off Rebound (1),TEL,Maccabi Rapyd Tel Aviv,P010781,"LUNDBERG, IFFE",0,5,05:22,322.0,278,9,13,0,0,-4,False,0,
E2026,6,1,Q1,61,TO,Turnover (1),TEL,Maccabi Rapyd Tel Aviv,P011052,"MADAR, YAM",26,5,05:20,320.0,280,9,13,0,0,-4,False,0,
E2026,6,1,Q1,62,OUT,Out,ASV,LDLC ASVEL Villeurbanne,P015161,"FODZO DADA, MARC-OWEN",1,5,05:20,320.0,280,9,13,0,0,-4,False,0,
E2026,6,1,Q1,63,IN,In,ASV,LDLC ASVEL Villeurbanne,P015165,"WATERS, TREMONT",51,5,05:20,320.0,280,9,13,0,0,-4,False,0,
E2026,6,1,Q1,64,IN,In,ASV,LDLC ASVEL Villeurbanne,P011980,"SESTINA, NATHAN",77,5,05:20,320.0,280,9,13,0,0,-4,False,0,
E2026,6,1,Q1,65,OUT,Out,ASV,LDLC ASVEL Villeurbanne,P015166,"CROWDER, JAE",99,5,05:20,320.0,280,9,13,0,0,-4,False,0,
E2026,6,1,Q1,66,OUT,Out,TEL,Maccabi Rapyd Tel Aviv,P010781,"LUNDBERG, IFFE",0,5,05:20,320.0,280,9,13,0,0,-4,False,0,
E2026,6,1,Q1,67,IN,In,TEL,Maccabi Rapyd Tel Aviv,P014127,"BRISSETT, O'SHAE J",10,5,05:20,320.0,280,9,13,0,0,-4,False,0,
E2026,6,1,Q1,68,IN,In,TEL,Maccabi Rapyd Tel Aviv,P015085,"WALLACE, KEATON",17,5,05:20,320.0,280,9,13,0,0,-4,False,0,
E2026,6,1,Q1,69,OUT,Out,TEL,Maccabi Rapyd Tel Aviv,P009783,"COLSON, BONZIE",50,5,05:20,320.0,280,9,13,0,0,-4,False,0,
E2026,6,1,Q1,70,3FGA,Missed Three Pointer (0/2 -  0 pt),ASV,LDLC ASVEL Villeurbanne,P015163,"MILLS, PATTY",8,5,05:03,303.0,297,9,13,0,0,-4,False,0,
E2026,6,1,Q1,71,D,Def Rebound (1),TEL,Maccabi Rapyd Tel Aviv,P014127,"BRISSETT, O'SHAE J",10,5,05:01,301.0,299,9,13,0,0,-4,False,0,
E2026,6,1,Q1,73,3FGA,Missed Three Pointer (1/2 -  7 pt),TEL,Maccabi Rapyd Tel Aviv,P006835,"HOARD, JAYLEN",1,6,04:48,288.0,312,9,13,0,0,-4,False,0,
E2026,6,1,Q1,74,D,Def Rebound (1),ASV,LDLC ASVEL Villeurbanne,P011980,"SESTINA, NATHAN",77,6,04:46,286.0,314,9,13,0,0,-4,False,0,
E2026,6,1,Q1,75,3FGM,Three Pointer (1/1 -  3 pt),ASV,LDLC ASVEL Villeurbanne,P003526,"LIGHTY, DAVID",23,6,04:36,276.0,324,12,13,3,0,-1,True,0,
E2026,6,1,Q1,76,AS,Assist (2),ASV,LDLC ASVEL Villeurbanne,P015163,"MILLS, PATTY",8,6,04:32,272.0,328,12,13,0,0,-1,False,0,
E2026,6,1,Q1,77,2FGM,Two Pointer (1/1 -  2 pt),TEL,Maccabi Rapyd Tel Aviv,P011219,"SORKIN, ROMAN",9,6,04:14,254.0,346,12,15,0,2,-3,True,0,
E2026,6,1,Q1,78,CM,Foul (1),ASV,LDLC ASVEL Villeurbanne,P011980,"SESTINA, NATHAN",77,6,04:14,254.0,346,12,15,0,0,-3,False,0,
E2026,6,1,Q1,79,RV,Foul Drawn (2),TEL,Maccabi Rapyd Tel Aviv,P011219,"SORKIN, ROMAN",9,6,04:14,254.0,346,12,15,0,0,-3,False,0,
E2026,6,1,Q1,80,TOUT_TV,TV Time Out (1),,,,,,6,04:14,254.0,346,12,15,0,0,-3,False,0,
E2026,6,1,Q1,81,IN,In,ASV,LDLC ASVEL Villeurbanne,P013269,"CALE, MYLES",0,6,04:14,254.0,346,12,15,0,0,-3,False,0,
E2026,6,1,Q1,82,OUT,Out,ASV,LDLC ASVEL Villeurbanne,P015163,"MILLS, PATTY",8,6,04:14,254.0,346,12,15,0,0,-3,False,0,
E2026,6,1,Q1,83,OUT,Out,TEL,Maccabi Rapyd Tel Aviv,P006835,"HOARD, JAYLEN",1,6,04:14,254.0,346,12,15,0,0,-3,False,0,
E2026,6,1,Q1,84,IN,In,TEL,Maccabi Rapyd Tel Aviv,P013381,"RAYMAN, WILLIAM",11,6,04:14,254.0,346,12,15,0,0,-3,False,0,
E2026,6,1,Q1,85,FTA,Missed Free Throw (0/1 -  2 pt),TEL,Maccabi Rapyd Tel Aviv,P011219,"SORKIN, ROMAN",9,6,04:14,254.0,346,12,15,0,0,-3,False,0,
E2026,6,1,Q1,86,D,Def Rebound (2),ASV,LDLC ASVEL Villeurbanne,P009035,"BOLOMBOY, JOEL",21,6,04:14,254.0,346,12,15,0,0,-3,False,0,
E2026,6,1,Q1,88,3FGA,Missed Three Pointer (0/1 -  0 pt),ASV,LDLC ASVEL Villeurbanne,P015165,"WATERS, TREMONT",51,7,03:58,238.0,362,12,15,0,0,-3,False,0,
E2026,6,1,Q1,89,D,Def Rebound (1),TEL,Maccabi Rapyd Tel Aviv,P011219,"SORKIN, ROMAN",9,7,03:56,236.0,364,12,15,0,0,-3,False,0,
E2026,6,1,Q1,90,3FGA,Missed Three Pointer (0/1 -  0 pt),TEL,Maccabi Rapyd Tel Aviv,P014127,"BRISSETT, O'SHAE J",10,7,03:40,220.0,380,12,15,0,0,-3,False,0,
E2026,6,1,Q1,91,D,Def Rebound (3),ASV,LDLC ASVEL Villeurbanne,P009035,"BOLOMBOY, JOEL",21,7,03:38,218.0,382,12,15,0,0,-3,False,0,
E2026,6,1,Q1,92,2FGA,Missed Two Pointer (0/1 -  0 pt),ASV,LDLC ASVEL Villeurbanne,P009035,"BOLOMBOY, JOEL",21,7,03:16,196.0,404,12,15,0,0,-3,False,0,
E2026,6,1,Q1,94,O,Off Rebound (1),ASV,LDLC ASVEL Villeurbanne,,,,7,03:16,196.0,404,12,15,0,0,-3,False,0,
E2026,6,1,Q1,95,IN,In,TEL,Maccabi Rapyd Tel Aviv,P010781,"LUNDBERG, IFFE",0,7,03:16,196.0,404,12,15,0,0,-3,False,0,
E2026,6,1,Q1,96,OUT,Out,TEL,Maccabi Rapyd Tel Aviv,P011219,"SORKIN, ROMAN",9,7,03:16,196.0,404,12,15,0,0,-3,False,0,
E2026,6,1,Q1,97,IN,In,TEL,Maccabi Rapyd Tel Aviv,P004132,"THEIS, DANIEL",23,7,03:16,196.0,404,12,15,0,0,-3,False,0,
E2026,6,1,Q1,98,OUT,Out,TEL,Maccabi Rapyd Tel Aviv,P011052,"MADAR, YAM",26,7,03:16,196.0,404,12,15,0,0,-3,False,0,
E2026,6,1,Q1,101,IN,In,ASV,LDLC ASVEL Villeurbanne,P012618,"MASSA, BODIAN",10,7,03:16,196.0,404,12,15,0,0,-3,False,0,
E2026,6,1,Q1,102,OUT,Out,ASV,LDLC ASVEL Villeurbanne,P009035,"BOLOMBOY, JOEL",21,7,03:16,196.0,404,12,15,0,0,-3,False,0,
E2026,6,1,Q1,99,CM,Foul (1),TEL,Maccabi Rapyd Tel Aviv,P013381,"RAYMAN, WILLIAM",11,7,03:15,195.0,405,12,15,0,0,-3,False,0,
E2026,6,1,Q1,100,RV,Foul Drawn (1),ASV,LDLC ASVEL Villeurbanne,P011980,"SESTINA, NATHAN",77,7,03:15,195.0,405,12,15,0,0,-3,False,0,
E2026,6,1,Q1,103,2FGM,Two Pointer (1/1 -  2 pt),ASV,LDLC ASVEL Villeurbanne,P015165,"WATERS, TREMONT",51,7,03:00,180.0,420,14,15,2,0,-1,True,0,
E2026,6,1,Q1,105,3FGA,Missed Three Pointer (0/1 -  0 pt),TEL,Maccabi Rapyd Tel Aviv,P015085,"WALLACE, KEATON",17,8,02:51,171.0,429,14,15,0,0,-1,False,0,
E2026,6,1,Q1,106,D,Def Rebound (2),ASV,LDLC ASVEL Villeurbanne,P011980,"SESTINA, NATHAN",77,8,02:49,169.0,431,14,15,0,0,-1,False,0,
E2026,6,1,Q1,107,TO,Turnover (1),ASV,LDLC ASVEL Villeurbanne,P015165,"WATERS, TREMONT",51,8,02:45,165.0,435,14,15,0,0,-1,False,0,
E2026,6,1,Q1,108,ST,Steal (1),TEL,Maccabi Rapyd Tel Aviv,P015085,"WALLACE, KEATON",17,8,02:43,163.0,437,14,15,0,0,-1,False,0,
E2026,6,1,Q1,109,2FGA,Missed Two Pointer (0/2 -  3 pt),TEL,Maccabi Rapyd Tel Aviv,P010781,"LUNDBERG, IFFE",0,8,02:35,155.0,445,14,15,0,0,-1,False,0,
E2026,6,1,Q1,110,D,Def Rebound (1),ASV,LDLC ASVEL Villeurbanne,,,,8,02:35,155.0,445,14,15,0,0,-1,False,0,
E2026,6,1,Q1,111,3FGA,Missed Three Pointer (0/1 -  0 pt),ASV,LDLC ASVEL Villeurbanne,P011980,"SESTINA, NATHAN",77,8,02:13,133.0,467,14,15,0,0,-1,False,0,
E2026,6,1,Q1,112,D,Def Rebound (1),TEL,Maccabi Rapyd Tel Aviv,P015085,"WALLACE, KEATON",17,8,02:10,130.0,470,14,15,0,0,-1,False,0,
E2026,6,1,Q1,114,CM,Foul (2),ASV,LDLC ASVEL Villeurbanne,P011980,"SESTINA, NATHAN",77,8,02:00,120.0,480,14,15,0,0,-1,False,0,
E2026,6,1,Q1,115,RV,Foul Drawn (1),TEL,Maccabi Rapyd Tel Aviv,P014127,"BRISSETT, O'SHAE J",10,8,02:00,120.0,480,14,15,0,0,-1,False,0,
E2026,6,1,Q1,116,IN,In,ASV,LDLC ASVEL Villeurbanne,P006832,"PONS, YVES",35,8,02:00,120.0,480,14,15,0,0,-1,False,0,
E2026,6,1,Q1,117,OUT,Out,ASV,LDLC ASVEL Villeurbanne,P011980,"SESTINA, NATHAN",77,8,02:00,120.0,480,14,15,0,0,-1,False,0,
E2026,6,1,Q1,118,FTM,Free Throw In (1/1 -  1 pt),TEL,Maccabi Rapyd Tel Aviv,P014127,"BRISSETT, O'SHAE J",10,8,02:00,120.0,480,14,16,0,1,-2,True,0,
E2026,6,1,Q1,119,FTM,Free Throw In (2/2 -  2 pt),TEL,Maccabi Rapyd Tel Aviv,P014127,"BRISSETT, O'SHAE J",10,8,02:00,120.0,480,14,17,0,1,-3,True,0,
E2026,6,1,Q1,121,3FGM,Three Pointer (2/2 -  6 pt),ASV,LDLC ASVEL Villeurbanne,P003526,"LIGHTY, DAVID",23,9,01:38,98.0,502,17,17,3,0,0,True,0,
E2026,6,1,Q1,122,AS,Assist (1),ASV,LDLC ASVEL Villeurbanne,P013269,"CALE, MYLES",0,9,01:36,96.0,504,17,17,0,0,0,False,0,
E2026,6,1,Q1,123,2FGA,Missed Two Pointer (0/1 -  0 pt),TEL,Maccabi Rapyd Tel Aviv,P015085,"WALLACE, KEATON",17,9,01:24,84.0,516,17,17,0,0,0,False,0,
E2026,6,1,Q1,124,D,Def Rebound (1),ASV,LDLC ASVEL Villeurbanne,P012618,"MASSA, BODIAN",10,9,01:21,81.0,519,17,17,0,0,0,False,0,
E2026,6,1,Q1,125,2FGM,Two Pointer (1/1 -  8 pt),ASV,LDLC ASVEL Villeurbanne,P003526,"LIGHTY, DAVID",23,9,01:07,67.0,533,19,17,2,0,2,True,0,
E2026,6,1,Q1,127,2FGM,Two Pointer (1/2 -  2 pt),TEL,Maccabi Rapyd Tel Aviv,P015085,"WALLACE, KEATON",17,10,00:56,56.0,544,19,19,0,2,0,True,0,
E2026,6,1,Q1,128,CM,Foul (1),TEL,Maccabi Rapyd Tel Aviv,P004132,"THEIS, DANIEL",23,10,00:56,56.0,544,19,19,0,0,0,False,0,
E2026,6,1,Q1,129,RV,Foul Drawn (1),ASV,LDLC ASVEL Villeurbanne,P012618,"MASSA, BODIAN",10,10,00:56,56.0,544,19,19,0,0,0,False,0,
E2026,6,1,Q1,130,2FGA,Missed Two Pointer (0/1 -  0 pt),ASV,LDLC ASVEL Villeurbanne,P013269,"CALE, MYLES",0,10,00:40,40.0,560,19,19,0,0,0,False,0,
E2026,6,1,Q1,131,D,Def Rebound (2),TEL,Maccabi Rapyd Tel Aviv,,,,10,00:39,39.0,561,19,19,0,0,0,False,0,
E2026,6,1,Q1,132,2FGA,Missed Two Pointer (0/3 -  3 pt),TEL,Maccabi Rapyd Tel Aviv,P010781,"LUNDBERG, IFFE",0,10,00:18,18.0,582,19,19,0,0,0,False,0,
E2026,6,1,Q1,133,O,Off Rebound (1),TEL,Maccabi Rapyd Tel Aviv,P013381,"RAYMAN, WILLIAM",11,10,00:16,16.0,584,19,19,0,0,0,False,0,
E2026,6,1,Q1,134,2FGA,Missed Two Pointer (0/1 -  0 pt),TEL,Maccabi Rapyd Tel Aviv,P013381,"RAYMAN, WILLIAM",11,10,00:16,16.0,584,19,19,0,0,0,False,0,
E2026,6,1,Q1,135,O,Off Rebound (1),TEL,Maccabi Rapyd Tel Aviv,P004132,"THEIS, DANIEL",23,10,00:14,14.0,586,19,19,0,0,0,False,0,
E2026,6,1,Q1,136,TO,Turnover (1),TEL,Maccabi Rapyd Tel Aviv,P004132,"THEIS, DANIEL",23,10,00:14,14.0,586,19,19,0,0,0,False,0,
E2026,6,1,Q1,137,CM,Foul (1),TEL,Maccabi Rapyd Tel Aviv,P015085,"WALLACE, KEATON",17,10,00:05,5.0,595,19,19,0,0,0,False,0,
E2026,6,1,Q1,138,RV,Foul Drawn (1),ASV,LDLC ASVEL Villeurbanne,P015165,"WATERS, TREMONT",51,10,00:05,5.0,595,19,19,0,0,0,False,0,
E2026,6,1,Q1,139,IN,In,TEL,Maccabi Rapyd Tel Aviv,P006835,"HOARD, JAYLEN",1,10,00:05,5.0,595,19,19,0,0,0,False,0,
E2026,6,1,Q1,140,OUT,Out,TEL,Maccabi Rapyd Tel Aviv,P015085,"WALLACE, KEATON",17,10,00:05,5.0,595,19,19,0,0,0,False,0,
E2026,6,1,Q1,141,TO,Turnover (1),ASV,LDLC ASVEL Villeurbanne,P013269,"CALE, MYLES",0,10,00:00,0.0,600,19,19,0,0,0,False,0,
E2026,6,1,Q1,142,ST,Steal (1),TEL,Maccabi Rapyd Tel Aviv,P004132,"THEIS, DANIEL",23,10,00:00,0.0,600,19,19,0,0,0,False,0,
E2026,6,1,Q1,143,TO,Turnover (2),TEL,Maccabi Rapyd Tel Aviv,P004132,"THEIS, DANIEL",23,10,00:00,0.0,600,19,19,0,0,0,False,0,
E2026,6,1,Q1,145,EP,End Period,,,,,,11,,,660,19,19,0,0,0,False,0,
E2026,6,2,Q2,148,BP,Begin Period,,,,,,11,,,660,19,19,0,0,0,False,0,
E2026,6,2,Q2,146,OUT,Out,TEL,Maccabi Rapyd Tel Aviv,P013381,"RAYMAN, WILLIAM",11,11,10:00,600.0,600,19,19,0,0,0,False,0,
E2026,6,2,Q2,147,IN,In,TEL,Maccabi Rapyd Tel Aviv,P007990,"DIBARTOLOMEO, JOHN",12,11,10:00,600.0,600,19,19,0,0,0,False,0,
E2026,6,2,Q2,149,3FGA,Missed Three Pointer (0/1 -  0 pt),TEL,Maccabi Rapyd Tel Aviv,P007990,"DIBARTOLOMEO, JOHN",12,11,09:45,585.0,615,19,19,0,0,0,False,0,
E2026,6,2,Q2,150,D,Def Rebound (1),ASV,LDLC ASVEL Villeurbanne,P013269,"CALE, MYLES",0,11,09:43,583.0,617,19,19,0,0,0,False,0,
E2026,6,2,Q2,151,3FGA,Missed Three Pointer (0/2 -  2 pt),ASV,LDLC ASVEL Villeurbanne,P015165,"WATERS, TREMONT",51,11,09:31,571.0,629,19,19,0,0,0,False,0,
E2026,6,2,Q2,152,D,Def Rebound (2),TEL,Maccabi Rapyd Tel Aviv,P014127,"BRISSETT, O'SHAE J",10,11,09:29,569.0,631,19,19,0,0,0,False,0,
E2026,6,2,Q2,153,3FGA,Missed Three Pointer (0/2 -  2 pt),TEL,Maccabi Rapyd Tel Aviv,P014127,"BRISSETT, O'SHAE J",10,11,09:15,555.0,645,19,19,0,0,0,False,0,
E2026,6,2,Q2,154,D,Def Rebound (3),ASV,LDLC ASVEL Villeurbanne,,,,11,09:15,555.0,645,19,19,0,0,0,False,0,
E2026,6,2,Q2,155,OUT,Out,ASV,LDLC ASVEL Villeurbanne,P003526,"LIGHTY, DAVID",23,11,09:15,555.0,645,19,19,0,0,0,False,0,
E2026,6,2,Q2,156,IN,In,ASV,LDLC ASVEL Villeurbanne,P015164,"BESSON, HUGO",25,11,09:15,555.0,645,19,19,0,0,0,False,0,
E2026,6,2,Q2,158,3FGA,Missed Three Pointer (0/3 -  2 pt),ASV,LDLC ASVEL Villeurbanne,P015165,"WATERS, TREMONT",51,12,08:50,530.0,670,19,19,0,0,0,False,0,
E2026,6,2,Q2,159,D,Def Rebound (3),TEL,Maccabi Rapyd Tel Aviv,P014127,"BRISSETT, O'SHAE J",10,12,08:48,528.0,672,19,19,0,0,0,False,0,
E2026,6,2,Q2,160,3FGA,Missed Three Pointer (0/1 -  0 pt),TEL,Maccabi Rapyd Tel Aviv,P004132,"THEIS, DANIEL",23,12,08:40,520.0,680,19,19,0,0,0,False,0,
E2026,6,2,Q2,161,D,Def Rebound (1),ASV,LDLC ASVEL Villeurbanne,P015164,"BESSON, HUGO",25,12,08:37,517.0,683,19,19,0,0,0,False,0,
E2026,6,2,Q2,162,3FGA,Missed Three Pointer (0/1 -  0 pt),ASV,LDLC ASVEL Villeurbanne,P013269,"CALE, MYLES",0,12,08:27,507.0,693,19,19,0,0,0,False,0,
E2026,6,2,Q2,163,D,Def Rebound (1),TEL,Maccabi Rapyd Tel Aviv,P004132,"THEIS, DANIEL",23,12,08:25,505.0,695,19,19,0,0,0,False,0,
E2026,6,2,Q2,164,2FGA,Missed Two Pointer (0/1 -  2 pt),TEL,Maccabi Rapyd Tel Aviv,P014127,"BRISSETT, O'SHAE J",10,12,08:02,482.0,718,19,19,0,0,0,False,0,
E2026,6,2,Q2,165,TO,Turnover (1),TEL,Maccabi Rapyd Tel Aviv,,,,12,08:02,482.0,718,19,19,0,0,0,False,0,
E2026,6,2,Q2,166,OUT,Out,ASV,LDLC ASVEL Villeurbanne,P013269,"CALE, MYLES",0,12,08:02,482.0,718,19,19,0,0,0,False,0,
E2026,6,2,Q2,167,IN,In,ASV,LDLC ASVEL Villeurbanne,P015161,"FODZO DADA, MARC-OWEN",1,12,08:02,482.0,718,19,19,0,0,0,False,0,
E2026,6,2,Q2,168,IN,In,ASV,LDLC ASVEL Villeurbanne,P015163,"MILLS, PATTY",8,12,08:02,482.0,718,19,19,0,0,0,False,0,
E2026,6,2,Q2,169,OUT,Out,ASV,LDLC ASVEL Villeurbanne,P015165,"WATERS, TREMONT",51,12,08:02,482.0,718,19,19,0,0,0,False,0,
E2026,6,2,Q2,170,IN,In,TEL,Maccabi Rapyd Tel Aviv,P014015,"BACOT JR., ARMANDO",5,12,08:02,482.0,718,19,19,0,0,0,False,0,
E2026,6,2,Q2,171,OUT,Out,TEL,Maccabi Rapyd Tel Aviv,P014127,"BRISSETT, O'SHAE J",10,12,08:02,482.0,718,19,19,0,0,0,False,0,
E2026,6,2,Q2,172,OUT,Out,TEL,Maccabi Rapyd Tel Aviv,P004132,"THEIS, DANIEL",23,12,08:02,482.0,718,19,19,0,0,0,False,0,
E2026,6,2,Q2,173,IN,In,TEL,Maccabi Rapyd Tel Aviv,P009783,"COLSON, BONZIE",50,12,08:02,482.0,718,19,19,0,0,0,False,0,
E2026,6,2,Q2,175,2FGM,Two Pointer (1/1 -  2 pt),ASV,LDLC ASVEL Villeurbanne,P015164,"BESSON, HUGO",25,13,07:42,462.0,738,21,19,2,0,2,True,0,
E2026,6,2,Q2,176,TO,Turnover (1),TEL,Maccabi Rapyd Tel Aviv,P007990,"DIBARTOLOMEO, JOHN",12,13,07:25,445.0,755,21,19,0,0,2,False,0,
E2026,6,2,Q2,177,2FGA,Missed Two Pointer (0/1 -  3 pt),ASV,LDLC ASVEL Villeurbanne,P015161,"FODZO DADA, MARC-OWEN",1,13,07:13,433.0,767,21,19,0,0,2,False,0,
E2026,6,2,Q2,178,D,Def Rebound (2),TEL,Maccabi Rapyd Tel Aviv,P006835,"HOARD, JAYLEN",1,13,07:13,433.0,767,21,19,0,0,2,False,0,
E2026,6,2,Q2,179,CM,Foul (1),ASV,LDLC ASVEL Villeurbanne,P012618,"MASSA, BODIAN",10,13,07:13,433.0,767,21,19,0,0,2,False,0,
E2026,6,2,Q2,180,RV,Foul Drawn (2),TEL,Maccabi Rapyd Tel Aviv,P006835,"HOARD, JAYLEN",1,13,07:13,433.0,767,21,19,0,0,2,False,0,
E2026,6,2,Q2,182,TO,Turnover (1),TEL,Maccabi Rapyd Tel Aviv,P010781,"LUNDBERG, IFFE",0,14,06:48,408.0,792,21,19,0,0,2,False,0,
E2026,6,2,Q2,183,ST,Steal (1),ASV,LDLC ASVEL Villeurbanne,P006832,"PONS, YVES",35,14,06:46,406.0,794,21,19,0,0,2,False,0,
E2026,6,2,Q2,184,3FGM,Three Pointer (1/3 -  3 pt),ASV,LDLC ASVEL Villeurbanne,P015163,"MILLS, PATTY",8,14,06:30,390.0,810,24,19,3,0,5,True,0,
E2026,6,2,Q2,185,AS,Assist (2),ASV,LDLC ASVEL Villeurbanne,P015161,"FODZO DADA, MARC-OWEN",1,14,06:31,391.0,809,24,19,0,0,5,False,0,
E2026,6,2,Q2,186,TOUT,Time Out (1),TEL,Maccabi Rapyd Tel Aviv,,,,14,06:31,391.0,809,24,19,0,0,5,False,0,
E2026,6,2,Q2,187,TOUT_TV,TV Time Out (2),,,,,,14,06:31,391.0,809,24,19,0,0,5,False,0,
E2026,6,2,Q2,188,OUT,Out,TEL,Maccabi Rapyd Tel Aviv,P010781,"LUNDBERG, IFFE",0,14,06:31,391.0,809,24,19,0,0,5,False,0,
E2026,6,2,Q2,189,IN,In,TEL,Maccabi Rapyd Tel Aviv,P011052,"MADAR, YAM",26,14,06:31,391.0,809,24,19,0,0,5,False,0,
E2026,6,2,Q2,190,OUT,Out,ASV,LDLC ASVEL Villeurbanne,P012618,"MASSA, BODIAN",10,14,06:30,390.0,810,24,19,0,0,5,False,0,
E2026,6,2,Q2,191,IN,In,ASV,LDLC ASVEL Villeurbanne,P009035,"BOLOMBOY, JOEL",21,14,06:30,390.0,810,24,19,0,0,5,False,0,
E2026,6,2,Q2,192,CM,Foul (1),ASV,LDLC ASVEL Villeurbanne,P009035,"BOLOMBOY, JOEL",21,14,06:21,381.0,819,24,19,0,0,5,False,0,
E2026,6,2,Q2,193,RV,Foul Drawn (1),TEL,Maccabi Rapyd Tel Aviv,P009783,"COLSON, BONZIE",50,14,06:21,381.0,819,24,19,0,0,5,False,0,
E2026,6,2,Q2,194,OUT,Out,ASV,LDLC ASVEL Villeurbanne,P006832,"PONS, YVES",35,14,06:21,381.0,819,24,19,0,0,5,False,0,
E2026,6,2,Q2,195,IN,In,ASV,LDLC ASVEL Villeurbanne,P015166,"CROWDER, JAE",99,14,06:21,381.0,819,24,19,0,0,5,False,0,
E2026,6,2,Q2,196,2FGA,Missed Two Pointer (0/1 -  3 pt),TEL,Maccabi Rapyd Tel Aviv,P011052,"MADAR, YAM",26,14,06:06,366.0,834,24,19,0,0,5,False,0,
E2026,6,2,Q2,197,AG,Shot Rejected (1),TEL,Maccabi Rapyd Tel Aviv,P011052,"MADAR, YAM",26,14,06:06,366.0,834,24,19,0,0,5,False,0,
E2026,6,2,Q2,198,FV,Block (1),ASV,LDLC ASVEL Villeurbanne,P015164,"BESSON, HUGO",25,14,06:06,366.0,834,24,19,0,0,5,False,0,
E2026,6,2,Q2,199,TO,Turnover (2),TEL,Maccabi Rapyd Tel Aviv,,,,14,06:06,366.0,834,24,19,0,0,5,False,0,
E2026,6,2,Q2,201,3FGM,Three Pointer (2/4 -  6 pt),ASV,LDLC ASVEL Villeurbanne,P015163,"MILLS, PATTY",8,15,05:50,350.0,850,27,19,3,0,8,True,0,
E2026,6,2,Q2,202,AS,Assist (1),ASV,LDLC ASVEL Villeurbanne,P015164,"BESSON, HUGO",25,15,05:48,348.0,852,27,19,0,0,8,False,0,
E2026,6,2,Q2,203,OF,Offensive Foul (1),TEL,Maccabi Rapyd Tel Aviv,P011052,"MADAR, YAM",26,15,05:34,334.0,866,27,19,0,0,8,False,0,
E2026,6,2,Q2,204,TO,Turnover (2),TEL,Maccabi Rapyd Tel Aviv,P011052,"MADAR, YAM",26,15,05:34,334.0,866,27,19,0,0,8,False,0,
E2026,6,2,Q2,205,RV,Foul Drawn (1),ASV,LDLC ASVEL Villeurbanne,P015163,"MILLS, PATTY",8,15,05:34,334.0,866,27,19,0,0,8,False,0,
E2026,6,2,Q2,206,OUT,Out,TEL,Maccabi Rapyd Tel Aviv,P007990,"DIBARTOLOMEO, JOHN",12,15,05:34,334.0,866,27,19,0,0,8,False,0,
E2026,6,2,Q2,207,IN,In,TEL,Maccabi Rapyd Tel Aviv,P015085,"WALLACE, KEATON",17,15,05:34,334.0,866,27,19,0,0,8,False,0,
E2026,6,2,Q2,208,TO,Turnover (1),ASV,LDLC ASVEL Villeurbanne,P015164,"BESSON, HUGO",25,15,05:22,322.0,878,27,19,0,0,8,False,0,
E2026,6,2,Q2,209,ST,Steal (3),TEL,Maccabi Rapyd Tel Aviv,P006835,"HOARD, JAYLEN",1,15,05:22,322.0,878,27,19,0,0,8,False,0,
E2026,6,2,Q2,210,CM,Foul (1),ASV,LDLC ASVEL Villeurbanne,P015164,"BESSON, HUGO",25,15,05:22,322.0,878,27,19,0,0,8,False,0,
E2026,6,2,Q2,211,RV,Foul Drawn (3),TEL,Maccabi Rapyd Tel Aviv,P006835,"HOARD, JAYLEN",1,15,05:22,322.0,878,27,19,0,0,8,False,0,
E2026,6,2,Q2,212,CM,Foul (2),ASV,LDLC ASVEL Villeurbanne,P015161,"FODZO DADA, MARC-OWEN",1,15,05:17,317.0,883,27,19,0,0,8,False,0,
E2026,6,2,Q2,213,RV,Foul Drawn (1),TEL,Maccabi Rapyd Tel Aviv,P011052,"MADAR, YAM",26,15,05:17,317.0,883,27,19,0,0,8,False,0,
E2026,6,2,Q2,214,FTA,Missed Free Throw (0/1 -  3 pt),TEL,Maccabi Rapyd Tel Aviv,P011052,"MADAR, YAM",26,15,05:17,317.0,883,27,19,0,0,8,False,0,
E2026,6,2,Q2,215,FTM,Free Throw In (1/2 -  4 pt),TEL,Maccabi Rapyd Tel Aviv,P011052,"MADAR, YAM",26,15,05:17,317.0,883,27,20,0,1,7,True,0,
E2026,6,2,Q2,216,AS,Assist (1),TEL,Maccabi Rapyd Tel Aviv,P014015,"BACOT JR., ARMANDO",5,15,05:17,317.0,883,27,20,0,0,7,False,0,
E2026,6,2,Q2,217,3FGM,Three Pointer (1/1 -  5 pt),ASV,LDLC ASVEL Villeurbanne,P015164,"BESSON, HUGO",25,15,05:02,302.0,898,30,20,3,0,10,True,0,
E2026,6,2,Q2,219,AS,Assist (1),ASV,LDLC ASVEL Villeurbanne,P015166,"CROWDER, JAE",99,16,04:58,298.0,902,30,20,0,0,10,False,0,
E2026,6,2,Q2,220,3FGA,Missed Three Pointer (0/2 -  2 pt),TEL,Maccabi Rapyd Tel Aviv,P015085,"WALLACE, KEATON",17,16,04:44,284.0,916,30,20,0,0,10,False,0,
E2026,6,2,Q2,221,D,Def Rebound (4),ASV,LDLC ASVEL Villeurbanne,,,,16,04:45,285.0,915,30,20,0,0,10,False,0,
E2026,6,2,Q2,222,OUT,Out,ASV,LDLC ASVEL Villeurbanne,P015161,"FODZO DADA, MARC-OWEN",1,16,04:45,285.0,915,30,20,0,0,10,False,0,
E2026,6,2,Q2,223,IN,In,ASV,LDLC ASVEL Villeurbanne,P013900,"GACH, BOTH",14,16,04:45,285.0,915,30,20,0,0,10,False,0,
E2026,6,2,Q2,224,OUT,Out,TEL,Maccabi Rapyd Tel Aviv,P014015,"BACOT JR., ARMANDO",5,16,04:45,285.0,915,30,20,0,0,10,False,0,
E2026,6,2,Q2,225,IN,In,TEL,Maccabi Rapyd Tel Aviv,P011219,"SORKIN, ROMAN",9,16,04:45,285.0,915,30,20,0,0,10,False,0,
E2026,6,2,Q2,226,2FGM,Two Pointer (1/1 -  8 pt),ASV,LDLC ASVEL Villeurbanne,P015163,"MILLS, PATTY",8,16,04:27,267.0,933,32,20,2,0,12,True,0,
E2026,6,2,Q2,227,AS,Assist (2),ASV,LDLC ASVEL Villeurbanne,P015166,"CROWDER, JAE",99,16,04:24,264.0,936,32,20,0,0,12,False,0,
E2026,6,2,Q2,228,3FGA,Missed Three Pointer (1/2 -  4 pt),TEL,Maccabi Rapyd Tel Aviv,P011052,"MADAR, YAM",26,16,04:16,256.0,944,32,20,0,0,12,False,0,
E2026,6,2,Q2,229,D,Def Rebound (2),ASV,LDLC ASVEL Villeurbanne,P015164,"BESSON, HUGO",25,16,04:13,253.0,947,32,20,0,0,12,False,0,
E2026,6,2,Q2,230,2FGA,Missed Two Pointer (1/2 -  5 pt),ASV,LDLC ASVEL Villeurbanne,P015164,"BESSON, HUGO",25,16,04:06,246.0,954,32,20,0,0,12,False,0,
E2026,6,2,Q2,231,O,Off Rebound (1),ASV,LDLC ASVEL Villeurbanne,P009035,"BOLOMBOY, JOEL",21,16,04:05,245.0,955,32,20,0,0,12,False,0,
E2026,6,2,Q2,233,3FGM,Three Pointer (2/2 -  6 pt),ASV,LDLC ASVEL Villeurbanne,P015166,"CROWDER, JAE",99,17,03:55,235.0,965,35,20,3,0,15,True,0,
E2026,6,2,Q2,234,AS,Assist (3),ASV,LDLC ASVEL Villeurbanne,P015163,"MILLS, PATTY",8,17,03:55,235.0,965,35,20,0,0,15,False,0,
E2026,6,2,Q2,235,TOUT,Time Out (2),TEL,Maccabi Rapyd Tel Aviv,,,,17,03:55,235.0,965,35,20,0,0,15,False,0,
E2026,6,2,Q2,236,IN,In,TEL,Maccabi Rapyd Tel Aviv,P010781,"LUNDBERG, IFFE",0,17,03:55,235.0,965,35,20,0,0,15,False,0,
E2026,6,2,Q2,237,OUT,Out,TEL,Maccabi Rapyd Tel Aviv,P006835,"HOARD, JAYLEN",1,17,03:55,235.0,965,35,20,0,0,15,False,0,
E2026,6,2,Q2,238,IN,In,TEL,Maccabi Rapyd Tel Aviv,P004132,"THEIS, DANIEL",23,17,03:55,235.0,965,35,20,0,0,15,False,0,
E2026,6,2,Q2,239,OUT,Out,TEL,Maccabi Rapyd Tel Aviv,P009783,"COLSON, BONZIE",50,17,03:55,235.0,965,35,20,0,0,15,False,0,
E2026,6,2,Q2,240,2FGM,Two Pointer (1/1 -  2 pt),TEL,Maccabi Rapyd Tel Aviv,P004132,"THEIS, DANIEL",23,17,03:44,224.0,976,35,22,0,2,13,True,0,
E2026,6,2,Q2,241,AS,Assist (1),TEL,Maccabi Rapyd Tel Aviv,P011219,"SORKIN, ROMAN",9,17,03:41,221.0,979,35,22,0,0,13,False,0,
E2026,6,2,Q2,242,TO,Turnover (1),ASV,LDLC ASVEL Villeurbanne,P015166,"CROWDER, JAE",99,17,03:31,211.0,989,35,22,0,0,13,False,0,
E2026,6,2,Q2,243,CM,Foul (2),ASV,LDLC ASVEL Villeurbanne,P009035,"BOLOMBOY, JOEL",21,17,03:12,192.0,1008,35,22,0,0,13,False,0,
E2026,6,2,Q2,244,RV,Foul Drawn (1),TEL,Maccabi Rapyd Tel Aviv,P004132,"THEIS, DANIEL",23,17,03:12,192.0,1008,35,22,0,0,13,False,0,
E2026,6,2,Q2,245,IN,In,ASV,LDLC ASVEL Villeurbanne,P012618,"MASSA, BODIAN",10,17,03:12,192.0,1008,35,22,0,0,13,False,0,
E2026,6,2,Q2,246,OUT,Out,ASV,LDLC ASVEL Villeurbanne,P009035,"BOLOMBOY, JOEL",21,17,03:12,192.0,1008,35,22,0,0,13,False,0,
E2026,6,2,Q2,247,FTM,Free Throw In (1/1 -  3 pt),TEL,Maccabi Rapyd Tel Aviv,P004132,"THEIS, DANIEL",23,17,03:12,192.0,1008,35,23,0,1,12,True,0,
E2026,6,2,Q2,248,AS,Assist (1),TEL,Maccabi Rapyd Tel Aviv,P010781,"LUNDBERG, IFFE",0,17,03:12,192.0,1008,35,23,0,0,12,False,0,
E2026,6,2,Q2,249,FTM,Free Throw In (2/2 -  4 pt),TEL,Maccabi Rapyd Tel Aviv,P004132,"THEIS, DANIEL",23,17,03:12,192.0,1008,35,24,0,1,11,True,0,
E2026,6,2,Q2,251,3FGM,Three Pointer (2/2 -  8 pt),ASV,LDLC ASVEL Villeurbanne,P015164,"BESSON, HUGO",25,18,02:55,175.0,1025,38,24,3,0,14,True,0,
E2026,6,2,Q2,252,3FGM,Three Pointer (2/3 -  7 pt),TEL,Maccabi Rapyd Tel Aviv,P011052,"MADAR, YAM",26,18,02:39,159.0,1041,38,27,0,3,11,True,0,
E2026,6,2,Q2,253,AS,Assist (2),TEL,Maccabi Rapyd Tel Aviv,P010781,"LUNDBERG, IFFE",0,18,02:37,157.0,1043,38,27,0,0,11,False,0,
E2026,6,2,Q2,254,CM,Foul (1),TEL,Maccabi Rapyd Tel Aviv,P010781,"LUNDBERG, IFFE",0,18,02:29,149.0,1051,38,27,0,0,11,False,0,
E2026,6,2,Q2,255,RV,Foul Drawn (1),ASV,LDLC ASVEL Villeurbanne,P015164,"BESSON, HUGO",25,18,02:29,149.0,1051,38,27,0,0,11,False,0,
E2026,6,2,Q2,256,3FGM,Three Pointer (3/3 -  9 pt),ASV,LDLC ASVEL Villeurbanne,P015166,"CROWDER, JAE",99,18,02:19,139.0,1061,41,27,3,0,14,True,0,
E2026,6,2,Q2,257,AS,Assist (2),ASV,LDLC ASVEL Villeurbanne,P015164,"BESSON, HUGO",25,18,02:16,136.0,1064,41,27,0,0,14,False,0,
E2026,6,2,Q2,258,OF,Offensive Foul (2),TEL,Maccabi Rapyd Tel Aviv,P015085,"WALLACE, KEATON",17,18,02:10,130.0,1070,41,27,0,0,14,False,0,
E2026,6,2,Q2,259,TO,Turnover (1),TEL,Maccabi Rapyd Tel Aviv,P015085,"WALLACE, KEATON",17,18,02:10,130.0,1070,41,27,0,0,14,False,0,
E2026,6,2,Q2,260,RV,Foul Drawn (1),ASV,LDLC ASVEL Villeurbanne,P013900,"GACH, BOTH",14,18,02:10,130.0,1070,41,27,0,0,14,False,0,
E2026,6,2,Q2,261,IN,In,ASV,LDLC ASVEL Villeurbanne,P013269,"CALE, MYLES",0,18,02:10,130.0,1070,41,27,0,0,14,False,0,
E2026,6,2,Q2,262,OUT,Out,ASV,LDLC ASVEL Villeurbanne,P015164,"BESSON, HUGO",25,18,02:10,130.0,1070,41,27,0,0,14,False,0,
E2026,6,2,Q2,263,IN,In,TEL,Maccabi Rapyd Tel Aviv,P014127,"BRISSETT, O'SHAE J",10,18,02:10,130.0,1070,41,27,0,0,14,False,0,
E2026,6,2,Q2,264,OUT,Out,TEL,Maccabi Rapyd Tel Aviv,P015085,"WALLACE, KEATON",17,18,02:10,130.0,1070,41,27,0,0,14,False,0,
E2026,6,2,Q2,266,TOUT,Time Out (1),ASV,LDLC ASVEL Villeurbanne,,,,19,01:56,116.0,1084,41,27,0,0,14,False,0,
E2026,6,2,Q2,267,OUT,Out,ASV,LDLC ASVEL Villeurbanne,P015163,"MILLS, PATTY",8,19,01:56,116.0,1084,41,27,0,0,14,False,0,
E2026,6,2,Q2,268,IN,In,ASV,LDLC ASVEL Villeurbanne,P015165,"WATERS, TREMONT",51,19,01:56,116.0,1084,41,27,0,0,14,False,0,
E2026,6,2,Q2,269,CM,Foul (1),TEL,Maccabi Rapyd Tel Aviv,P011219,"SORKIN, ROMAN",9,19,01:52,112.0,1088,41,27,0,0,14,False,0,
E2026,6,2,Q2,270,RV,Foul Drawn (1),ASV,LDLC ASVEL Villeurbanne,P015166,"CROWDER, JAE",99,19,01:52,112.0,1088,41,27,0,0,14,False,0,
E2026,6,2,Q2,271,FTA,Missed Free Throw (0/1 -  9 pt),ASV,LDLC ASVEL Villeurbanne,P015166,"CROWDER, JAE",99,19,01:52,112.0,1088,41,27,0,0,14,False,0,
E2026,6,2,Q2,272,FTM,Free Throw In (1/2 -  10 pt),ASV,LDLC ASVEL Villeurbanne,P015166,"CROWDER, JAE",99,19,01:52,112.0,1088,42,27,1,0,15,True,0,
E2026,6,2,Q2,273,TO,Turnover (1),TEL,Maccabi Rapyd Tel Aviv,P011219,"SORKIN, ROMAN",9,19,01:35,95.0,1105,42,27,0,0,15,False,0,
E2026,6,2,Q2,274,2FGA,Missed Two Pointer (1/2 -  2 pt),ASV,LDLC ASVEL Villeurbanne,P015165,"WATERS, TREMONT",51,19,01:12,72.0,1128,42,27,0,0,15,False,0,
E2026,6,2,Q2,275,D,Def Rebound (2),TEL,Maccabi Rapyd Tel Aviv,P004132,"THEIS, DANIEL",23,19,01:10,70.0,1130,42,27,0,0,15,False,0,
E2026,6,2,Q2,277,CM,Foul (1),ASV,LDLC ASVEL Villeurbanne,P015165,"WATERS, TREMONT",51,20,00:55,55.0,1145,42,27,0,0,15,False,0,
E2026,6,2,Q2,278,RV,Foul Drawn (2),TEL,Maccabi Rapyd Tel Aviv,P004132,"THEIS, DANIEL",23,20,00:55,55.0,1145,42,27,0,0,15,False,0,
E2026,6,2,Q2,279,FTA,Missed Free Throw (2/3 -  4 pt),TEL,Maccabi Rapyd Tel Aviv,P004132,"THEIS, DANIEL",23,20,00:55,55.0,1145,42,27,0,0,15,False,0,
E2026,6,2,Q2,280,FTM,Free Throw In (3/4 -  5 pt),TEL,Maccabi Rapyd Tel Aviv,P004132,"THEIS, DANIEL",23,20,00:55,55.0,1145,42,28,0,1,14,True,0,
E2026,6,2,Q2,281,TOUT,Time Out (2),ASV,LDLC ASVEL Villeurbanne,,,,20,00:55,55.0,1145,42,28,0,0,14,False,0,
E2026,6,2,Q2,282,IN,In,TEL,Maccabi Rapyd Tel Aviv,P006835,"HOARD, JAYLEN",1,20,00:55,55.0,1145,42,28,0,0,14,False,0,
E2026,6,2,Q2,283,OUT,Out,TEL,Maccabi Rapyd Tel Aviv,P011219,"SORKIN, ROMAN",9,20,00:55,55.0,1145,42,28,0,0,14,False,0,
E2026,6,2,Q2,284,2FGA,Missed Two Pointer (0/2 -  10 pt),ASV,LDLC ASVEL Villeurbanne,P015166,"CROWDER, JAE",99,20,00:34,34.0,1166,42,28,0,0,14,False,0,
E2026,6,2,Q2,285,D,Def Rebound (4),TEL,Maccabi Rapyd Tel Aviv,P014127,"BRISSETT, O'SHAE J",10,20,00:31,31.0,1169,42,28,0,0,14,False,0,
E2026,6,2,Q2,286,CM,Foul (2),ASV,LDLC ASVEL Villeurbanne,P015165,"WATERS, TREMONT",51,20,00:26,26.0,1174,42,28,0,0,14,False,0,
E2026,6,2,Q2,287,RV,Foul Drawn (3),TEL,Maccabi Rapyd Tel Aviv,P004132,"THEIS, DANIEL",23,20,00:26,26.0,1174,42,28,0,0,14,False,0,
E2026,6,2,Q2,288,FTM,Free Throw In (4/5 -  6 pt),TEL,Maccabi Rapyd Tel Aviv,P004132,"THEIS, DANIEL",23,20,00:26,26.0,1174,42,29,0,1,13,True,0,
E2026,6,2,Q2,289,FTM,Free Throw In (5/6 -  7 pt),TEL,Maccabi Rapyd Tel Aviv,P004132,"THEIS, DANIEL",23,20,00:26,26.0,1174,42,30,0,1,12,True,0,
E2026,6,2,Q2,290,3FGA,Missed Three Pointer (0/2 -  0 pt),ASV,LDLC ASVEL Villeurbanne,P013269,"CALE, MYLES",0,20,00:03,3.0,1197,42,30,0,0,12,False,0,
E2026,6,2,Q2,291,D,Def Rebound (5),TEL,Maccabi Rapyd Tel Aviv,P014127,"BRISSETT, O'SHAE J",10,20,00:01,1.0,1199,42,30,0,0,12,False,0,
E2026,6,2,Q2,292,2FGM,Two Pointer (3/3 -  9 pt),TEL,Maccabi Rapyd Tel Aviv,P006835,"HOARD, JAYLEN",1,20,00:00,0.0,1200,42,32,0,2,10,True,0,
E2026,6,2,Q2,293,AS,Assist (4),TEL,Maccabi Rapyd Tel Aviv,P011052,"MADAR, YAM",26,20,00:00,0.0,1200,42,32,0,0,10,False,0,
E2026,6,2,Q2,295,EP,End Period,,,,,,21,,,1260,42,32,0,0,10,False,0,
E2026,6,3,Q3,304,BP,Begin Period,,,,,,21,,,1260,42,32,0,0,10,False,0,
E2026,6,3,Q3,296,OUT,Out,ASV,LDLC ASVEL Villeurbanne,P013269,"CALE, MYLES",0,21,10:00,600.0,1200,42,32,0,0,10,False,0,
E2026,6,3,Q3,297,IN,In,ASV,LDLC ASVEL Villeurbanne,P015161,"FODZO DADA, MARC-OWEN",1,21,10:00,600.0,1200,42,32,0,0,10,False,0,
E2026,6,3,Q3,298,IN,In,ASV,LDLC ASVEL Villeurbanne,P015163,"MILLS, PATTY",8,21,10:00,600.0,1200,42,32,0,0,10,False,0,
E2026,6,3,Q3,299,OUT,Out,ASV,LDLC ASVEL Villeurbanne,P012618,"MASSA, BODIAN",10,21,10:00,600.0,1200,42,32,0,0,10,False,0,
E2026,6,3,Q3,300,IN,In,ASV,LDLC ASVEL Villeurbanne,P009035,"BOLOMBOY, JOEL",21,21,10:00,600.0,1200,42,32,0,0,10,False,0,
E2026,6,3,Q3,301,OUT,Out,ASV,LDLC ASVEL Villeurbanne,P015165,"WATERS, TREMONT",51,21,10:00,600.0,1200,42,32,0,0,10,False,0,
E2026,6,3,Q3,302,IN,In,TEL,Maccabi Rapyd Tel Aviv,P011219,"SORKIN, ROMAN",9,21,10:00,600.0,1200,42,32,0,0,10,False,0,
E2026,6,3,Q3,303,OUT,Out,TEL,Maccabi Rapyd Tel Aviv,P004132,"THEIS, DANIEL",23,21,10:00,600.0,1200,42,32,0,0,10,False,0,
E2026,6,3,Q3,305,2FGM,Two Pointer (2/2 -  4 pt),TEL,Maccabi Rapyd Tel Aviv,P011219,"SORKIN, ROMAN",9,21,09:43,583.0,1217,42,34,0,2,8,True,0,
E2026,6,3,Q3,306,AS,Assist (5),TEL,Maccabi Rapyd Tel Aviv,P011052,"MADAR, YAM",26,21,09:41,581.0,1219,42,34,0,0,8,False,0,
E2026,6,3,Q3,307,CM,Foul (2),TEL,Maccabi Rapyd Tel Aviv,P010781,"LUNDBERG, IFFE",0,21,09:28,568.0,1232,42,34,0,0,8,False,0,
E2026,6,3,Q3,308,RV,Foul Drawn (2),ASV,LDLC ASVEL Villeurbanne,P015163,"MILLS, PATTY",8,21,09:28,568.0,1232,42,34,0,0,8,False,0,
E2026,6,3,Q3,309,2FGM,Two Pointer (1/2 -  5 pt),ASV,LDLC ASVEL Villeurbanne,P015161,"FODZO DADA, MARC-OWEN",1,21,09:19,559.0,1241,44,34,2,0,10,True,0,
E2026,6,3,Q3,310,AS,Assist (3),ASV,LDLC ASVEL Villeurbanne,P015166,"CROWDER, JAE",99,21,09:17,557.0,1243,44,34,0,0,10,False,0,
E2026,6,3,Q3,311,CM,Foul (2),ASV,LDLC ASVEL Villeurbanne,P015166,"CROWDER, JAE",99,21,09:04,544.0,1256,44,34,0,0,10,False,0,
E2026,6,3,Q3,312,RV,Foul Drawn (2),TEL,Maccabi Rapyd Tel Aviv,P011052,"MADAR, YAM",26,21,09:04,544.0,1256,44,34,0,0,10,False,0,
E2026,6,3,Q3,314,CM,Foul (1),ASV,LDLC ASVEL Villeurbanne,P013900,"GACH, BOTH",14,22,08:51,531.0,1269,44,34,0,0,10,False,0,
E2026,6,3,Q3,315,RV,Foul Drawn (3),TEL,Maccabi Rapyd Tel Aviv,P011052,"MADAR, YAM",26,22,08:51,531.0,1269,44,34,0,0,10,False,0,
E2026,6,3,Q3,316,2FGM,Two Pointer (4/4 -  11 pt),TEL,Maccabi Rapyd Tel Aviv,P006835,"HOARD, JAYLEN",1,22,08:35,515.0,1285,44,36,0,2,8,True,0,
E2026,6,3,Q3,317,TO,Turnover (2),ASV,LDLC ASVEL Villeurbanne,P015161,"FODZO DADA, MARC-OWEN",1,22,08:20,500.0,1300,44,36,0,0,8,False,0,
E2026,6,3,Q3,318,ST,Steal (1),TEL,Maccabi Rapyd Tel Aviv,P011219,"SORKIN, ROMAN",9,22,08:18,498.0,1302,44,36,0,0,8,False,0,
E2026,6,3,Q3,319,2FGM,Two Pointer (1/2 -  9 pt),TEL,Maccabi Rapyd Tel Aviv,P011052,"MADAR, YAM",26,22,08:15,495.0,1305,44,38,0,2,6,True,0,
E2026,6,3,Q3,320,AS,Assist (2),TEL,Maccabi Rapyd Tel Aviv,P011219,"SORKIN, ROMAN",9,22,08:12,492.0,1308,44,38,0,0,6,False,0,
E2026,6,3,Q3,322,CM,Foul (3),TEL,Maccabi Rapyd Tel Aviv,P010781,"LUNDBERG, IFFE",0,23,07:56,476.0,1324,44,38,0,0,6,False,0,
E2026,6,3,Q3,323,RV,Foul Drawn (2),ASV,LDLC ASVEL Villeurbanne,P015166,"CROWDER, JAE",99,23,07:56,476.0,1324,44,38,0,0,6,False,0,
E2026,6,3,Q3,324,3FGM,Three Pointer (3/5 -  11 pt),ASV,LDLC ASVEL Villeurbanne,P015163,"MILLS, PATTY",8,23,07:48,468.0,1332,47,38,3,0,9,True,0,
E2026,6,3,Q3,325,AS,Assist (3),ASV,LDLC ASVEL Villeurbanne,P015161,"FODZO DADA, MARC-OWEN",1,23,07:45,465.0,1335,47,38,0,0,9,False,0,
E2026,6,3,Q3,326,3FGM,Three Pointer (1/2 -  7 pt),TEL,Maccabi Rapyd Tel Aviv,P011219,"SORKIN, ROMAN",9,23,07:34,454.0,1346,47,41,0,3,6,True,0,
E2026,6,3,Q3,327,AS,Assist (6),TEL,Maccabi Rapyd Tel Aviv,P011052,"MADAR, YAM",26,23,07:32,452.0,1348,47,41,0,0,6,False,0,
E2026,6,3,Q3,328,2FGA,Missed Two Pointer (1/2 -  11 pt),ASV,LDLC ASVEL Villeurbanne,P015163,"MILLS, PATTY",8,23,07:24,444.0,1356,47,41,0,0,6,False,0,
E2026,6,3,Q3,329,D,Def Rebound (3),TEL,Maccabi Rapyd Tel Aviv,P006835,"HOARD, JAYLEN",1,23,07:22,442.0,1358,47,41,0,0,6,False,0,
E2026,6,3,Q3,330,TO,Turnover (2),TEL,Maccabi Rapyd Tel Aviv,P010781,"LUNDBERG, IFFE",0,23,07:17,437.0,1363,47,41,0,0,6,False,0,
E2026,6,3,Q3,331,ST,Steal (1),ASV,LDLC ASVEL Villeurbanne,P015161,"FODZO DADA, MARC-OWEN",1,23,07:15,435.0,1365,47,41,0,0,6,False,0,
E2026,6,3,Q3,332,2FGM,Two Pointer (2/3 -  7 pt),ASV,LDLC ASVEL Villeurbanne,P015161,"FODZO DADA, MARC-OWEN",1,23,07:15,435.0,1365,49,41,2,0,8,True,0,
E2026,6,3,Q3,333,CM,Foul (1),TEL,Maccabi Rapyd Tel Aviv,P006835,"HOARD, JAYLEN",1,23,07:15,435.0,1365,49,41,0,0,8,False,0,
E2026,6,3,Q3,334,RV,Foul Drawn (1),ASV,LDLC ASVEL Villeurbanne,P015161,"FODZO DADA, MARC-OWEN",1,23,07:15,435.0,1365,49,41,0,0,8,False,0,
E2026,6,3,Q3,335,OUT,Out,TEL,Maccabi Rapyd Tel Aviv,P010781,"LUNDBERG, IFFE",0,23,07:15,435.0,1365,49,41,0,0,8,False,0,
E2026,6,3,Q3,336,IN,In,TEL,Maccabi Rapyd Tel Aviv,P013699,"CLARK III, JIMMY",2,23,07:15,435.0,1365,49,41,0,0,8,False,0,
E2026,6,3,Q3,337,FTA,Missed Free Throw (0/1 -  7 pt),ASV,LDLC ASVEL Villeurbanne,P015161,"FODZO DADA, MARC-OWEN",1,23,07:15,435.0,1365,49,41,0,0,8,False,0,
E2026,6,3,Q3,338,D,Def Rebound (6),TEL,Maccabi Rapyd Tel Aviv,P014127,"BRISSETT, O'SHAE J",10,23,07:15,435.0,1365,49,41,0,0,8,False,0,
E2026,6,3,Q3,339,3FGM,Three Pointer (3/4 -  12 pt),TEL,Maccabi Rapyd Tel Aviv,P011052,"MADAR, YAM",26,23,07:02,422.0,1378,49,44,0,3,5,True,0,
E2026,6,3,Q3,341,AS,Assist (1),TEL,Maccabi Rapyd Tel Aviv,P013699,"CLARK III, JIMMY",2,24,06:59,419.0,1381,49,44,0,0,5,False,0,
E2026,6,3,Q3,342,2FGA,Missed Two Pointer (0/3 -  10 pt),ASV,LDLC ASVEL Villeurbanne,P015166,"CROWDER, JAE",99,24,06:39,399.0,1401,49,44,0,0,5,False,0,
E2026,6,3,Q3,343,D,Def Rebound (2),TEL,Maccabi Rapyd Tel Aviv,P011219,"SORKIN, ROMAN",9,24,06:38,398.0,1402,49,44,0,0,5,False,0,
E2026,6,3,Q3,344,2FGM,Two Pointer (3/3 -  9 pt),TEL,Maccabi Rapyd Tel Aviv,P011219,"SORKIN, ROMAN",9,24,06:31,391.0,1409,49,46,0,2,3,True,0,
E2026,6,3,Q3,345,AS,Assist (2),TEL,Maccabi Rapyd Tel Aviv,P013699,"CLARK III, JIMMY",2,24,06:31,391.0,1409,49,46,0,0,3,False,0,
E2026,6,3,Q3,346,TOUT,Time Out (1),ASV,LDLC ASVEL Villeurbanne,,,,24,06:31,391.0,1409,49,46,0,0,3,False,0,
E2026,6,3,Q3,347,TOUT_TV,TV Time Out (3),,,,,,24,06:31,391.0,1409,49,46,0,0,3,False,0,
E2026,6,3,Q3,348,CM,Foul (2),TEL,Maccabi Rapyd Tel Aviv,P006835,"HOARD, JAYLEN",1,24,06:15,375.0,1425,49,46,0,0,3,False,0,
E2026,6,3,Q3,349,RV,Foul Drawn (3),ASV,LDLC ASVEL Villeurbanne,P015163,"MILLS, PATTY",8,24,06:15,375.0,1425,49,46,0,0,3,False,0,
E2026,6,3,Q3,350,TO,Turnover (1),ASV,LDLC ASVEL Villeurbanne,P015163,"MILLS, PATTY",8,24,06:10,370.0,1430,49,46,0,0,3,False,0,
E2026,6,3,Q3,352,3FGM,Three Pointer (1/1 -  3 pt),TEL,Maccabi Rapyd Tel Aviv,P013699,"CLARK III, JIMMY",2,25,05:50,350.0,1450,49,49,0,3,0,True,0,
E2026,6,3,Q3,353,TO,Turnover (3),ASV,LDLC ASVEL Villeurbanne,P015161,"FODZO DADA, MARC-OWEN",1,25,05:35,335.0,1465,49,49,0,0,0,False,0,
E2026,6,3,Q3,354,ST,Steal (1),TEL,Maccabi Rapyd Tel Aviv,P014127,"BRISSETT, O'SHAE J",10,25,05:34,334.0,1466,49,49,0,0,0,False,0,
E2026,6,3,Q3,355,2FGM,Two Pointer (1/2 -  4 pt),TEL,Maccabi Rapyd Tel Aviv,P014127,"BRISSETT, O'SHAE J",10,25,05:28,328.0,1472,49,51,0,2,-2,True,0,
E2026,6,3,Q3,356,AS,Assist (3),TEL,Maccabi Rapyd Tel Aviv,P013699,"CLARK III, JIMMY",2,25,05:26,326.0,1474,49,51,0,0,-2,False,0,
E2026,6,3,Q3,357,CM,Foul (1),TEL,Maccabi Rapyd Tel Aviv,P014127,"BRISSETT, O'SHAE J",10,25,05:18,318.0,1482,49,51,0,0,-2,False,0,
E2026,6,3,Q3,358,RV,Foul Drawn (3),ASV,LDLC ASVEL Villeurbanne,P015166,"CROWDER, JAE",99,25,05:18,318.0,1482,49,51,0,0,-2,False,0,
E2026,6,3,Q3,359,OUT,Out,ASV,LDLC ASVEL Villeurbanne,P015161,"FODZO DADA, MARC-OWEN",1,25,05:18,318.0,1482,49,51,0,0,-2,False,0,
E2026,6,3,Q3,360,OUT,Out,ASV,LDLC ASVEL Villeurbanne,P015163,"MILLS, PATTY",8,25,05:18,318.0,1482,49,51,0,0,-2,False,0,
E2026,6,3,Q3,361,OUT,Out,ASV,LDLC ASVEL Villeurbanne,P013900,"GACH, BOTH",14,25,05:18,318.0,1482,49,51,0,0,-2,False,0,
E2026,6,3,Q3,362,IN,In,ASV,LDLC ASVEL Villeurbanne,P003526,"LIGHTY, DAVID",23,25,05:18,318.0,1482,49,51,0,0,-2,False,0,
E2026,6,3,Q3,363,IN,In,ASV,LDLC ASVEL Villeurbanne,P015164,"BESSON, HUGO",25,25,05:18,318.0,1482,49,51,0,0,-2,False,0,
E2026,6,3,Q3,364,IN,In,ASV,LDLC ASVEL Villeurbanne,P015165,"WATERS, TREMONT",51,25,05:18,318.0,1482,49,51,0,0,-2,False,0,
E2026,6,3,Q3,365,FTM,Free Throw In (2/3 -  11 pt),ASV,LDLC ASVEL Villeurbanne,P015166,"CROWDER, JAE",99,25,05:18,318.0,1482,50,51,1,0,-1,True,0,
E2026,6,3,Q3,366,FTM,Free Throw In (3/4 -  12 pt),ASV,LDLC ASVEL Villeurbanne,P015166,"CROWDER, JAE",99,25,05:18,318.0,1482,51,51,1,0,0,True,0,
E2026,6,3,Q3,368,OF,Offensive Foul (1),TEL,Maccabi Rapyd Tel Aviv,P013699,"CLARK III, JIMMY",2,26,04:57,297.0,1503,51,51,0,0,0,False,0,
E2026,6,3,Q3,369,TO,Turnover (1),TEL,Maccabi Rapyd Tel Aviv,P013699,"CLARK III, JIMMY",2,26,04:57,297.0,1503,51,51,0,0,0,False,0,
E2026,6,3,Q3,370,RV,Foul Drawn (2),ASV,LDLC ASVEL Villeurbanne,P015164,"BESSON, HUGO",25,26,04:57,297.0,1503,51,51,0,0,0,False,0,
E2026,6,3,Q3,371,OUT,Out,TEL,Maccabi Rapyd Tel Aviv,P006835,"HOARD, JAYLEN",1,26,04:57,297.0,1503,51,51,0,0,0,False,0,
E2026,6,3,Q3,372,IN,In,TEL,Maccabi Rapyd Tel Aviv,P004132,"THEIS, DANIEL",23,26,04:57,297.0,1503,51,51,0,0,0,False,0,
E2026,6,3,Q3,373,3FGA,Missed Three Pointer (2/3 -  8 pt),ASV,LDLC ASVEL Villeurbanne,P015164,"BESSON, HUGO",25,26,04:45,285.0,1515,51,51,0,0,0,False,0,
E2026,6,3,Q3,374,D,Def Rebound (7),TEL,Maccabi Rapyd Tel Aviv,P014127,"BRISSETT, O'SHAE J",10,26,04:43,283.0,1517,51,51,0,0,0,False,0,
E2026,6,3,Q3,375,CM,Foul (2),ASV,LDLC ASVEL Villeurbanne,P015164,"BESSON, HUGO",25,26,04:28,268.0,1532,51,51,0,0,0,False,0,
E2026,6,3,Q3,376,RV,Foul Drawn (4),TEL,Maccabi Rapyd Tel Aviv,P004132,"THEIS, DANIEL",23,26,04:28,268.0,1532,51,51,0,0,0,False,0,
E2026,6,3,Q3,377,2FGM,Two Pointer (2/2 -  9 pt),TEL,Maccabi Rapyd Tel Aviv,P004132,"THEIS, DANIEL",23,26,04:17,257.0,1543,51,53,0,2,-2,True,0,
E2026,6,3,Q3,378,AS,Assist (7),TEL,Maccabi Rapyd Tel Aviv,P011052,"MADAR, YAM",26,26,04:15,255.0,1545,51,53,0,0,-2,False,0,
E2026,6,3,Q3,380,2FGA,Missed Two Pointer (1/3 -  8 pt),ASV,LDLC ASVEL Villeurbanne,P015164,"BESSON, HUGO",25,26,04:00,240.0,1560,51,53,0,0,-2,False,0,
E2026,6,3,Q3,381,O,Off Rebound (2),ASV,LDLC ASVEL Villeurbanne,,,,26,04:00,240.0,1560,51,53,0,0,-2,False,0,
E2026,6,3,Q3,382,IN,In,TEL,Maccabi Rapyd Tel Aviv,P015085,"WALLACE, KEATON",17,26,04:00,240.0,1560,51,53,0,0,-2,False,0,
E2026,6,3,Q3,383,OUT,Out,TEL,Maccabi Rapyd Tel Aviv,P011052,"MADAR, YAM",26,26,04:00,240.0,1560,51,53,0,0,-2,False,0,
E2026,6,3,Q3,384,OF,Offensive Foul (3),ASV,LDLC ASVEL Villeurbanne,P015164,"BESSON, HUGO",25,26,04:00,240.0,1560,51,53,0,0,-2,False,0,
E2026,6,3,Q3,385,TO,Turnover (2),ASV,LDLC ASVEL Villeurbanne,P015164,"BESSON, HUGO",25,26,04:00,240.0,1560,51,53,0,0,-2,False,0,
E2026,6,3,Q3,386,RV,Foul Drawn (2),TEL,Maccabi Rapyd Tel Aviv,P014127,"BRISSETT, O'SHAE J",10,26,04:00,240.0,1560,51,53,0,0,-2,False,0,
E2026,6,3,Q3,388,2FGA,Missed Two Pointer (1/3 -  4 pt),TEL,Maccabi Rapyd Tel Aviv,P014127,"BRISSETT, O'SHAE J",10,27,03:33,213.0,1587,51,53,0,0,-2,False,0,
E2026,6,3,Q3,389,O,Off Rebound (1),TEL,Maccabi Rapyd Tel Aviv,P011219,"SORKIN, ROMAN",9,27,03:31,211.0,1589,51,53,0,0,-2,False,0,
E2026,6,3,Q3,390,2FGA,Missed Two Pointer (3/4 -  9 pt),TEL,Maccabi Rapyd Tel Aviv,P011219,"SORKIN, ROMAN",9,27,03:31,211.0,1589,51,53,0,0,-2,False,0,
E2026,6,3,Q3,391,D,Def Rebound (4),ASV,LDLC ASVEL Villeurbanne,P009035,"BOLOMBOY, JOEL",21,27,03:28,208.0,1592,51,53,0,0,-2,False,0,
E2026,6,3,Q3,392,CM,Foul (3),TEL,Maccabi Rapyd Tel Aviv,P015085,"WALLACE, KEATON",17,27,03:24,204.0,1596,51,53,0,0,-2,False,0,
E2026,6,3,Q3,393,RV,Foul Drawn (1),ASV,LDLC ASVEL Villeurbanne,P003526,"LIGHTY, DAVID",23,27,03:24,204.0,1596,51,53,0,0,-2,False,0,
E2026,6,3,Q3,394,IN,In,ASV,LDLC ASVEL Villeurbanne,P006832,"PONS, YVES",35,27,03:24,204.0,1596,51,53,0,0,-2,False,0,
E2026,6,3,Q3,395,OUT,Out,ASV,LDLC ASVEL Villeurbanne,P015166,"CROWDER, JAE",99,27,03:24,204.0,1596,51,53,0,0,-2,False,0,
E2026,6,3,Q3,396,IN,In,TEL,Maccabi Rapyd Tel Aviv,P006835,"HOARD, JAYLEN",1,27,03:24,204.0,1596,51,53,0,0,-2,False,0,
E2026,6,3,Q3,397,OUT,Out,TEL,Maccabi Rapyd Tel Aviv,P011219,"SORKIN, ROMAN",9,27,03:24,204.0,1596,51,53,0,0,-2,False,0,
E2026,6,3,Q3,398,FTM,Free Throw In (1/1 -  9 pt),ASV,LDLC ASVEL Villeurbanne,P003526,"LIGHTY, DAVID",23,27,03:24,204.0,1596,52,53,1,0,-1,True,0,
E2026,6,3,Q3,399,FTM,Free Throw In (2/2 -  10 pt),ASV,LDLC ASVEL Villeurbanne,P003526,"LIGHTY, DAVID",23,27,03:24,204.0,1596,53,53,1,0,0,True,0,
E2026,6,3,Q3,400,2FGM,Two Pointer (1/1 -  5 pt),TEL,Maccabi Rapyd Tel Aviv,P013699,"CLARK III, JIMMY",2,27,03:11,191.0,1609,53,55,0,2,-2,True,0,
E2026,6,3,Q3,402,3FGA,Missed Three Pointer (2/3 -  10 pt),ASV,LDLC ASVEL Villeurbanne,P003526,"LIGHTY, DAVID",23,28,02:59,179.0,1621,53,55,0,0,-2,False,0,
E2026,6,3,Q3,403,D,Def Rebound (1),TEL,Maccabi Rapyd Tel Aviv,P013699,"CLARK III, JIMMY",2,28,02:54,174.0,1626,53,55,0,0,-2,False,0,
E2026,6,3,Q3,404,TO,Turnover (2),TEL,Maccabi Rapyd Tel Aviv,P013699,"CLARK III, JIMMY",2,28,02:53,173.0,1627,53,55,0,0,-2,False,0,
E2026,6,3,Q3,405,ST,Steal (1),ASV,LDLC ASVEL Villeurbanne,P009035,"BOLOMBOY, JOEL",21,28,02:51,171.0,1629,53,55,0,0,-2,False,0,
E2026,6,3,Q3,406,TO,Turnover (2),ASV,LDLC ASVEL Villeurbanne,P009035,"BOLOMBOY, JOEL",21,28,02:50,170.0,1630,53,55,0,0,-2,False,0,
E2026,6,3,Q3,407,ST,Steal (2),TEL,Maccabi Rapyd Tel Aviv,P015085,"WALLACE, KEATON",17,28,02:49,169.0,1631,53,55,0,0,-2,False,0,
E2026,6,3,Q3,408,2FGM,Two Pointer (2/4 -  6 pt),TEL,Maccabi Rapyd Tel Aviv,P014127,"BRISSETT, O'SHAE J",10,28,02:44,164.0,1636,53,57,0,2,-4,True,0,
E2026,6,3,Q3,409,AS,Assist (4),TEL,Maccabi Rapyd Tel Aviv,P013699,"CLARK III, JIMMY",2,28,02:42,162.0,1638,53,57,0,0,-4,False,0,
E2026,6,3,Q3,410,3FGM,Three Pointer (1/1 -  3 pt),ASV,LDLC ASVEL Villeurbanne,P006832,"PONS, YVES",35,28,02:27,147.0,1653,56,57,3,0,-1,True,0,
E2026,6,3,Q3,411,AS,Assist (3),ASV,LDLC ASVEL Villeurbanne,P015164,"BESSON, HUGO",25,28,02:25,145.0,1655,56,57,0,0,-1,False,0,
E2026,6,3,Q3,412,TO,Turnover (3),TEL,Maccabi Rapyd Tel Aviv,P013699,"CLARK III, JIMMY",2,28,02:11,131.0,1669,56,57,0,0,-1,False,0,
E2026,6,3,Q3,413,ST,Steal (1),ASV,LDLC ASVEL Villeurbanne,P015165,"WATERS, TREMONT",51,28,02:09,129.0,1671,56,57,0,0,-1,False,0,
E2026,6,3,Q3,415,3FGA,Missed Three Pointer (2/4 -  8 pt),ASV,LDLC ASVEL Villeurbanne,P015164,"BESSON, HUGO",25,29,01:58,118.0,1682,56,57,0,0,-1,False,0,
E2026,6,3,Q3,416,O,Off Rebound (1),ASV,LDLC ASVEL Villeurbanne,P006832,"PONS, YVES",35,29,01:56,116.0,1684,56,57,0,0,-1,False,0,
E2026,6,3,Q3,417,3FGA,Missed Three Pointer (2/5 -  8 pt),ASV,LDLC ASVEL Villeurbanne,P015164,"BESSON, HUGO",25,29,01:52,112.0,1688,56,57,0,0,-1,False,0,
E2026,6,3,Q3,418,O,Off Rebound (2),ASV,LDLC ASVEL Villeurbanne,P006832,"PONS, YVES",35,29,01:50,110.0,1690,56,57,0,0,-1,False,0,
E2026,6,3,Q3,419,3FGM,Three Pointer (2/2 -  6 pt),ASV,LDLC ASVEL Villeurbanne,P006832,"PONS, YVES",35,29,01:46,106.0,1694,59,57,3,0,2,True,0,
E2026,6,3,Q3,420,3FGA,Missed Three Pointer (0/3 -  6 pt),TEL,Maccabi Rapyd Tel Aviv,P014127,"BRISSETT, O'SHAE J",10,29,01:34,94.0,1706,59,57,0,0,2,False,0,
E2026,6,3,Q3,421,D,Def Rebound (5),ASV,LDLC ASVEL Villeurbanne,P009035,"BOLOMBOY, JOEL",21,29,01:32,92.0,1708,59,57,0,0,2,False,0,
E2026,6,3,Q3,422,3FGA,Missed Three Pointer (2/3 -  6 pt),ASV,LDLC ASVEL Villeurbanne,P006832,"PONS, YVES",35,29,01:24,84.0,1716,59,57,0,0,2,False,0,
E2026,6,3,Q3,423,D,Def Rebound (2),TEL,Maccabi Rapyd Tel Aviv,P015085,"WALLACE, KEATON",17,29,01:22,82.0,1718,59,57,0,0,2,False,0,
E2026,6,3,Q3,424,3FGA,Missed Three Pointer (0/4 -  6 pt),TEL,Maccabi Rapyd Tel Aviv,P014127,"BRISSETT, O'SHAE J",10,29,01:01,61.0,1739,59,57,0,0,2,False,0,
E2026,6,3,Q3,426,D,Def Rebound (1),ASV,LDLC ASVEL Villeurbanne,P015165,"WATERS, TREMONT",51,30,00:59,59.0,1741,59,57,0,0,2,False,0,
E2026,6,3,Q3,427,2FGM,Two Pointer (1/1 -  8 pt),ASV,LDLC ASVEL Villeurbanne,P006832,"PONS, YVES",35,30,00:41,41.0,1759,61,57,2,0,4,True,0,
E2026,6,3,Q3,428,AS,Assist (1),ASV,LDLC ASVEL Villeurbanne,P015165,"WATERS, TREMONT",51,30,00:41,41.0,1759,61,57,0,0,4,False,0,
E2026,6,3,Q3,429,CM,Foul (2),TEL,Maccabi Rapyd Tel Aviv,P013699,"CLARK III, JIMMY",2,30,00:41,41.0,1759,61,57,0,0,4,False,0,
E2026,6,3,Q3,430,RV,Foul Drawn (1),ASV,LDLC ASVEL Villeurbanne,P006832,"PONS, YVES",35,30,00:41,41.0,1759,61,57,0,0,4,False,0,
E2026,6,3,Q3,431,IN,In,ASV,LDLC ASVEL Villeurbanne,P012618,"MASSA, BODIAN",10,30,00:41,41.0,1759,61,57,0,0,4,False,0,
E2026,6,3,Q3,432,OUT,Out,ASV,LDLC ASVEL Villeurbanne,P009035,"BOLOMBOY, JOEL",21,30,00:41,41.0,1759,61,57,0,0,4,False,0,
E2026,6,3,Q3,433,IN,In,ASV,LDLC ASVEL Villeurbanne,P013269,"CALE, MYLES",0,30,00:41,41.0,1759,61,57,0,0,4,False,0,
E2026,6,3,Q3,434,OUT,Out,ASV,LDLC ASVEL Villeurbanne,P015164,"BESSON, HUGO",25,30,00:41,41.0,1759,61,57,0,0,4,False,0,
E2026,6,3,Q3,435,IN,In,TEL,Maccabi Rapyd Tel Aviv,P010781,"LUNDBERG, IFFE",0,30,00:41,41.0,1759,61,57,0,0,4,False,0,
E2026,6,3,Q3,436,OUT,Out,TEL,Maccabi Rapyd Tel Aviv,P013699,"CLARK III, JIMMY",2,30,00:41,41.0,1759,61,57,0,0,4,False,0,
E2026,6,3,Q3,437,OUT,Out,TEL,Maccabi Rapyd Tel Aviv,P014127,"BRISSETT, O'SHAE J",10,30,00:41,41.0,1759,61,57,0,0,4,False,0,
E2026,6,3,Q3,438,IN,In,TEL,Maccabi Rapyd Tel Aviv,P013381,"RAYMAN, WILLIAM",11,30,00:41,41.0,1759,61,57,0,0,4,False,0,
E2026,6,3,Q3,439,FTM,Free Throw In (1/1 -  9 pt),ASV,LDLC ASVEL Villeurbanne,P006832,"PONS, YVES",35,30,00:41,41.0,1759,62,57,1,0,5,True,0,
E2026,6,3,Q3,440,OF,Offensive Foul (4),TEL,Maccabi Rapyd Tel Aviv,P015085,"WALLACE, KEATON",17,30,00:25,25.0,1775,62,57,0,0,5,False,0,
E2026,6,3,Q3,441,TO,Turnover (2),TEL,Maccabi Rapyd Tel Aviv,P015085,"WALLACE, KEATON",17,30,00:25,25.0,1775,62,57,0,0,5,False,0,
E2026,6,3,Q3,442,RV,Foul Drawn (2),ASV,LDLC ASVEL Villeurbanne,P015165,"WATERS, TREMONT",51,30,00:25,25.0,1775,62,57,0,0,5,False,0,
E2026,6,3,Q3,443,IN,In,TEL,Maccabi Rapyd Tel Aviv,P007990,"DIBARTOLOMEO, JOHN",12,30,00:25,25.0,1775,62,57,0,0,5,False,0,
E2026,6,3,Q3,444,OUT,Out,TEL,Maccabi Rapyd Tel Aviv,P015085,"WALLACE, KEATON",17,30,00:25,25.0,1775,62,57,0,0,5,False,0,
E2026,6,3,Q3,445,3FGA,Missed Three Pointer (0/4 -  2 pt),ASV,LDLC ASVEL Villeurbanne,P015165,"WATERS, TREMONT",51,30,00:02,2.0,1798,62,57,0,0,5,False,0,
E2026,6,3,Q3,447,D,Def Rebound (5),TEL,Maccabi Rapyd Tel Aviv,,,,30,00:02,2.0,1798,62,57,0,0,5,False,0,
E2026,6,3,Q3,448,IN,In,ASV,LDLC ASVEL Villeurbanne,P013900,"GACH, BOTH",14,30,00:02,2.0,1798,62,57,0,0,5,False,0,
E2026,6,3,Q3,449,OUT,Out,ASV,LDLC ASVEL Villeurbanne,P015165,"WATERS, TREMONT",51,30,00:02,2.0,1798,62,57,0,0,5,False,0,
E2026,6,3,Q3,450,OUT,Out,TEL,Maccabi Rapyd Tel Aviv,P006835,"HOARD, JAYLEN",1,30,00:02,2.0,1798,62,57,0,0,5,False,0,
E2026,6,3,Q3,451,IN,In,TEL,Maccabi Rapyd Tel Aviv,P013699,"CLARK III, JIMMY",2,30,00:02,2.0,1798,62,57,0,0,5,False,0,
E2026,6,3,Q3,452,OUT,Out,TEL,Maccabi Rapyd Tel Aviv,P013381,"RAYMAN, WILLIAM",11,30,00:02,2.0,1798,62,57,0,0,5,False,0,
E2026,6,3,Q3,453,IN,In,TEL,Maccabi Rapyd Tel Aviv,P011052,"MADAR, YAM",26,30,00:02,2.0,1798,62,57,0,0,5,False,0,
E2026,6,3,Q3,454,3FGA,Missed Three Pointer (3/5 -  12 pt),TEL,Maccabi Rapyd Tel Aviv,P011052,"MADAR, YAM",26,30,00:00,0.0,1800,62,57,0,0,5,False,0,
E2026,6,3,Q3,456,EP,End Period,,,,,,31,,,1860,62,57,0,0,5,False,0,
E2026,6,4,Q4,463,BP,Begin Period,,,,,,31,,,1860,62,57,0,0,5,False,0,
E2026,6,4,Q4,457,OUT,Out,ASV,LDLC ASVEL Villeurbanne,P013269,"CALE, MYLES",0,31,10:00,600.0,1800,62,57,0,0,5,False,0,
E2026,6,4,Q4,458,IN,In,ASV,LDLC ASVEL Villeurbanne,P015165,"WATERS, TREMONT",51,31,10:00,600.0,1800,62,57,0,0,5,False,0,
E2026,6,4,Q4,459,OUT,Out,TEL,Maccabi Rapyd Tel Aviv,P013699,"CLARK III, JIMMY",2,31,10:00,600.0,1800,62,57,0,0,5,False,0,
E2026,6,4,Q4,460,IN,In,TEL,Maccabi Rapyd Tel Aviv,P011219,"SORKIN, ROMAN",9,31,10:00,600.0,1800,62,57,0,0,5,False,0,
E2026,6,4,Q4,461,IN,In,TEL,Maccabi Rapyd Tel Aviv,P013381,"RAYMAN, WILLIAM",11,31,10:00,600.0,1800,62,57,0,0,5,False,0,
E2026,6,4,Q4,462,OUT,Out,TEL,Maccabi Rapyd Tel Aviv,P011052,"MADAR, YAM",26,31,10:00,600.0,1800,62,57,0,0,5,False,0,
E2026,6,4,Q4,464,3FGA,Missed Three Pointer (0/5 -  2 pt),ASV,LDLC ASVEL Villeurbanne,P015165,"WATERS, TREMONT",51,31,09:38,578.0,1822,62,57,0,0,5,False,0,
E2026,6,4,Q4,465,O,Off Rebound (3),ASV,LDLC ASVEL Villeurbanne,,,,31,09:38,578.0,1822,62,57,0,0,5,False,0,
E2026,6,4,Q4,466,CM,Foul (4),TEL,Maccabi Rapyd Tel Aviv,P010781,"LUNDBERG, IFFE",0,31,09:38,578.0,1822,62,57,0,0,5,False,0,
E2026,6,4,Q4,467,RV,Foul Drawn (2),ASV,LDLC ASVEL Villeurbanne,P003526,"LIGHTY, DAVID",23,31,09:38,578.0,1822,62,57,0,0,5,False,0,
E2026,6,4,Q4,468,OUT,Out,TEL,Maccabi Rapyd Tel Aviv,P010781,"LUNDBERG, IFFE",0,31,09:38,578.0,1822,62,57,0,0,5,False,0,
E2026,6,4,Q4,469,IN,In,TEL,Maccabi Rapyd Tel Aviv,P011052,"MADAR, YAM",26,31,09:38,578.0,1822,62,57,0,0,5,False,0,
E2026,6,4,Q4,470,2FGA,Missed Two Pointer (1/2 -  10 pt),ASV,LDLC ASVEL Villeurbanne,P003526,"LIGHTY, DAVID",23,31,09:38,578.0,1822,62,57,0,0,5,False,0,
E2026,6,4,Q4,471,D,Def Rebound (2),TEL,Maccabi Rapyd Tel Aviv,P011052,"MADAR, YAM",26,31,09:38,578.0,1822,62,57,0,0,5,False,0,
E2026,6,4,Q4,472,2FGM,Two Pointer (4/5 -  11 pt),TEL,Maccabi Rapyd Tel Aviv,P011219,"SORKIN, ROMAN",9,31,09:38,578.0,1822,62,59,0,2,3,True,0,
E2026,6,4,Q4,473,AS,Assist (8),TEL,Maccabi Rapyd Tel Aviv,P011052,"MADAR, YAM",26,31,09:14,554.0,1846,62,59,0,0,3,False,0,
E2026,6,4,Q4,474,OF,Offensive Foul (2),ASV,LDLC ASVEL Villeurbanne,P012618,"MASSA, BODIAN",10,31,09:06,546.0,1854,62,59,0,0,3,False,0,
E2026,6,4,Q4,475,TO,Turnover (1),ASV,LDLC ASVEL Villeurbanne,P012618,"MASSA, BODIAN",10,31,09:06,546.0,1854,62,59,0,0,3,False,0,
E2026,6,4,Q4,476,RV,Foul Drawn (1),TEL,Maccabi Rapyd Tel Aviv,P013381,"RAYMAN, WILLIAM",11,31,09:06,546.0,1854,62,59,0,0,3,False,0,
E2026,6,4,Q4,478,CM,Foul (3),ASV,LDLC ASVEL Villeurbanne,P015165,"WATERS, TREMONT",51,32,08:53,533.0,1867,62,59,0,0,3,False,0,
E2026,6,4,Q4,479,RV,Foul Drawn (4),TEL,Maccabi Rapyd Tel Aviv,P011052,"MADAR, YAM",26,32,08:53,533.0,1867,62,59,0,0,3,False,0,
E2026,6,4,Q4,480,IN,In,ASV,LDLC ASVEL Villeurbanne,P015161,"FODZO DADA, MARC-OWEN",1,32,08:53,533.0,1867,62,59,0,0,3,False,0,
E2026,6,4,Q4,481,IN,In,ASV,LDLC ASVEL Villeurbanne,P015163,"MILLS, PATTY",8,32,08:53,533.0,1867,62,59,0,0,3,False,0,
E2026,6,4,Q4,482,OUT,Out,ASV,LDLC ASVEL Villeurbanne,P012618,"MASSA, BODIAN",10,32,08:53,533.0,1867,62,59,0,0,3,False,0,
E2026,6,4,Q4,483,OUT,Out,ASV,LDLC ASVEL Villeurbanne,P013900,"GACH, BOTH",14,32,08:53,533.0,1867,62,59,0,0,3,False,0,
E2026,6,4,Q4,484,IN,In,ASV,LDLC ASVEL Villeurbanne,P009035,"BOLOMBOY, JOEL",21,32,08:53,533.0,1867,62,59,0,0,3,False,0,
E2026,6,4,Q4,485,OUT,Out,ASV,LDLC ASVEL Villeurbanne,P006832,"PONS, YVES",35,32,08:53,533.0,1867,62,59,0,0,3,False,0,
E2026,6,4,Q4,486,OUT,Out,ASV,LDLC ASVEL Villeurbanne,P015165,"WATERS, TREMONT",51,32,08:53,533.0,1867,62,59,0,0,3,False,0,
E2026,6,4,Q4,487,IN,In,ASV,LDLC ASVEL Villeurbanne,P015166,"CROWDER, JAE",99,32,08:53,533.0,1867,62,59,0,0,3,False,0,
E2026,6,4,Q4,488,FTA,Missed Free Throw (1/3 -  12 pt),TEL,Maccabi Rapyd Tel Aviv,P011052,"MADAR, YAM",26,32,08:53,533.0,1867,62,59,0,0,3,False,0,
E2026,6,4,Q4,489,FTM,Free Throw In (2/4 -  13 pt),TEL,Maccabi Rapyd Tel Aviv,P011052,"MADAR, YAM",26,32,08:53,533.0,1867,62,60,0,1,2,True,0,
E2026,6,4,Q4,490,CM,Foul (2),TEL,Maccabi Rapyd Tel Aviv,P013381,"RAYMAN, WILLIAM",11,32,08:46,526.0,1874,62,60,0,0,2,False,0,
E2026,6,4,Q4,491,RV,Foul Drawn (4),ASV,LDLC ASVEL Villeurbanne,P015166,"CROWDER, JAE",99,32,08:46,526.0,1874,62,60,0,0,2,False,0,
E2026,6,4,Q4,492,3FGM,Three Pointer (2/2 -  10 pt),ASV,LDLC ASVEL Villeurbanne,P015161,"FODZO DADA, MARC-OWEN",1,32,08:32,512.0,1888,65,60,3,0,5,True,0,
E2026,6,4,Q4,493,AS,Assist (1),ASV,LDLC ASVEL Villeurbanne,P003526,"LIGHTY, DAVID",23,32,08:30,510.0,1890,65,60,0,0,5,False,0,
E2026,6,4,Q4,494,TO,Turnover (3),TEL,Maccabi Rapyd Tel Aviv,P004132,"THEIS, DANIEL",23,32,08:13,493.0,1907,65,60,0,0,5,False,0,
E2026,6,4,Q4,495,ST,Steal (2),ASV,LDLC ASVEL Villeurbanne,P009035,"BOLOMBOY, JOEL",21,32,08:12,492.0,1908,65,60,0,0,5,False,0,
E2026,6,4,Q4,496,CM,Foul (1),TEL,Maccabi Rapyd Tel Aviv,P007990,"DIBARTOLOMEO, JOHN",12,32,08:10,490.0,1910,65,60,0,0,5,False,0,
E2026,6,4,Q4,497,RV,Foul Drawn (2),ASV,LDLC ASVEL Villeurbanne,P015161,"FODZO DADA, MARC-OWEN",1,32,08:10,490.0,1910,65,60,0,0,5,False,0,
E2026,6,4,Q4,498,OUT,Out,ASV,LDLC ASVEL Villeurbanne,P003526,"LIGHTY, DAVID",23,32,08:10,490.0,1910,65,60,0,0,5,False,0,
E2026,6,4,Q4,499,IN,In,ASV,LDLC ASVEL Villeurbanne,P015164,"BESSON, HUGO",25,32,08:10,490.0,1910,65,60,0,0,5,False,0,
E2026,6,4,Q4,501,3FGA,Missed Three Pointer (3/6 -  11 pt),ASV,LDLC ASVEL Villeurbanne,P015163,"MILLS, PATTY",8,33,07:53,473.0,1927,65,60,0,0,5,False,0,
E2026,6,4,Q4,502,D,Def Rebound (3),TEL,Maccabi Rapyd Tel Aviv,P011219,"SORKIN, ROMAN",9,33,07:51,471.0,1929,65,60,0,0,5,False,0,
E2026,6,4,Q4,503,TO,Turnover (4),TEL,Maccabi Rapyd Tel Aviv,P004132,"THEIS, DANIEL",23,33,07:38,458.0,1942,65,60,0,0,5,False,0,
E2026,6,4,Q4,504,ST,Steal (3),ASV,LDLC ASVEL Villeurbanne,P009035,"BOLOMBOY, JOEL",21,33,07:36,456.0,1944,65,60,0,0,5,False,0,
E2026,6,4,Q4,505,CM,Foul (2),TEL,Maccabi Rapyd Tel Aviv,P004132,"THEIS, DANIEL",23,33,07:17,437.0,1963,65,60,0,0,5,False,0,
E2026,6,4,Q4,506,RV,Foul Drawn (3),ASV,LDLC ASVEL Villeurbanne,P015161,"FODZO DADA, MARC-OWEN",1,33,07:17,437.0,1963,65,60,0,0,5,False,0,
E2026,6,4,Q4,507,IN,In,TEL,Maccabi Rapyd Tel Aviv,P006835,"HOARD, JAYLEN",1,33,07:17,437.0,1963,65,60,0,0,5,False,0,
E2026,6,4,Q4,508,IN,In,TEL,Maccabi Rapyd Tel Aviv,P013699,"CLARK III, JIMMY",2,33,07:17,437.0,1963,65,60,0,0,5,False,0,
E2026,6,4,Q4,509,IN,In,TEL,Maccabi Rapyd Tel Aviv,P014127,"BRISSETT, O'SHAE J",10,33,07:17,437.0,1963,65,60,0,0,5,False,0,
E2026,6,4,Q4,510,OUT,Out,TEL,Maccabi Rapyd Tel Aviv,P013381,"RAYMAN, WILLIAM",11,33,07:17,437.0,1963,65,60,0,0,5,False,0,
E2026,6,4,Q4,511,OUT,Out,TEL,Maccabi Rapyd Tel Aviv,P007990,"DIBARTOLOMEO, JOHN",12,33,07:17,437.0,1963,65,60,0,0,5,False,0,
E2026,6,4,Q4,512,OUT,Out,TEL,Maccabi Rapyd Tel Aviv,P004132,"THEIS, DANIEL",23,33,07:17,437.0,1963,65,60,0,0,5,False,0,
E2026,6,4,Q4,513,FTM,Free Throw In (1/2 -  11 pt),ASV,LDLC ASVEL Villeurbanne,P015161,"FODZO DADA, MARC-OWEN",1,33,07:17,437.0,1963,66,60,1,0,6,True,0,
E2026,6,4,Q4,514,FTM,Free Throw In (2/3 -  12 pt),ASV,LDLC ASVEL Villeurbanne,P015161,"FODZO DADA, MARC-OWEN",1,33,07:17,437.0,1963,67,60,1,0,7,True,0,
E2026,6,4,Q4,515,2FGA,Missed Two Pointer (1/2 -  5 pt),TEL,Maccabi Rapyd Tel Aviv,P013699,"CLARK III, JIMMY",2,33,07:05,425.0,1975,67,60,0,0,7,False,0,
E2026,6,4,Q4,516,O,Off Rebound (1),TEL,Maccabi Rapyd Tel Aviv,P006835,"HOARD, JAYLEN",1,33,07:05,425.0,1975,67,60,0,0,7,False,0,
E2026,6,4,Q4,517,CM,Foul (3),ASV,LDLC ASVEL Villeurbanne,P009035,"BOLOMBOY, JOEL",21,33,07:05,425.0,1975,67,60,0,0,7,False,0,
E2026,6,4,Q4,518,RV,Foul Drawn (4),TEL,Maccabi Rapyd Tel Aviv,P006835,"HOARD, JAYLEN",1,33,07:05,425.0,1975,67,60,0,0,7,False,0,
E2026,6,4,Q4,519,IN,In,ASV,LDLC ASVEL Villeurbanne,P012618,"MASSA, BODIAN",10,33,07:05,425.0,1975,67,60,0,0,7,False,0,
E2026,6,4,Q4,520,OUT,Out,ASV,LDLC ASVEL Villeurbanne,P009035,"BOLOMBOY, JOEL",21,33,07:05,425.0,1975,67,60,0,0,7,False,0,
E2026,6,4,Q4,521,2FGM,Two Pointer (3/5 -  8 pt),TEL,Maccabi Rapyd Tel Aviv,P014127,"BRISSETT, O'SHAE J",10,33,07:01,421.0,1979,67,62,0,2,5,True,0,
E2026,6,4,Q4,523,AS,Assist (5),TEL,Maccabi Rapyd Tel Aviv,P013699,"CLARK III, JIMMY",2,34,06:58,418.0,1982,67,62,0,0,5,False,0,
E2026,6,4,Q4,524,CM,Foul (3),TEL,Maccabi Rapyd Tel Aviv,P013699,"CLARK III, JIMMY",2,34,06:49,409.0,1991,67,62,0,0,5,False,0,
E2026,6,4,Q4,525,RV,Foul Drawn (4),ASV,LDLC ASVEL Villeurbanne,P015163,"MILLS, PATTY",8,34,06:49,409.0,1991,67,62,0,0,5,False,0,
E2026,6,4,Q4,526,FTM,Free Throw In (1/1 -  12 pt),ASV,LDLC ASVEL Villeurbanne,P015163,"MILLS, PATTY",8,34,06:49,409.0,1991,68,62,1,0,6,True,0,
E2026,6,4,Q4,527,FTM,Free Throw In (2/2 -  13 pt),ASV,LDLC ASVEL Villeurbanne,P015163,"MILLS, PATTY",8,34,06:49,409.0,1991,69,62,1,0,7,True,0,
E2026,6,4,Q4,528,2FGM,Two Pointer (2/3 -  7 pt),TEL,Maccabi Rapyd Tel Aviv,P013699,"CLARK III, JIMMY",2,34,06:32,392.0,2008,69,64,0,2,5,True,0,
E2026,6,4,Q4,529,2FGM,Two Pointer (1/4 -  14 pt),ASV,LDLC ASVEL Villeurbanne,P015166,"CROWDER, JAE",99,34,06:13,373.0,2027,71,64,2,0,7,True,0,
E2026,6,4,Q4,530,AS,Assist (4),ASV,LDLC ASVEL Villeurbanne,P015164,"BESSON, HUGO",25,34,06:11,371.0,2029,71,64,0,0,7,False,0,
E2026,6,4,Q4,531,TO,Turnover (3),TEL,Maccabi Rapyd Tel Aviv,P011052,"MADAR, YAM",26,34,06:01,361.0,2039,71,64,0,0,7,False,0,
E2026,6,4,Q4,532,3FGA,Missed Three Pointer (2/6 -  8 pt),ASV,LDLC ASVEL Villeurbanne,P015164,"BESSON, HUGO",25,34,06:00,360.0,2040,71,64,0,0,7,False,0,
E2026,6,4,Q4,533,D,Def Rebound (4),TEL,Maccabi Rapyd Tel Aviv,P006835,"HOARD, JAYLEN",1,34,06:00,360.0,2040,71,64,0,0,7,False,0,
E2026,6,4,Q4,535,3FGA,Missed Three Pointer (1/3 -  11 pt),TEL,Maccabi Rapyd Tel Aviv,P006835,"HOARD, JAYLEN",1,35,05:28,328.0,2072,71,64,0,0,7,False,0,
E2026,6,4,Q4,536,O,Off Rebound (2),TEL,Maccabi Rapyd Tel Aviv,P011219,"SORKIN, ROMAN",9,35,05:24,324.0,2076,71,64,0,0,7,False,0,
E2026,6,4,Q4,537,TO,Turnover (1),TEL,Maccabi Rapyd Tel Aviv,P006835,"HOARD, JAYLEN",1,35,05:21,321.0,2079,71,64,0,0,7,False,0,
E2026,6,4,Q4,538,ST,Steal (1),ASV,LDLC ASVEL Villeurbanne,P015166,"CROWDER, JAE",99,35,05:20,320.0,2080,71,64,0,0,7,False,0,
E2026,6,4,Q4,539,TO,Turnover (4),ASV,LDLC ASVEL Villeurbanne,P015161,"FODZO DADA, MARC-OWEN",1,35,05:01,301.0,2099,71,64,0,0,7,False,0,
E2026,6,4,Q4,540,ST,Steal (2),TEL,Maccabi Rapyd Tel Aviv,P014127,"BRISSETT, O'SHAE J",10,35,05:00,300.0,2100,71,64,0,0,7,False,0,
E2026,6,4,Q4,542,TO,Turnover (4),TEL,Maccabi Rapyd Tel Aviv,P011052,"MADAR, YAM",26,36,04:57,297.0,2103,71,64,0,0,7,False,0,
E2026,6,4,Q4,543,ST,Steal (2),ASV,LDLC ASVEL Villeurbanne,P015161,"FODZO DADA, MARC-OWEN",1,36,04:55,295.0,2105,71,64,0,0,7,False,0,
E2026,6,4,Q4,544,3FGA,Missed Three Pointer (3/4 -  14 pt),ASV,LDLC ASVEL Villeurbanne,P015166,"CROWDER, JAE",99,36,04:36,276.0,2124,71,64,0,0,7,False,0,
E2026,6,4,Q4,545,D,Def Rebound (3),TEL,Maccabi Rapyd Tel Aviv,P011052,"MADAR, YAM",26,36,04:34,274.0,2126,71,64,0,0,7,False,0,
E2026,6,4,Q4,547,TOUT,Time Out (1),TEL,Maccabi Rapyd Tel Aviv,,,,36,04:32,272.0,2128,71,64,0,0,7,False,0,
E2026,6,4,Q4,548,TOUT_TV,TV Time Out (4),,,,,,36,04:32,272.0,2128,71,64,0,0,7,False,0,
E2026,6,4,Q4,549,OUT,Out,ASV,LDLC ASVEL Villeurbanne,P012618,"MASSA, BODIAN",10,36,04:32,272.0,2128,71,64,0,0,7,False,0,
E2026,6,4,Q4,550,IN,In,ASV,LDLC ASVEL Villeurbanne,P009035,"BOLOMBOY, JOEL",21,36,04:32,272.0,2128,71,64,0,0,7,False,0,
E2026,6,4,Q4,551,IN,In,TEL,Maccabi Rapyd Tel Aviv,P010781,"LUNDBERG, IFFE",0,36,04:32,272.0,2128,71,64,0,0,7,False,0,
E2026,6,4,Q4,552,OUT,Out,TEL,Maccabi Rapyd Tel Aviv,P011052,"MADAR, YAM",26,36,04:32,272.0,2128,71,64,0,0,7,False,0,
E2026,6,4,Q4,553,2FGA,Missed Two Pointer (4/6 -  11 pt),TEL,Maccabi Rapyd Tel Aviv,P011219,"SORKIN, ROMAN",9,36,04:29,269.0,2131,71,64,0,0,7,False,0,
E2026,6,4,Q4,554,AG,Shot Rejected (1),TEL,Maccabi Rapyd Tel Aviv,P011219,"SORKIN, ROMAN",9,36,04:29,269.0,2131,71,64,0,0,7,False,0,
E2026,6,4,Q4,555,FV,Block (1),ASV,LDLC ASVEL Villeurbanne,P015161,"FODZO DADA, MARC-OWEN",1,36,04:29,269.0,2131,71,64,0,0,7,False,0,
E2026,6,4,Q4,556,D,Def Rebound (6),ASV,LDLC ASVEL Villeurbanne,,,,36,04:29,269.0,2131,71,64,0,0,7,False,0,
E2026,6,4,Q4,557,IN,In,ASV,LDLC ASVEL Villeurbanne,P013900,"GACH, BOTH",14,36,04:29,269.0,2131,71,64,0,0,7,False,0,
E2026,6,4,Q4,558,OUT,Out,ASV,LDLC ASVEL Villeurbanne,P015164,"BESSON, HUGO",25,36,04:29,269.0,2131,71,64,0,0,7,False,0,
E2026,6,4,Q4,559,3FGM,Three Pointer (4/5 -  17 pt),ASV,LDLC ASVEL Villeurbanne,P015166,"CROWDER, JAE",99,36,04:06,246.0,2154,74,64,3,0,10,True,0,
E2026,6,4,Q4,560,AS,Assist (4),ASV,LDLC ASVEL Villeurbanne,P015161,"FODZO DADA, MARC-OWEN",1,36,04:04,244.0,2156,74,64,0,0,10,False,0,
E2026,6,4,Q4,562,3FGA,Missed Three Pointer (1/2 -  7 pt),TEL,Maccabi Rapyd Tel Aviv,P013699,"CLARK III, JIMMY",2,37,03:55,235.0,2165,74,64,0,0,10,False,0,
E2026,6,4,Q4,563,D,Def Rebound (3),ASV,LDLC ASVEL Villeurbanne,P015166,"CROWDER, JAE",99,37,03:54,234.0,2166,74,64,0,0,10,False,0,
E2026,6,4,Q4,564,2FGM,Two Pointer (2/5 -  19 pt),ASV,LDLC ASVEL Villeurbanne,P015166,"CROWDER, JAE",99,37,03:36,216.0,2184,76,64,2,0,12,True,0,
E2026,6,4,Q4,565,3FGA,Missed Three Pointer (1/3 -  7 pt),TEL,Maccabi Rapyd Tel Aviv,P013699,"CLARK III, JIMMY",2,37,03:22,202.0,2198,76,64,0,0,12,False,0,
E2026,6,4,Q4,566,D,Def Rebound (1),ASV,LDLC ASVEL Villeurbanne,P015161,"FODZO DADA, MARC-OWEN",1,37,03:21,201.0,2199,76,64,0,0,12,False,0,
E2026,6,4,Q4,567,CM,Foul (3),TEL,Maccabi Rapyd Tel Aviv,P006835,"HOARD, JAYLEN",1,37,03:21,201.0,2199,76,64,0,0,12,False,0,
E2026,6,4,Q4,568,RV,Foul Drawn (4),ASV,LDLC ASVEL Villeurbanne,P015161,"FODZO DADA, MARC-OWEN",1,37,03:21,201.0,2199,76,64,0,0,12,False,0,
E2026,6,4,Q4,569,OUT,Out,ASV,LDLC ASVEL Villeurbanne,P015163,"MILLS, PATTY",8,37,03:21,201.0,2199,76,64,0,0,12,False,0,
E2026,6,4,Q4,570,IN,In,ASV,LDLC ASVEL Villeurbanne,P015164,"BESSON, HUGO",25,37,03:21,201.0,2199,76,64,0,0,12,False,0,
E2026,6,4,Q4,571,IN,In,ASV,LDLC ASVEL Villeurbanne,P006832,"PONS, YVES",35,37,03:21,201.0,2199,76,64,0,0,12,False,0,
E2026,6,4,Q4,572,OUT,Out,ASV,LDLC ASVEL Villeurbanne,P015166,"CROWDER, JAE",99,37,03:21,201.0,2199,76,64,0,0,12,False,0,
E2026,6,4,Q4,573,OUT,Out,TEL,Maccabi Rapyd Tel Aviv,P011219,"SORKIN, ROMAN",9,37,03:21,201.0,2199,76,64,0,0,12,False,0,
E2026,6,4,Q4,574,IN,In,TEL,Maccabi Rapyd Tel Aviv,P013381,"RAYMAN, WILLIAM",11,37,03:21,201.0,2199,76,64,0,0,12,False,0,
E2026,6,4,Q4,575,FTM,Free Throw In (3/4 -  13 pt),ASV,LDLC ASVEL Villeurbanne,P015161,"FODZO DADA, MARC-OWEN",1,37,03:21,201.0,2199,77,64,1,0,13,True,0,
E2026,6,4,Q4,576,FTA,Missed Free Throw (3/5 -  13 pt),ASV,LDLC ASVEL Villeurbanne,P015161,"FODZO DADA, MARC-OWEN",1,37,03:21,201.0,2199,77,64,0,0,13,False,0,
E2026,6,4,Q4,577,D,Def Rebound (2),TEL,Maccabi Rapyd Tel Aviv,P013699,"CLARK III, JIMMY",2,37,03:21,201.0,2199,77,64,0,0,13,False,0,
E2026,6,4,Q4,578,2FGM,Two Pointer (5/5 -  13 pt),TEL,Maccabi Rapyd Tel Aviv,P006835,"HOARD, JAYLEN",1,37,03:04,184.0,2216,77,66,0,2,11,True,0,
E2026,6,4,Q4,579,AS,Assist (6),TEL,Maccabi Rapyd Tel Aviv,P013699,"CLARK III, JIMMY",2,37,03:02,182.0,2218,77,66,0,0,11,False,0,
E2026,6,4,Q4,581,2FGM,Two Pointer (1/3 -  5 pt),ASV,LDLC ASVEL Villeurbanne,P013900,"GACH, BOTH",14,38,02:42,162.0,2238,79,66,2,0,13,True,0,
E2026,6,4,Q4,582,AS,Assist (5),ASV,LDLC ASVEL Villeurbanne,P015161,"FODZO DADA, MARC-OWEN",1,38,02:39,159.0,2241,79,66,0,0,13,False,0,
E2026,6,4,Q4,583,3FGA,Missed Three Pointer (0/5 -  8 pt),TEL,Maccabi Rapyd Tel Aviv,P014127,"BRISSETT, O'SHAE J",10,38,02:29,149.0,2251,79,66,0,0,13,False,0,
E2026,6,4,Q4,584,D,Def Rebound (3),ASV,LDLC ASVEL Villeurbanne,P015164,"BESSON, HUGO",25,38,02:26,146.0,2254,79,66,0,0,13,False,0,
E2026,6,4,Q4,585,OF,Offensive Foul (2),ASV,LDLC ASVEL Villeurbanne,P013900,"GACH, BOTH",14,38,02:19,139.0,2261,79,66,0,0,13,False,0,
E2026,6,4,Q4,586,TO,Turnover (1),ASV,LDLC ASVEL Villeurbanne,P013900,"GACH, BOTH",14,38,02:19,139.0,2261,79,66,0,0,13,False,0,
E2026,6,4,Q4,587,RV,Foul Drawn (2),TEL,Maccabi Rapyd Tel Aviv,P013381,"RAYMAN, WILLIAM",11,38,02:19,139.0,2261,79,66,0,0,13,False,0,
E2026,6,4,Q4,588,TOUT,Time Out (2),TEL,Maccabi Rapyd Tel Aviv,,,,38,02:19,139.0,2261,79,66,0,0,13,False,0,
E2026,6,4,Q4,589,2FGA,Missed Two Pointer (2/4 -  7 pt),TEL,Maccabi Rapyd Tel Aviv,P013699,"CLARK III, JIMMY",2,38,02:05,125.0,2275,79,66,0,0,13,False,0,
E2026,6,4,Q4,590,O,Off Rebound (2),TEL,Maccabi Rapyd Tel Aviv,P006835,"HOARD, JAYLEN",1,38,02:03,123.0,2277,79,66,0,0,13,False,0,
E2026,6,4,Q4,591,2FGM,Two Pointer (6/6 -  15 pt),TEL,Maccabi Rapyd Tel Aviv,P006835,"HOARD, JAYLEN",1,38,02:01,121.0,2279,79,68,0,2,11,True,0,
E2026,6,4,Q4,593,CM,Foul (4),TEL,Maccabi Rapyd Tel Aviv,P013699,"CLARK III, JIMMY",2,39,01:54,114.0,2286,79,68,0,0,11,False,0,
E2026,6,4,Q4,594,RV,Foul Drawn (5),ASV,LDLC ASVEL Villeurbanne,P015161,"FODZO DADA, MARC-OWEN",1,39,01:54,114.0,2286,79,68,0,0,11,False,0,
E2026,6,4,Q4,595,FTA,Missed Free Throw (3/6 -  13 pt),ASV,LDLC ASVEL Villeurbanne,P015161,"FODZO DADA, MARC-OWEN",1,39,01:54,114.0,2286,79,68,0,0,11,False,0,
E2026,6,4,Q4,596,FTA,Missed Free Throw (3/7 -  13 pt),ASV,LDLC ASVEL Villeurbanne,P015161,"FODZO DADA, MARC-OWEN",1,39,01:54,114.0,2286,79,68,0,0,11,False,0,
E2026,6,4,Q4,597,D,Def Rebound (3),TEL,Maccabi Rapyd Tel Aviv,P013699,"CLARK III, JIMMY",2,39,01:54,114.0,2286,79,68,0,0,11,False,0,
E2026,6,4,Q4,598,3FGA,Missed Three Pointer (1/3 -  3 pt),TEL,Maccabi Rapyd Tel Aviv,P010781,"LUNDBERG, IFFE",0,39,01:43,103.0,2297,79,68,0,0,11,False,0,
E2026,6,4,Q4,599,O,Off Rebound (4),TEL,Maccabi Rapyd Tel Aviv,,,,39,01:43,103.0,2297,79,68,0,0,11,False,0,
E2026,6,4,Q4,600,CM,Foul (1),ASV,LDLC ASVEL Villeurbanne,P006832,"PONS, YVES",35,39,01:43,103.0,2297,79,68,0,0,11,False,0,
E2026,6,4,Q4,601,RV,Foul Drawn (1),TEL,Maccabi Rapyd Tel Aviv,P010781,"LUNDBERG, IFFE",0,39,01:43,103.0,2297,79,68,0,0,11,False,0,
E2026,6,4,Q4,602,IN,In,ASV,LDLC ASVEL Villeurbanne,P015163,"MILLS, PATTY",8,39,01:43,103.0,2297,79,68,0,0,11,False,0,
E2026,6,4,Q4,603,OUT,Out,ASV,LDLC ASVEL Villeurbanne,P013900,"GACH, BOTH",14,39,01:43,103.0,2297,79,68,0,0,11,False,0,
E2026,6,4,Q4,604,OUT,Out,ASV,LDLC ASVEL Villeurbanne,P006832,"PONS, YVES",35,39,01:43,103.0,2297,79,68,0,0,11,False,0,
E2026,6,4,Q4,605,IN,In,ASV,LDLC ASVEL Villeurbanne,P015166,"CROWDER, JAE",99,39,01:43,103.0,2297,79,68,0,0,11,False,0,
E2026,6,4,Q4,608,IN,In,ASV,LDLC ASVEL Villeurbanne,P003526,"LIGHTY, DAVID",23,39,01:43,103.0,2297,79,68,0,0,11,False,0,
E2026,6,4,Q4,609,OUT,Out,ASV,LDLC ASVEL Villeurbanne,P015164,"BESSON, HUGO",25,39,01:43,103.0,2297,79,68,0,0,11,False,0,
E2026,6,4,Q4,606,FTM,Free Throw In (1/1 -  4 pt),TEL,Maccabi Rapyd Tel Aviv,P010781,"LUNDBERG, IFFE",0,39,01:43,103.0,2297,79,69,0,1,10,True,0,
E2026,6,4,Q4,607,FTM,Free Throw In (2/2 -  5 pt),TEL,Maccabi Rapyd Tel Aviv,P010781,"LUNDBERG, IFFE",0,39,01:43,103.0,2297,79,70,0,1,9,True,0,
E2026,6,4,Q4,610,CM,Foul (5),TEL,Maccabi Rapyd Tel Aviv,P010781,"LUNDBERG, IFFE",0,39,01:35,95.0,2305,79,70,0,0,9,False,0,
E2026,6,4,Q4,611,RV,Foul Drawn (6),ASV,LDLC ASVEL Villeurbanne,P015161,"FODZO DADA, MARC-OWEN",1,39,01:35,95.0,2305,79,70,0,0,9,False,0,
E2026,6,4,Q4,612,OUT,Out,TEL,Maccabi Rapyd Tel Aviv,P010781,"LUNDBERG, IFFE",0,39,01:35,95.0,2305,79,70,0,0,9,False,0,
E2026,6,4,Q4,613,IN,In,TEL,Maccabi Rapyd Tel Aviv,P011052,"MADAR, YAM",26,39,01:35,95.0,2305,79,70,0,0,9,False,0,
E2026,6,4,Q4,614,FTA,Missed Free Throw (3/8 -  13 pt),ASV,LDLC ASVEL Villeurbanne,P015161,"FODZO DADA, MARC-OWEN",1,39,01:35,95.0,2305,79,70,0,0,9,False,0,
E2026,6,4,Q4,615,FTM,Free Throw In (4/9 -  14 pt),ASV,LDLC ASVEL Villeurbanne,P015161,"FODZO DADA, MARC-OWEN",1,39,01:35,95.0,2305,80,70,1,0,10,True,0,
E2026,6,4,Q4,616,2FGA,Missed Two Pointer (6/7 -  15 pt),TEL,Maccabi Rapyd Tel Aviv,P006835,"HOARD, JAYLEN",1,39,01:20,80.0,2320,80,70,0,0,10,False,0,
E2026,6,4,Q4,617,D,Def Rebound (1),ASV,LDLC ASVEL Villeurbanne,P015163,"MILLS, PATTY",8,39,01:18,78.0,2322,80,70,0,0,10,False,0,
E2026,6,4,Q4,619,TO,Turnover (2),ASV,LDLC ASVEL Villeurbanne,P015163,"MILLS, PATTY",8,39,01:07,67.0,2333,80,70,0,0,10,False,0,
E2026,6,4,Q4,620,ST,Steal (1),TEL,Maccabi Rapyd Tel Aviv,P013381,"RAYMAN, WILLIAM",11,39,01:02,62.0,2338,80,70,0,0,10,False,0,
E2026,6,4,Q4,622,2FGM,Two Pointer (3/5 -  9 pt),TEL,Maccabi Rapyd Tel Aviv,P013699,"CLARK III, JIMMY",2,40,00:58,58.0,2342,80,72,0,2,8,True,0,
E2026,6,4,Q4,623,2FGM,Two Pointer (1/2 -  2 pt),ASV,LDLC ASVEL Villeurbanne,P009035,"BOLOMBOY, JOEL",21,40,00:44,44.0,2356,82,72,2,0,10,True,0,
E2026,6,4,Q4,624,AS,Assist (4),ASV,LDLC ASVEL Villeurbanne,P015166,"CROWDER, JAE",99,40,00:44,44.0,2356,82,72,0,0,10,False,0,
E2026,6,4,Q4,625,3FGA,Missed Three Pointer (0/6 -  8 pt),TEL,Maccabi Rapyd Tel Aviv,P014127,"BRISSETT, O'SHAE J",10,40,00:33,33.0,2367,82,72,0,0,10,False,0,
E2026,6,4,Q4,626,O,Off Rebound (1),TEL,Maccabi Rapyd Tel Aviv,P013699,"CLARK III, JIMMY",2,40,00:31,31.0,2369,82,72,0,0,10,False,0,
E2026,6,4,Q4,627,3FGA,Missed Three Pointer (3/6 -  13 pt),TEL,Maccabi Rapyd Tel Aviv,P011052,"MADAR, YAM",26,40,00:26,26.0,2374,82,72,0,0,10,False,0,
E2026,6,4,Q4,628,D,Def Rebound (4),ASV,LDLC ASVEL Villeurbanne,P015166,"CROWDER, JAE",99,40,00:24,24.0,2376,82,72,0,0,10,False,0,
E2026,6,4,Q4,629,CM,Foul (5),TEL,Maccabi Rapyd Tel Aviv,P013699,"CLARK III, JIMMY",2,40,00:21,21.0,2379,82,72,0,0,10,False,0,
E2026,6,4,Q4,630,RV,Foul Drawn (5),ASV,LDLC ASVEL Villeurbanne,P015163,"MILLS, PATTY",8,40,00:21,21.0,2379,82,72,0,0,10,False,0,
E2026,6,4,Q4,631,OUT,Out,TEL,Maccabi Rapyd Tel Aviv,P013699,"CLARK III, JIMMY",2,40,00:21,21.0,2379,82,72,0,0,10,False,0,
E2026,6,4,Q4,632,IN,In,TEL,Maccabi Rapyd Tel Aviv,P011219,"SORKIN, ROMAN",9,40,00:21,21.0,2379,82,72,0,0,10,False,0,
E2026,6,4,Q4,633,FTM,Free Throw In (3/3 -  14 pt),ASV,LDLC ASVEL Villeurbanne,P015163,"MILLS, PATTY",8,40,00:21,21.0,2379,83,72,1,0,11,True,0,
E2026,6,4,Q4,634,FTM,Free Throw In (4/4 -  15 pt),ASV,LDLC ASVEL Villeurbanne,P015163,"MILLS, PATTY",8,40,00:21,21.0,2379,84,72,1,0,12,True,0,
E2026,6,4,Q4,635,3FGA,Missed Three Pointer (1/4 -  15 pt),TEL,Maccabi Rapyd Tel Aviv,P006835,"HOARD, JAYLEN",1,40,00:12,12.0,2388,84,72,0,0,12,False,0,
E2026,6,4,Q4,636,O,Off Rebound (5),TEL,Maccabi Rapyd Tel Aviv,,,,40,00:11,11.0,2389,84,72,0,0,12,False,0,
E2026,6,4,Q4,637,2FGM,Two Pointer (5/7 -  13 pt),TEL,Maccabi Rapyd Tel Aviv,P011219,"SORKIN, ROMAN",9,40,00:06,6.0,2394,84,74,0,2,10,True,0,
E2026,6,4,Q4,640,EG,End Game,,,,,,41,,,2460,84,74,0,0,10,False,0,
E2026,7,1,Q1,18,BP,Begin Period,,,,,,1,,,60,0,0,0,0,0,False,0,
E2026,7,1,Q1,19,JB,Jump Ball (1),PAN,Panathinaikos AKTOR Athens,,,,1,09:57,597.0,3,0,0,0,0,0,False,0,
E2026,7,1,Q1,20,3FGM,Three Pointer (1/1 -  3 pt),PAN,Panathinaikos AKTOR Athens,P008084,"MANTZOUKAS, ELEFTHERIOS",72,1,09:43,583.0,17,3,0,3,0,3,True,0,
E2026,7,1,Q1,21,AS,Assist (1),PAN,Panathinaikos AKTOR Athens,P011204,"GRANT, JERIAN",22,1,09:41,581.0,19,3,0,0,0,3,False,0,
E2026,7,1,Q1,22,2FGM,Two Pointer (1/1 -  2 pt),PRS,Paris Basketball,P014178,"RHODEN, JARED",8,1,09:25,565.0,35,3,2,0,2,1,True,0,
E2026,7,1,Q1,23,CM,Foul (1),PRS,Paris Basketball,P012403,"FAYE, MOUHAMED",15,1,09:07,547.0,53,3,2,0,0,1,False,0,
E2026,7,1,Q1,24,RV,Foul Drawn (1),PAN,Panathinaikos AKTOR Athens,P011204,"GRANT, JERIAN",22,1,09:07,547.0,53,3,2,0,0,1,False,0,
E2026,7,1,Q1,26,2FGM,Two Pointer (1/1 -  2 pt),PAN,Panathinaikos AKTOR Athens,P011204,"GRANT, JERIAN",22,2,08:57,537.0,63,5,2,2,0,3,True,0,
E2026,7,1,Q1,27,3FGA,Missed Three Pointer (0/1 -  0 pt),PRS,Paris Basketball,P012515,"TARPEY, TERRY",3,2,08:40,520.0,80,5,2,0,0,3,False,0,
E2026,7,1,Q1,28,D,Def Rebound (1),PAN,Panathinaikos AKTOR Athens,P010357,"YABUSELE, GUERSCHON",28,2,08:38,518.0,82,5,2,0,0,3,False,0,
E2026,7,1,Q1,29,2FGA,Missed Two Pointer (0/1 -  0 pt),PAN,Panathinaikos AKTOR Athens,P007866,"MITOGLOU, KONSTANTINOS",44,2,08:27,507.0,93,5,2,0,0,3,False,0,
E2026,7,1,Q1,30,O,Off Rebound (1),PAN,Panathinaikos AKTOR Athens,P011209,"KALAITZAKIS, PANAGIOTIS",0,2,08:25,505.0,95,5,2,0,0,3,False,0,
E2026,7,1,Q1,31,2FGA,Missed Two Pointer (0/1 -  0 pt),PAN,Panathinaikos AKTOR Athens,P011209,"KALAITZAKIS, PANAGIOTIS",0,2,08:25,505.0,95,5,2,0,0,3,False,0,
E2026,7,1,Q1,32,O,Off Rebound (1),PAN,Panathinaikos AKTOR Athens,P010357,"YABUSELE, GUERSCHON",28,2,08:23,503.0,97,5,2,0,0,3,False,0,
E2026,7,1,Q1,33,3FGA,Missed Three Pointer (0/1 -  0 pt),PAN,Panathinaikos AKTOR Athens,P007866,"MITOGLOU, KONSTANTINOS",44,2,08:18,498.0,102,5,2,0,0,3,False,0,
E2026,7,1,Q1,34,D,Def Rebound (1),PRS,Paris Basketball,P012515,"TARPEY, TERRY",3,2,08:16,496.0,104,5,2,0,0,3,False,0,
E2026,7,1,Q1,35,CM,Foul (1),PAN,Panathinaikos AKTOR Athens,P010357,"YABUSELE, GUERSCHON",28,2,08:16,496.0,104,5,2,0,0,3,False,0,
E2026,7,1,Q1,36,RV,Foul Drawn (1),PRS,Paris Basketball,P012640,"HIFI, NADIR",2,2,08:16,496.0,104,5,2,0,0,3,False,0,
E2026,7,1,Q1,37,3FGM,Three Pointer (1/1 -  5 pt),PRS,Paris Basketball,P014178,"RHODEN, JARED",8,2,08:02,482.0,118,5,5,0,3,0,True,0,
E2026,7,1,Q1,38,AS,Assist (1),PRS,Paris Basketball,P012403,"FAYE, MOUHAMED",15,2,08:00,480.0,120,5,5,0,0,0,False,0,
E2026,7,1,Q1,40,2FGA,Missed Two Pointer (0/1 -  0 pt),PAN,Panathinaikos AKTOR Athens,P010357,"YABUSELE, GUERSCHON",28,3,07:46,466.0,134,5,5,0,0,0,False,0,
E2026,7,1,Q1,41,O,Off Rebound (1),PAN,Panathinaikos AKTOR Athens,P007866,"MITOGLOU, KONSTANTINOS",44,3,07:46,466.0,134,5,5,0,0,0,False,0,
E2026,7,1,Q1,42,2FGM,Two Pointer (1/2 -  2 pt),PAN,Panathinaikos AKTOR Athens,P007866,"MITOGLOU, KONSTANTINOS",44,3,07:46,466.0,134,7,5,2,0,2,True,0,
E2026,7,1,Q1,43,CM,Foul (2),PRS,Paris Basketball,P012403,"FAYE, MOUHAMED",15,3,07:46,466.0,134,7,5,0,0,2,False,0,
E2026,7,1,Q1,45,RV,Foul Drawn (1),PAN,Panathinaikos AKTOR Athens,P007866,"MITOGLOU, KONSTANTINOS",44,3,07:46,466.0,134,7,5,0,0,2,False,0,
E2026,7,1,Q1,46,IN,In,PRS,Paris Basketball,P014010,"DOKOSSI, ALLAN",13,3,07:46,466.0,134,7,5,0,0,2,False,0,
E2026,7,1,Q1,47,OUT,Out,PRS,Paris Basketball,P012403,"FAYE, MOUHAMED",15,3,07:46,466.0,134,7,5,0,0,2,False,0,
E2026,7,1,Q1,48,FTM,Free Throw In (1/1 -  3 pt),PAN,Panathinaikos AKTOR Athens,P007866,"MITOGLOU, KONSTANTINOS",44,3,07:46,466.0,134,8,5,1,0,3,True,0,
E2026,7,1,Q1,49,CM,Foul (1),PAN,Panathinaikos AKTOR Athens,P011209,"KALAITZAKIS, PANAGIOTIS",0,3,07:35,455.0,145,8,5,0,0,3,False,0,
E2026,7,1,Q1,50,RV,Foul Drawn (2),PRS,Paris Basketball,P012640,"HIFI, NADIR",2,3,07:35,455.0,145,8,5,0,0,3,False,0,
E2026,7,1,Q1,51,OUT,Out,PRS,Paris Basketball,P015168,"WARREN, TJ",1,3,07:35,455.0,145,8,5,0,0,3,False,0,
E2026,7,1,Q1,52,OUT,Out,PRS,Paris Basketball,P012640,"HIFI, NADIR",2,3,07:35,455.0,145,8,5,0,0,3,False,0,
E2026,7,1,Q1,53,OUT,Out,PRS,Paris Basketball,P012515,"TARPEY, TERRY",3,3,07:35,455.0,145,8,5,0,0,3,False,0,
E2026,7,1,Q1,54,IN,In,PRS,Paris Basketball,P015143,"ETIENNE, TYSON",9,3,07:35,455.0,145,8,5,0,0,3,False,0,
E2026,7,1,Q1,55,IN,In,PRS,Paris Basketball,P015160,"JOHNSON, ALIZE",24,3,07:35,455.0,145,8,5,0,0,3,False,0,
E2026,7,1,Q1,56,IN,In,PRS,Paris Basketball,P011949,"HOMMES, DAULTON",34,3,07:35,455.0,145,8,5,0,0,3,False,0,
E2026,7,1,Q1,57,3FGA,Missed Three Pointer (0/1 -  0 pt),PRS,Paris Basketball,P015143,"ETIENNE, TYSON",9,3,07:20,440.0,160,8,5,0,0,3,False,0,
E2026,7,1,Q1,58,AG,Shot Rejected (1),PRS,Paris Basketball,P015143,"ETIENNE, TYSON",9,3,07:20,440.0,160,8,5,0,0,3,False,0,
E2026,7,1,Q1,59,FV,Block (1),PAN,Panathinaikos AKTOR Athens,P011204,"GRANT, JERIAN",22,3,07:20,440.0,160,8,5,0,0,3,False,0,
E2026,7,1,Q1,60,TO,Turnover (1),PRS,Paris Basketball,,,,3,07:20,440.0,160,8,5,0,0,3,False,0,
E2026,7,1,Q1,61,3FGM,Three Pointer (2/2 -  6 pt),PAN,Panathinaikos AKTOR Athens,P008084,"MANTZOUKAS, ELEFTHERIOS",72,3,07:05,425.0,175,11,5,3,0,6,True,0,
E2026,7,1,Q1,62,AS,Assist (2),PAN,Panathinaikos AKTOR Athens,P011204,"GRANT, JERIAN",22,3,07:03,423.0,177,11,5,0,0,6,False,0,
E2026,7,1,Q1,64,TO,Turnover (1),PRS,Paris Basketball,P014010,"DOKOSSI, ALLAN",13,4,06:44,404.0,196,11,5,0,0,6,False,0,
E2026,7,1,Q1,65,ST,Steal (1),PAN,Panathinaikos AKTOR Athens,P011209,"KALAITZAKIS, PANAGIOTIS",0,4,06:43,403.0,197,11,5,0,0,6,False,0,
E2026,7,1,Q1,66,3FGA,Missed Three Pointer (0/1 -  2 pt),PAN,Panathinaikos AKTOR Athens,P011204,"GRANT, JERIAN",22,4,06:19,379.0,221,11,5,0,0,6,False,0,
E2026,7,1,Q1,67,D,Def Rebound (1),PRS,Paris Basketball,P014010,"DOKOSSI, ALLAN",13,4,06:15,375.0,225,11,5,0,0,6,False,0,
E2026,7,1,Q1,68,TO,Turnover (1),PRS,Paris Basketball,P011949,"HOMMES, DAULTON",34,4,06:10,370.0,230,11,5,0,0,6,False,0,
E2026,7,1,Q1,69,ST,Steal (2),PAN,Panathinaikos AKTOR Athens,P011209,"KALAITZAKIS, PANAGIOTIS",0,4,06:08,368.0,232,11,5,0,0,6,False,0,
E2026,7,1,Q1,71,2FGM,Two Pointer (1/1 -  8 pt),PAN,Panathinaikos AKTOR Athens,P008084,"MANTZOUKAS, ELEFTHERIOS",72,5,05:56,356.0,244,13,5,2,0,8,True,0,
E2026,7,1,Q1,72,2FGM,Two Pointer (1/1 -  2 pt),PRS,Paris Basketball,P014010,"DOKOSSI, ALLAN",13,5,05:41,341.0,259,13,7,0,2,6,True,0,
E2026,7,1,Q1,73,AS,Assist (1),PRS,Paris Basketball,P015143,"ETIENNE, TYSON",9,5,05:39,339.0,261,13,7,0,0,6,False,0,
E2026,7,1,Q1,74,2FGA,Missed Two Pointer (1/3 -  3 pt),PAN,Panathinaikos AKTOR Athens,P007866,"MITOGLOU, KONSTANTINOS",44,5,05:19,319.0,281,13,7,0,0,6,False,0,
E2026,7,1,Q1,75,O,Off Rebound (1),PAN,Panathinaikos AKTOR Athens,,,,5,05:18,318.0,282,13,7,0,0,6,False,0,
E2026,7,1,Q1,76,OUT,Out,PAN,Panathinaikos AKTOR Athens,P011209,"KALAITZAKIS, PANAGIOTIS",0,5,05:18,318.0,282,13,7,0,0,6,False,0,
E2026,7,1,Q1,77,IN,In,PAN,Panathinaikos AKTOR Athens,P007975,"FRANCISCO, SYLVAIN",3,5,05:18,318.0,282,13,7,0,0,6,False,0,
E2026,7,1,Q1,78,IN,In,PAN,Panathinaikos AKTOR Athens,P007527,"BADIO, BRANCOU",7,5,05:18,318.0,282,13,7,0,0,6,False,0,
E2026,7,1,Q1,79,OUT,Out,PAN,Panathinaikos AKTOR Athens,P011204,"GRANT, JERIAN",22,5,05:18,318.0,282,13,7,0,0,6,False,0,
E2026,7,1,Q1,80,IN,In,PAN,Panathinaikos AKTOR Athens,P003842,"LESSORT, MATHIAS",26,5,05:18,318.0,282,13,7,0,0,6,False,0,
E2026,7,1,Q1,81,IN,In,PAN,Panathinaikos AKTOR Athens,P006760,"BONGA, ISAAC",32,5,05:18,318.0,282,13,7,0,0,6,False,0,
E2026,7,1,Q1,82,OUT,Out,PAN,Panathinaikos AKTOR Athens,P007866,"MITOGLOU, KONSTANTINOS",44,5,05:18,318.0,282,13,7,0,0,6,False,0,
E2026,7,1,Q1,83,OUT,Out,PAN,Panathinaikos AKTOR Athens,P008084,"MANTZOUKAS, ELEFTHERIOS",72,5,05:18,318.0,282,13,7,0,0,6,False,0,
E2026,7,1,Q1,84,IN,In,PRS,Paris Basketball,P012611,"HERRERA, SEBASTIAN",7,5,05:18,318.0,282,13,7,0,0,6,False,0,
E2026,7,1,Q1,85,OUT,Out,PRS,Paris Basketball,P014178,"RHODEN, JARED",8,5,05:18,318.0,282,13,7,0,0,6,False,0,
E2026,7,1,Q1,86,3FGA,Missed Three Pointer (0/1 -  0 pt),PAN,Panathinaikos AKTOR Athens,P007975,"FRANCISCO, SYLVAIN",3,5,05:08,308.0,292,13,7,0,0,6,False,0,
E2026,7,1,Q1,87,O,Off Rebound (1),PAN,Panathinaikos AKTOR Athens,P003842,"LESSORT, MATHIAS",26,5,05:06,306.0,294,13,7,0,0,6,False,0,
E2026,7,1,Q1,88,3FGM,Three Pointer (1/1 -  3 pt),PAN,Panathinaikos AKTOR Athens,P010357,"YABUSELE, GUERSCHON",28,5,05:02,302.0,298,16,7,3,0,9,True,0,
E2026,7,1,Q1,89,AS,Assist (1),PAN,Panathinaikos AKTOR Athens,P003842,"LESSORT, MATHIAS",26,5,05:00,300.0,300,16,7,0,0,9,False,0,
E2026,7,1,Q1,91,2FGM,Two Pointer (1/1 -  2 pt),PRS,Paris Basketball,P015160,"JOHNSON, ALIZE",24,6,04:45,285.0,315,16,9,0,2,7,True,0,
E2026,7,1,Q1,92,AS,Assist (1),PRS,Paris Basketball,P014010,"DOKOSSI, ALLAN",13,6,04:46,286.0,314,16,9,0,0,7,False,0,
E2026,7,1,Q1,93,CM,Foul (1),PAN,Panathinaikos AKTOR Athens,P006760,"BONGA, ISAAC",32,6,04:46,286.0,314,16,9,0,0,7,False,0,
E2026,7,1,Q1,94,RV,Foul Drawn (1),PRS,Paris Basketball,P015160,"JOHNSON, ALIZE",24,6,04:46,286.0,314,16,9,0,0,7,False,0,
E2026,7,1,Q1,95,TOUT_TV,TV Time Out (1),,,,,,6,04:46,286.0,314,16,9,0,0,7,False,0,
E2026,7,1,Q1,96,IN,In,PRS,Paris Basketball,P015168,"WARREN, TJ",1,6,04:46,286.0,314,16,9,0,0,7,False,0,
E2026,7,1,Q1,97,IN,In,PRS,Paris Basketball,P012640,"HIFI, NADIR",2,6,04:46,286.0,314,16,9,0,0,7,False,0,
E2026,7,1,Q1,98,OUT,Out,PRS,Paris Basketball,P015143,"ETIENNE, TYSON",9,6,04:46,286.0,314,16,9,0,0,7,False,0,
E2026,7,1,Q1,99,OUT,Out,PRS,Paris Basketball,P011949,"HOMMES, DAULTON",34,6,04:46,286.0,314,16,9,0,0,7,False,0,
E2026,7,1,Q1,100,FTA,Missed Free Throw (0/1 -  2 pt),PRS,Paris Basketball,P015160,"JOHNSON, ALIZE",24,6,04:46,286.0,314,16,9,0,0,7,False,0,
E2026,7,1,Q1,101,D,Def Rebound (2),PAN,Panathinaikos AKTOR Athens,P010357,"YABUSELE, GUERSCHON",28,6,04:46,286.0,314,16,9,0,0,7,False,0,
E2026,7,1,Q1,102,TO,Turnover (1),PAN,Panathinaikos AKTOR Athens,P007527,"BADIO, BRANCOU",7,6,04:30,270.0,330,16,9,0,0,7,False,0,
E2026,7,1,Q1,103,ST,Steal (1),PRS,Paris Basketball,P012611,"HERRERA, SEBASTIAN",7,6,04:29,269.0,331,16,9,0,0,7,False,0,
E2026,7,1,Q1,104,2FGA,Missed Two Pointer (1/2 -  2 pt),PRS,Paris Basketball,P015160,"JOHNSON, ALIZE",24,6,04:25,265.0,335,16,9,0,0,7,False,0,
E2026,7,1,Q1,105,D,Def Rebound (1),PAN,Panathinaikos AKTOR Athens,P007527,"BADIO, BRANCOU",7,6,04:23,263.0,337,16,9,0,0,7,False,0,
E2026,7,1,Q1,106,2FGA,Missed Two Pointer (0/1 -  0 pt),PAN,Panathinaikos AKTOR Athens,P003842,"LESSORT, MATHIAS",26,6,04:18,258.0,342,16,9,0,0,7,False,0,
E2026,7,1,Q1,107,AG,Shot Rejected (1),PAN,Panathinaikos AKTOR Athens,P003842,"LESSORT, MATHIAS",26,6,04:17,257.0,343,16,9,0,0,7,False,0,
E2026,7,1,Q1,108,FV,Block (1),PRS,Paris Basketball,P014010,"DOKOSSI, ALLAN",13,6,04:16,256.0,344,16,9,0,0,7,False,0,
E2026,7,1,Q1,109,O,Off Rebound (1),PAN,Panathinaikos AKTOR Athens,P006760,"BONGA, ISAAC",32,6,04:14,254.0,346,16,9,0,0,7,False,0,
E2026,7,1,Q1,110,2FGM,Two Pointer (1/1 -  2 pt),PAN,Panathinaikos AKTOR Athens,P006760,"BONGA, ISAAC",32,6,04:12,252.0,348,18,9,2,0,9,True,0,
E2026,7,1,Q1,111,3FGM,Three Pointer (1/1 -  3 pt),PRS,Paris Basketball,P015168,"WARREN, TJ",1,6,04:04,244.0,356,18,12,0,3,6,True,0,
E2026,7,1,Q1,112,AS,Assist (2),PRS,Paris Basketball,P014010,"DOKOSSI, ALLAN",13,6,04:03,243.0,357,18,12,0,0,6,False,0,
E2026,7,1,Q1,114,TO,Turnover (1),PAN,Panathinaikos AKTOR Athens,P006760,"BONGA, ISAAC",32,7,03:57,237.0,363,18,12,0,0,6,False,0,
E2026,7,1,Q1,115,ST,Steal (1),PRS,Paris Basketball,P014010,"DOKOSSI, ALLAN",13,7,03:55,235.0,365,18,12,0,0,6,False,0,
E2026,7,1,Q1,116,TO,Turnover (1),PRS,Paris Basketball,P015168,"WARREN, TJ",1,7,03:48,228.0,372,18,12,0,0,6,False,0,
E2026,7,1,Q1,117,ST,Steal (1),PAN,Panathinaikos AKTOR Athens,P010357,"YABUSELE, GUERSCHON",28,7,03:47,227.0,373,18,12,0,0,6,False,0,
E2026,7,1,Q1,118,2FGM,Two Pointer (2/2 -  4 pt),PAN,Panathinaikos AKTOR Athens,P006760,"BONGA, ISAAC",32,7,03:29,209.0,391,20,12,2,0,8,True,0,
E2026,7,1,Q1,119,AS,Assist (1),PAN,Panathinaikos AKTOR Athens,P007975,"FRANCISCO, SYLVAIN",3,7,03:29,209.0,391,20,12,0,0,8,False,0,
E2026,7,1,Q1,120,CM,Foul (1),PRS,Paris Basketball,P014010,"DOKOSSI, ALLAN",13,7,03:29,209.0,391,20,12,0,0,8,False,0,
E2026,7,1,Q1,121,RV,Foul Drawn (1),PAN,Panathinaikos AKTOR Athens,P006760,"BONGA, ISAAC",32,7,03:29,209.0,391,20,12,0,0,8,False,0,
E2026,7,1,Q1,122,OUT,Out,PAN,Panathinaikos AKTOR Athens,P010357,"YABUSELE, GUERSCHON",28,7,03:29,209.0,391,20,12,0,0,8,False,0,
E2026,7,1,Q1,123,IN,In,PAN,Panathinaikos AKTOR Athens,P012712,"HERNANGOMEZ, JUANCHO",41,7,03:29,209.0,391,20,12,0,0,8,False,0,
E2026,7,1,Q1,124,IN,In,PRS,Paris Basketball,P013373,"CAVALIERE, LEOPOLD",4,7,03:29,209.0,391,20,12,0,0,8,False,0,
E2026,7,1,Q1,125,OUT,Out,PRS,Paris Basketball,P014010,"DOKOSSI, ALLAN",13,7,03:29,209.0,391,20,12,0,0,8,False,0,
E2026,7,1,Q1,126,IN,In,PRS,Paris Basketball,P010431,"MORGAN, JEREMY",20,7,03:29,209.0,391,20,12,0,0,8,False,0,
E2026,7,1,Q1,127,OUT,Out,PRS,Paris Basketball,P015160,"JOHNSON, ALIZE",24,7,03:29,209.0,391,20,12,0,0,8,False,0,
E2026,7,1,Q1,128,FTM,Free Throw In (1/1 -  5 pt),PAN,Panathinaikos AKTOR Athens,P006760,"BONGA, ISAAC",32,7,03:29,209.0,391,21,12,1,0,9,True,0,
E2026,7,1,Q1,129,2FGA,Missed Two Pointer (0/1 -  0 pt),PRS,Paris Basketball,P012640,"HIFI, NADIR",2,7,03:13,193.0,407,21,12,0,0,9,False,0,
E2026,7,1,Q1,130,D,Def Rebound (2),PAN,Panathinaikos AKTOR Athens,P007527,"BADIO, BRANCOU",7,7,03:11,191.0,409,21,12,0,0,9,False,0,
E2026,7,1,Q1,131,CM,Foul (1),PRS,Paris Basketball,P010431,"MORGAN, JEREMY",20,7,03:11,191.0,409,21,12,0,0,9,False,0,
E2026,7,1,Q1,132,RV,Foul Drawn (1),PAN,Panathinaikos AKTOR Athens,P007527,"BADIO, BRANCOU",7,7,03:11,191.0,409,21,12,0,0,9,False,0,
E2026,7,1,Q1,133,3FGA,Missed Three Pointer (0/1 -  5 pt),PAN,Panathinaikos AKTOR Athens,P006760,"BONGA, ISAAC",32,7,03:00,180.0,420,21,12,0,0,9,False,0,
E2026,7,1,Q1,135,O,Off Rebound (2),PAN,Panathinaikos AKTOR Athens,P003842,"LESSORT, MATHIAS",26,8,02:57,177.0,423,21,12,0,0,9,False,0,
E2026,7,1,Q1,136,2FGA,Missed Two Pointer (0/2 -  0 pt),PAN,Panathinaikos AKTOR Athens,P003842,"LESSORT, MATHIAS",26,8,02:57,177.0,423,21,12,0,0,9,False,0,
E2026,7,1,Q1,137,O,Off Rebound (1),PAN,Panathinaikos AKTOR Athens,P012712,"HERNANGOMEZ, JUANCHO",41,8,02:56,176.0,424,21,12,0,0,9,False,0,
E2026,7,1,Q1,138,3FGM,Three Pointer (1/2 -  3 pt),PAN,Panathinaikos AKTOR Athens,P007975,"FRANCISCO, SYLVAIN",3,8,02:52,172.0,428,24,12,3,0,12,True,0,
E2026,7,1,Q1,139,AS,Assist (1),PAN,Panathinaikos AKTOR Athens,P007527,"BADIO, BRANCOU",7,8,02:51,171.0,429,24,12,0,0,12,False,0,
E2026,7,1,Q1,140,2FGA,Missed Two Pointer (0/1 -  0 pt),PRS,Paris Basketball,P012611,"HERRERA, SEBASTIAN",7,8,02:42,162.0,438,24,12,0,0,12,False,0,
E2026,7,1,Q1,141,AG,Shot Rejected (1),PRS,Paris Basketball,P012611,"HERRERA, SEBASTIAN",7,8,02:42,162.0,438,24,12,0,0,12,False,0,
E2026,7,1,Q1,142,FV,Block (1),PAN,Panathinaikos AKTOR Athens,P003842,"LESSORT, MATHIAS",26,8,02:39,159.0,441,24,12,0,0,12,False,0,
E2026,7,1,Q1,143,D,Def Rebound (1),PAN,Panathinaikos AKTOR Athens,P003842,"LESSORT, MATHIAS",26,8,02:37,157.0,443,24,12,0,0,12,False,0,
E2026,7,1,Q1,144,TO,Turnover (1),PAN,Panathinaikos AKTOR Athens,P003842,"LESSORT, MATHIAS",26,8,02:36,156.0,444,24,12,0,0,12,False,0,
E2026,7,1,Q1,145,ST,Steal (1),PRS,Paris Basketball,P013373,"CAVALIERE, LEOPOLD",4,8,02:34,154.0,446,24,12,0,0,12,False,0,
E2026,7,1,Q1,146,3FGM,Three Pointer (1/1 -  3 pt),PRS,Paris Basketball,P012611,"HERRERA, SEBASTIAN",7,8,02:29,149.0,451,24,15,0,3,9,True,0,
E2026,7,1,Q1,147,AS,Assist (1),PRS,Paris Basketball,P012640,"HIFI, NADIR",2,8,02:27,147.0,453,24,15,0,0,9,False,0,
E2026,7,1,Q1,148,OF,Offensive Foul (1),PAN,Panathinaikos AKTOR Athens,P007527,"BADIO, BRANCOU",7,8,02:19,139.0,461,24,15,0,0,9,False,0,
E2026,7,1,Q1,149,TO,Turnover (2),PAN,Panathinaikos AKTOR Athens,P007527,"BADIO, BRANCOU",7,8,02:19,139.0,461,24,15,0,0,9,False,0,
E2026,7,1,Q1,150,RV,Foul Drawn (3),PRS,Paris Basketball,P012640,"HIFI, NADIR",2,8,02:19,139.0,461,24,15,0,0,9,False,0,
E2026,7,1,Q1,152,3FGA,Missed Three Pointer (1/2 -  3 pt),PRS,Paris Basketball,P012611,"HERRERA, SEBASTIAN",7,9,01:59,119.0,481,24,15,0,0,9,False,0,
E2026,7,1,Q1,153,D,Def Rebound (1),PAN,Panathinaikos AKTOR Athens,P012712,"HERNANGOMEZ, JUANCHO",41,9,01:56,116.0,484,24,15,0,0,9,False,0,
E2026,7,1,Q1,154,TO,Turnover (2),PAN,Panathinaikos AKTOR Athens,P006760,"BONGA, ISAAC",32,9,01:52,112.0,488,24,15,0,0,9,False,0,
E2026,7,1,Q1,155,OUT,Out,PRS,Paris Basketball,P015168,"WARREN, TJ",1,9,01:52,112.0,488,24,15,0,0,9,False,0,
E2026,7,1,Q1,156,OUT,Out,PRS,Paris Basketball,P012640,"HIFI, NADIR",2,9,01:52,112.0,488,24,15,0,0,9,False,0,
E2026,7,1,Q1,157,OUT,Out,PRS,Paris Basketball,P012611,"HERRERA, SEBASTIAN",7,9,01:52,112.0,488,24,15,0,0,9,False,0,
E2026,7,1,Q1,158,IN,In,PRS,Paris Basketball,P014178,"RHODEN, JARED",8,9,01:52,112.0,488,24,15,0,0,9,False,0,
E2026,7,1,Q1,159,IN,In,PRS,Paris Basketball,P015143,"ETIENNE, TYSON",9,9,01:52,112.0,488,24,15,0,0,9,False,0,
E2026,7,1,Q1,160,IN,In,PRS,Paris Basketball,P011949,"HOMMES, DAULTON",34,9,01:52,112.0,488,24,15,0,0,9,False,0,
E2026,7,1,Q1,161,3FGA,Missed Three Pointer (0/1 -  0 pt),PRS,Paris Basketball,P010431,"MORGAN, JEREMY",20,9,01:39,99.0,501,24,15,0,0,9,False,0,
E2026,7,1,Q1,162,D,Def Rebound (2),PAN,Panathinaikos AKTOR Athens,P012712,"HERNANGOMEZ, JUANCHO",41,9,01:37,97.0,503,24,15,0,0,9,False,0,
E2026,7,1,Q1,163,3FGM,Three Pointer (1/1 -  3 pt),PAN,Panathinaikos AKTOR Athens,P012712,"HERNANGOMEZ, JUANCHO",41,9,01:26,86.0,514,27,15,3,0,12,True,0,
E2026,7,1,Q1,164,AS,Assist (2),PAN,Panathinaikos AKTOR Athens,P007975,"FRANCISCO, SYLVAIN",3,9,01:25,85.0,515,27,15,0,0,12,False,0,
E2026,7,1,Q1,165,3FGA,Missed Three Pointer (0/2 -  0 pt),PRS,Paris Basketball,P015143,"ETIENNE, TYSON",9,9,01:13,73.0,527,27,15,0,0,12,False,0,
E2026,7,1,Q1,166,D,Def Rebound (2),PAN,Panathinaikos AKTOR Athens,P003842,"LESSORT, MATHIAS",26,9,01:11,71.0,529,27,15,0,0,12,False,0,
E2026,7,1,Q1,167,CM,Foul (1),PRS,Paris Basketball,P013373,"CAVALIERE, LEOPOLD",4,9,01:11,71.0,529,27,15,0,0,12,False,0,
E2026,7,1,Q1,168,RV,Foul Drawn (1),PAN,Panathinaikos AKTOR Athens,P003842,"LESSORT, MATHIAS",26,9,01:11,71.0,529,27,15,0,0,12,False,0,
E2026,7,1,Q1,169,FTM,Free Throw In (1/1 -  1 pt),PAN,Panathinaikos AKTOR Athens,P003842,"LESSORT, MATHIAS",26,9,01:11,71.0,529,28,15,1,0,13,True,0,
E2026,7,1,Q1,170,FTM,Free Throw In (2/2 -  2 pt),PAN,Panathinaikos AKTOR Athens,P003842,"LESSORT, MATHIAS",26,9,01:11,71.0,529,29,15,1,0,14,True,0,
E2026,7,1,Q1,171,IN,In,PRS,Paris Basketball,P012515,"TARPEY, TERRY",3,9,01:11,71.0,529,29,15,0,0,14,False,0,
E2026,7,1,Q1,172,OUT,Out,PRS,Paris Basketball,P010431,"MORGAN, JEREMY",20,9,01:11,71.0,529,29,15,0,0,14,False,0,
E2026,7,1,Q1,174,3FGA,Missed Three Pointer (0/2 -  0 pt),PRS,Paris Basketball,P012515,"TARPEY, TERRY",3,10,00:58,58.0,542,29,15,0,0,14,False,0,
E2026,7,1,Q1,175,D,Def Rebound (1),PAN,Panathinaikos AKTOR Athens,P006760,"BONGA, ISAAC",32,10,00:56,56.0,544,29,15,0,0,14,False,0,
E2026,7,1,Q1,176,3FGA,Missed Three Pointer (1/3 -  3 pt),PAN,Panathinaikos AKTOR Athens,P007975,"FRANCISCO, SYLVAIN",3,10,00:52,52.0,548,29,15,0,0,14,False,0,
E2026,7,1,Q1,177,D,Def Rebound (2),PRS,Paris Basketball,P012515,"TARPEY, TERRY",3,10,00:50,50.0,550,29,15,0,0,14,False,0,
E2026,7,1,Q1,178,CM,Foul (1),PAN,Panathinaikos AKTOR Athens,P003842,"LESSORT, MATHIAS",26,10,00:44,44.0,556,29,15,0,0,14,False,0,
E2026,7,1,Q1,179,RV,Foul Drawn (1),PRS,Paris Basketball,P015143,"ETIENNE, TYSON",9,10,00:44,44.0,556,29,15,0,0,14,False,0,
E2026,7,1,Q1,180,FTM,Free Throw In (1/1 -  1 pt),PRS,Paris Basketball,P015143,"ETIENNE, TYSON",9,10,00:44,44.0,556,29,16,0,1,13,True,0,
E2026,7,1,Q1,181,FTM,Free Throw In (2/2 -  2 pt),PRS,Paris Basketball,P015143,"ETIENNE, TYSON",9,10,00:44,44.0,556,29,17,0,1,12,True,0,
E2026,7,1,Q1,182,2FGM,Two Pointer (1/1 -  5 pt),PAN,Panathinaikos AKTOR Athens,P007975,"FRANCISCO, SYLVAIN",3,10,00:35,35.0,565,31,17,2,0,14,True,0,
E2026,7,1,Q1,183,2FGA,Missed Two Pointer (1/2 -  5 pt),PRS,Paris Basketball,P014178,"RHODEN, JARED",8,10,00:22,22.0,578,31,17,0,0,14,False,0,
E2026,7,1,Q1,184,D,Def Rebound (3),PAN,Panathinaikos AKTOR Athens,P003842,"LESSORT, MATHIAS",26,10,00:19,19.0,581,31,17,0,0,14,False,0,
E2026,7,1,Q1,185,2FGA,Missed Two Pointer (0/3 -  2 pt),PAN,Panathinaikos AKTOR Athens,P003842,"LESSORT, MATHIAS",26,10,00:00,0.0,600,31,17,0,0,14,False,0,
E2026,7,1,Q1,186,D,Def Rebound (3),PRS,Paris Basketball,P012515,"TARPEY, TERRY",3,10,00:00,0.0,600,31,17,0,0,14,False,0,
E2026,7,1,Q1,188,EP,End Period,,,,,,11,,,660,31,17,0,0,14,False,0,
E2026,7,2,Q2,199,BP,Begin Period,,,,,,11,,,660,31,17,0,0,14,False,0,
E2026,7,2,Q2,189,IN,In,PRS,Paris Basketball,P015168,"WARREN, TJ",1,11,10:00,600.0,600,31,17,0,0,14,False,0,
E2026,7,2,Q2,190,IN,In,PRS,Paris Basketball,P012640,"HIFI, NADIR",2,11,10:00,600.0,600,31,17,0,0,14,False,0,
E2026,7,2,Q2,191,OUT,Out,PRS,Paris Basketball,P012515,"TARPEY, TERRY",3,11,10:00,600.0,600,31,17,0,0,14,False,0,
E2026,7,2,Q2,192,OUT,Out,PRS,Paris Basketball,P013373,"CAVALIERE, LEOPOLD",4,11,10:00,600.0,600,31,17,0,0,14,False,0,
E2026,7,2,Q2,193,IN,In,PRS,Paris Basketball,P012611,"HERRERA, SEBASTIAN",7,11,10:00,600.0,600,31,17,0,0,14,False,0,
E2026,7,2,Q2,194,OUT,Out,PRS,Paris Basketball,P014178,"RHODEN, JARED",8,11,10:00,600.0,600,31,17,0,0,14,False,0,
E2026,7,2,Q2,195,OUT,Out,PRS,Paris Basketball,P015143,"ETIENNE, TYSON",9,11,10:00,600.0,600,31,17,0,0,14,False,0,
E2026,7,2,Q2,196,IN,In,PRS,Paris Basketball,P012403,"FAYE, MOUHAMED",15,11,10:00,600.0,600,31,17,0,0,14,False,0,
E2026,7,2,Q2,197,IN,In,PRS,Paris Basketball,P015160,"JOHNSON, ALIZE",24,11,10:00,600.0,600,31,17,0,0,14,False,0,
E2026,7,2,Q2,198,OUT,Out,PRS,Paris Basketball,P011949,"HOMMES, DAULTON",34,11,10:00,600.0,600,31,17,0,0,14,False,0,
E2026,7,2,Q2,200,2FGA,Missed Two Pointer (1/3 -  2 pt),PRS,Paris Basketball,P015160,"JOHNSON, ALIZE",24,11,09:40,580.0,620,31,17,0,0,14,False,0,
E2026,7,2,Q2,201,D,Def Rebound (4),PAN,Panathinaikos AKTOR Athens,P003842,"LESSORT, MATHIAS",26,11,09:39,579.0,621,31,17,0,0,14,False,0,
E2026,7,2,Q2,202,CM,Foul (3),PRS,Paris Basketball,P012403,"FAYE, MOUHAMED",15,11,09:27,567.0,633,31,17,0,0,14,False,0,
E2026,7,2,Q2,203,RV,Foul Drawn (2),PAN,Panathinaikos AKTOR Athens,P003842,"LESSORT, MATHIAS",26,11,09:27,567.0,633,31,17,0,0,14,False,0,
E2026,7,2,Q2,204,IN,In,PRS,Paris Basketball,P014010,"DOKOSSI, ALLAN",13,11,09:27,567.0,633,31,17,0,0,14,False,0,
E2026,7,2,Q2,205,OUT,Out,PRS,Paris Basketball,P012403,"FAYE, MOUHAMED",15,11,09:27,567.0,633,31,17,0,0,14,False,0,
E2026,7,2,Q2,206,2FGA,Missed Two Pointer (0/1 -  0 pt),PAN,Panathinaikos AKTOR Athens,P007527,"BADIO, BRANCOU",7,11,09:15,555.0,645,31,17,0,0,14,False,0,
E2026,7,2,Q2,207,D,Def Rebound (1),PRS,Paris Basketball,P015160,"JOHNSON, ALIZE",24,11,09:13,553.0,647,31,17,0,0,14,False,0,
E2026,7,2,Q2,208,CM,Foul (2),PAN,Panathinaikos AKTOR Athens,P006760,"BONGA, ISAAC",32,11,09:06,546.0,654,31,17,0,0,14,False,0,
E2026,7,2,Q2,209,RV,Foul Drawn (4),PRS,Paris Basketball,P012640,"HIFI, NADIR",2,11,09:06,546.0,654,31,17,0,0,14,False,0,
E2026,7,2,Q2,210,FTM,Free Throw In (1/1 -  1 pt),PRS,Paris Basketball,P012640,"HIFI, NADIR",2,11,09:06,546.0,654,31,18,0,1,13,True,0,
E2026,7,2,Q2,211,FTM,Free Throw In (2/2 -  2 pt),PRS,Paris Basketball,P012640,"HIFI, NADIR",2,11,09:06,546.0,654,31,19,0,1,12,True,0,
E2026,7,2,Q2,212,TO,Turnover (1),PAN,Panathinaikos AKTOR Athens,P007975,"FRANCISCO, SYLVAIN",3,11,09:02,542.0,658,31,19,0,0,12,False,0,
E2026,7,2,Q2,214,TO,Turnover (1),PRS,Paris Basketball,P012640,"HIFI, NADIR",2,12,08:56,536.0,664,31,19,0,0,12,False,0,
E2026,7,2,Q2,215,2FGM,Two Pointer (2/2 -  7 pt),PAN,Panathinaikos AKTOR Athens,P007975,"FRANCISCO, SYLVAIN",3,12,08:41,521.0,679,33,19,2,0,14,True,0,
E2026,7,2,Q2,216,CM,Foul (1),PRS,Paris Basketball,P015168,"WARREN, TJ",1,12,08:41,521.0,679,33,19,0,0,14,False,0,
E2026,7,2,Q2,217,RV,Foul Drawn (1),PAN,Panathinaikos AKTOR Athens,P007975,"FRANCISCO, SYLVAIN",3,12,08:41,521.0,679,33,19,0,0,14,False,0,
E2026,7,2,Q2,218,OUT,Out,PAN,Panathinaikos AKTOR Athens,P006760,"BONGA, ISAAC",32,12,08:41,521.0,679,33,19,0,0,14,False,0,
E2026,7,2,Q2,219,IN,In,PAN,Panathinaikos AKTOR Athens,P008084,"MANTZOUKAS, ELEFTHERIOS",72,12,08:41,521.0,679,33,19,0,0,14,False,0,
E2026,7,2,Q2,220,FTM,Free Throw In (1/1 -  8 pt),PAN,Panathinaikos AKTOR Athens,P007975,"FRANCISCO, SYLVAIN",3,12,08:41,521.0,679,34,19,1,0,15,True,0,
E2026,7,2,Q2,221,3FGA,Missed Three Pointer (0/1 -  2 pt),PRS,Paris Basketball,P012640,"HIFI, NADIR",2,12,08:14,494.0,706,34,19,0,0,15,False,0,
E2026,7,2,Q2,222,D,Def Rebound (3),PAN,Panathinaikos AKTOR Athens,P012712,"HERNANGOMEZ, JUANCHO",41,12,08:11,491.0,709,34,19,0,0,15,False,0,
E2026,7,2,Q2,223,2FGM,Two Pointer (3/3 -  10 pt),PAN,Panathinaikos AKTOR Athens,P007975,"FRANCISCO, SYLVAIN",3,12,08:09,489.0,711,36,19,2,0,17,True,0,
E2026,7,2,Q2,224,AS,Assist (1),PAN,Panathinaikos AKTOR Athens,P012712,"HERNANGOMEZ, JUANCHO",41,12,08:09,489.0,711,36,19,0,0,17,False,0,
E2026,7,2,Q2,225,TOUT,Time Out (1),PRS,Paris Basketball,,,,12,08:09,489.0,711,36,19,0,0,17,False,0,
E2026,7,2,Q2,226,TOUT_TV,TV Time Out (2),,,,,,12,08:09,489.0,711,36,19,0,0,17,False,0,
E2026,7,2,Q2,228,2FGA,Missed Two Pointer (0/1 -  3 pt),PRS,Paris Basketball,P015168,"WARREN, TJ",1,13,07:57,477.0,723,36,19,0,0,17,False,0,
E2026,7,2,Q2,229,D,Def Rebound (3),PAN,Panathinaikos AKTOR Athens,P007527,"BADIO, BRANCOU",7,13,07:55,475.0,725,36,19,0,0,17,False,0,
E2026,7,2,Q2,230,TO,Turnover (2),PAN,Panathinaikos AKTOR Athens,P003842,"LESSORT, MATHIAS",26,13,07:52,472.0,728,36,19,0,0,17,False,0,
E2026,7,2,Q2,231,2FGA,Missed Two Pointer (0/2 -  2 pt),PRS,Paris Basketball,P012640,"HIFI, NADIR",2,13,07:41,461.0,739,36,19,0,0,17,False,0,
E2026,7,2,Q2,232,O,Off Rebound (1),PRS,Paris Basketball,P014010,"DOKOSSI, ALLAN",13,13,07:39,459.0,741,36,19,0,0,17,False,0,
E2026,7,2,Q2,233,3FGM,Three Pointer (2/2 -  6 pt),PRS,Paris Basketball,P015168,"WARREN, TJ",1,13,07:36,456.0,744,36,22,0,3,14,True,0,
E2026,7,2,Q2,234,AS,Assist (3),PRS,Paris Basketball,P014010,"DOKOSSI, ALLAN",13,13,07:34,454.0,746,36,22,0,0,14,False,0,
E2026,7,2,Q2,235,2FGA,Missed Two Pointer (0/4 -  2 pt),PAN,Panathinaikos AKTOR Athens,P003842,"LESSORT, MATHIAS",26,13,07:17,437.0,763,36,22,0,0,14,False,0,
E2026,7,2,Q2,236,D,Def Rebound (1),PRS,Paris Basketball,P012640,"HIFI, NADIR",2,13,07:15,435.0,765,36,22,0,0,14,False,0,
E2026,7,2,Q2,237,CM,Foul (1),PAN,Panathinaikos AKTOR Athens,P008084,"MANTZOUKAS, ELEFTHERIOS",72,13,07:16,436.0,764,36,22,0,0,14,False,0,
E2026,7,2,Q2,238,RV,Foul Drawn (5),PRS,Paris Basketball,P012640,"HIFI, NADIR",2,13,07:16,436.0,764,36,22,0,0,14,False,0,
E2026,7,2,Q2,239,IN,In,PAN,Panathinaikos AKTOR Athens,P011209,"KALAITZAKIS, PANAGIOTIS",0,13,07:16,436.0,764,36,22,0,0,14,False,0,
E2026,7,2,Q2,240,OUT,Out,PAN,Panathinaikos AKTOR Athens,P007527,"BADIO, BRANCOU",7,13,07:16,436.0,764,36,22,0,0,14,False,0,
E2026,7,2,Q2,241,OUT,Out,PRS,Paris Basketball,P012611,"HERRERA, SEBASTIAN",7,13,07:16,436.0,764,36,22,0,0,14,False,0,
E2026,7,2,Q2,242,IN,In,PRS,Paris Basketball,P014178,"RHODEN, JARED",8,13,07:16,436.0,764,36,22,0,0,14,False,0,
E2026,7,2,Q2,243,IN,In,PRS,Paris Basketball,P010431,"MORGAN, JEREMY",20,13,07:16,436.0,764,36,22,0,0,14,False,0,
E2026,7,2,Q2,244,OUT,Out,PRS,Paris Basketball,P015160,"JOHNSON, ALIZE",24,13,07:16,436.0,764,36,22,0,0,14,False,0,
E2026,7,2,Q2,245,TO,Turnover (2),PRS,Paris Basketball,P012640,"HIFI, NADIR",2,13,07:04,424.0,776,36,22,0,0,14,False,0,
E2026,7,2,Q2,246,ST,Steal (1),PAN,Panathinaikos AKTOR Athens,P012712,"HERNANGOMEZ, JUANCHO",41,13,07:02,422.0,778,36,22,0,0,14,False,0,
E2026,7,2,Q2,247,CM,Foul (2),PRS,Paris Basketball,P015168,"WARREN, TJ",1,13,07:02,422.0,778,36,22,0,0,14,False,0,
E2026,7,2,Q2,248,RV,Foul Drawn (1),PAN,Panathinaikos AKTOR Athens,P012712,"HERNANGOMEZ, JUANCHO",41,13,07:02,422.0,778,36,22,0,0,14,False,0,
E2026,7,2,Q2,249,OUT,Out,PRS,Paris Basketball,P015168,"WARREN, TJ",1,13,07:02,422.0,778,36,22,0,0,14,False,0,
E2026,7,2,Q2,250,OUT,Out,PRS,Paris Basketball,P012640,"HIFI, NADIR",2,13,07:02,422.0,778,36,22,0,0,14,False,0,
E2026,7,2,Q2,251,IN,In,PRS,Paris Basketball,P015143,"ETIENNE, TYSON",9,13,07:02,422.0,778,36,22,0,0,14,False,0,
E2026,7,2,Q2,252,IN,In,PRS,Paris Basketball,P011949,"HOMMES, DAULTON",34,13,07:02,422.0,778,36,22,0,0,14,False,0,
E2026,7,2,Q2,254,TO,Turnover (2),PAN,Panathinaikos AKTOR Athens,P007975,"FRANCISCO, SYLVAIN",3,14,06:41,401.0,799,36,22,0,0,14,False,0,
E2026,7,2,Q2,255,ST,Steal (1),PRS,Paris Basketball,P010431,"MORGAN, JEREMY",20,14,06:39,399.0,801,36,22,0,0,14,False,0,
E2026,7,2,Q2,256,3FGA,Missed Three Pointer (0/3 -  2 pt),PRS,Paris Basketball,P015143,"ETIENNE, TYSON",9,14,06:30,390.0,810,36,22,0,0,14,False,0,
E2026,7,2,Q2,257,D,Def Rebound (1),PAN,Panathinaikos AKTOR Athens,P008084,"MANTZOUKAS, ELEFTHERIOS",72,14,06:27,387.0,813,36,22,0,0,14,False,0,
E2026,7,2,Q2,258,CM,Foul (1),PRS,Paris Basketball,P014178,"RHODEN, JARED",8,14,06:16,376.0,824,36,22,0,0,14,False,0,
E2026,7,2,Q2,259,RV,Foul Drawn (3),PAN,Panathinaikos AKTOR Athens,P003842,"LESSORT, MATHIAS",26,14,06:16,376.0,824,36,22,0,0,14,False,0,
E2026,7,2,Q2,260,OUT,Out,PAN,Panathinaikos AKTOR Athens,P007975,"FRANCISCO, SYLVAIN",3,14,06:16,376.0,824,36,22,0,0,14,False,0,
E2026,7,2,Q2,261,IN,In,PAN,Panathinaikos AKTOR Athens,P011204,"GRANT, JERIAN",22,14,06:16,376.0,824,36,22,0,0,14,False,0,
E2026,7,2,Q2,262,FTM,Free Throw In (3/3 -  3 pt),PAN,Panathinaikos AKTOR Athens,P003842,"LESSORT, MATHIAS",26,14,06:16,376.0,824,37,22,1,0,15,True,0,
E2026,7,2,Q2,263,AS,Assist (3),PAN,Panathinaikos AKTOR Athens,P007975,"FRANCISCO, SYLVAIN",3,14,06:16,376.0,824,37,22,0,0,15,False,0,
E2026,7,2,Q2,264,FTM,Free Throw In (4/4 -  4 pt),PAN,Panathinaikos AKTOR Athens,P003842,"LESSORT, MATHIAS",26,14,06:16,376.0,824,38,22,1,0,16,True,0,
E2026,7,2,Q2,265,OUT,Out,PAN,Panathinaikos AKTOR Athens,P003842,"LESSORT, MATHIAS",26,14,06:16,376.0,824,38,22,0,0,16,False,0,
E2026,7,2,Q2,266,IN,In,PAN,Panathinaikos AKTOR Athens,P010357,"YABUSELE, GUERSCHON",28,14,06:16,376.0,824,38,22,0,0,16,False,0,
E2026,7,2,Q2,267,OUT,Out,PAN,Panathinaikos AKTOR Athens,P012712,"HERNANGOMEZ, JUANCHO",41,14,06:16,376.0,824,38,22,0,0,16,False,0,
E2026,7,2,Q2,268,IN,In,PAN,Panathinaikos AKTOR Athens,P007866,"MITOGLOU, KONSTANTINOS",44,14,06:16,376.0,824,38,22,0,0,16,False,0,
E2026,7,2,Q2,269,IN,In,PRS,Paris Basketball,P013373,"CAVALIERE, LEOPOLD",4,14,06:16,376.0,824,38,22,0,0,16,False,0,
E2026,7,2,Q2,270,OUT,Out,PRS,Paris Basketball,P014010,"DOKOSSI, ALLAN",13,14,06:16,376.0,824,38,22,0,0,16,False,0,
E2026,7,2,Q2,271,3FGA,Missed Three Pointer (0/2 -  0 pt),PRS,Paris Basketball,P010431,"MORGAN, JEREMY",20,14,06:01,361.0,839,38,22,0,0,16,False,0,
E2026,7,2,Q2,273,D,Def Rebound (2),PAN,Panathinaikos AKTOR Athens,P008084,"MANTZOUKAS, ELEFTHERIOS",72,15,05:59,359.0,841,38,22,0,0,16,False,0,
E2026,7,2,Q2,274,3FGA,Missed Three Pointer (0/1 -  0 pt),PAN,Panathinaikos AKTOR Athens,P011209,"KALAITZAKIS, PANAGIOTIS",0,15,05:35,335.0,865,38,22,0,0,16,False,0,
E2026,7,2,Q2,275,D,Def Rebound (1),PRS,Paris Basketball,P011949,"HOMMES, DAULTON",34,15,05:33,333.0,867,38,22,0,0,16,False,0,
E2026,7,2,Q2,276,RV,Foul Drawn (2),PRS,Paris Basketball,P015143,"ETIENNE, TYSON",9,15,05:24,324.0,876,38,22,0,0,16,False,0,
E2026,7,2,Q2,277,CM,Foul (2),PAN,Panathinaikos AKTOR Athens,P008084,"MANTZOUKAS, ELEFTHERIOS",72,15,05:24,324.0,876,38,22,0,0,16,False,0,
E2026,7,2,Q2,278,FTA,Missed Free Throw (2/3 -  2 pt),PRS,Paris Basketball,P015143,"ETIENNE, TYSON",9,15,05:24,324.0,876,38,22,0,0,16,False,0,
E2026,7,2,Q2,279,FTA,Missed Free Throw (2/4 -  2 pt),PRS,Paris Basketball,P015143,"ETIENNE, TYSON",9,15,05:24,324.0,876,38,22,0,0,16,False,0,
E2026,7,2,Q2,280,FTM,Free Throw In (3/5 -  3 pt),PRS,Paris Basketball,P015143,"ETIENNE, TYSON",9,15,05:24,324.0,876,38,23,0,1,15,True,0,
E2026,7,2,Q2,281,AS,Assist (1),PRS,Paris Basketball,P013373,"CAVALIERE, LEOPOLD",4,15,05:24,324.0,876,38,23,0,0,15,False,0,
E2026,7,2,Q2,283,2FGA,Missed Two Pointer (0/2 -  0 pt),PAN,Panathinaikos AKTOR Athens,P011209,"KALAITZAKIS, PANAGIOTIS",0,16,04:59,299.0,901,38,23,0,0,15,False,0,
E2026,7,2,Q2,284,O,Off Rebound (2),PAN,Panathinaikos AKTOR Athens,P010357,"YABUSELE, GUERSCHON",28,16,04:56,296.0,904,38,23,0,0,15,False,0,
E2026,7,2,Q2,285,3FGA,Missed Three Pointer (0/2 -  0 pt),PAN,Panathinaikos AKTOR Athens,P011209,"KALAITZAKIS, PANAGIOTIS",0,16,04:51,291.0,909,38,23,0,0,15,False,0,
E2026,7,2,Q2,286,D,Def Rebound (2),PRS,Paris Basketball,P011949,"HOMMES, DAULTON",34,16,04:49,289.0,911,38,23,0,0,15,False,0,
E2026,7,2,Q2,287,2FGA,Missed Two Pointer (0/1 -  3 pt),PRS,Paris Basketball,P015143,"ETIENNE, TYSON",9,16,04:40,280.0,920,38,23,0,0,15,False,0,
E2026,7,2,Q2,288,AG,Shot Rejected (2),PRS,Paris Basketball,P015143,"ETIENNE, TYSON",9,16,04:40,280.0,920,38,23,0,0,15,False,0,
E2026,7,2,Q2,289,FV,Block (1),PAN,Panathinaikos AKTOR Athens,P008084,"MANTZOUKAS, ELEFTHERIOS",72,16,04:38,278.0,922,38,23,0,0,15,False,0,
E2026,7,2,Q2,290,D,Def Rebound (1),PAN,Panathinaikos AKTOR Athens,P007866,"MITOGLOU, KONSTANTINOS",44,16,04:36,276.0,924,38,23,0,0,15,False,0,
E2026,7,2,Q2,291,2FGM,Two Pointer (2/4 -  5 pt),PAN,Panathinaikos AKTOR Athens,P007866,"MITOGLOU, KONSTANTINOS",44,16,04:21,261.0,939,40,23,2,0,17,True,0,
E2026,7,2,Q2,292,AS,Assist (1),PAN,Panathinaikos AKTOR Athens,P011209,"KALAITZAKIS, PANAGIOTIS",0,16,04:19,259.0,941,40,23,0,0,17,False,0,
E2026,7,2,Q2,293,3FGA,Missed Three Pointer (1/2 -  5 pt),PRS,Paris Basketball,P014178,"RHODEN, JARED",8,16,04:09,249.0,951,40,23,0,0,17,False,0,
E2026,7,2,Q2,294,O,Off Rebound (1),PRS,Paris Basketball,P013373,"CAVALIERE, LEOPOLD",4,16,04:07,247.0,953,40,23,0,0,17,False,0,
E2026,7,2,Q2,296,TO,Turnover (2),PRS,Paris Basketball,,,,17,03:53,233.0,967,40,23,0,0,17,False,0,
E2026,7,2,Q2,297,TOUT,Time Out (1),PAN,Panathinaikos AKTOR Athens,,,,17,03:53,233.0,967,40,23,0,0,17,False,0,
E2026,7,2,Q2,298,IN,In,PRS,Paris Basketball,P012640,"HIFI, NADIR",2,17,03:53,233.0,967,40,23,0,0,17,False,0,
E2026,7,2,Q2,299,IN,In,PRS,Paris Basketball,P012515,"TARPEY, TERRY",3,17,03:53,233.0,967,40,23,0,0,17,False,0,
E2026,7,2,Q2,300,OUT,Out,PRS,Paris Basketball,P013373,"CAVALIERE, LEOPOLD",4,17,03:53,233.0,967,40,23,0,0,17,False,0,
E2026,7,2,Q2,301,IN,In,PRS,Paris Basketball,P012611,"HERRERA, SEBASTIAN",7,17,03:53,233.0,967,40,23,0,0,17,False,0,
E2026,7,2,Q2,302,OUT,Out,PRS,Paris Basketball,P014178,"RHODEN, JARED",8,17,03:53,233.0,967,40,23,0,0,17,False,0,
E2026,7,2,Q2,303,OUT,Out,PRS,Paris Basketball,P015143,"ETIENNE, TYSON",9,17,03:53,233.0,967,40,23,0,0,17,False,0,
E2026,7,2,Q2,304,IN,In,PRS,Paris Basketball,P014010,"DOKOSSI, ALLAN",13,17,03:53,233.0,967,40,23,0,0,17,False,0,
E2026,7,2,Q2,305,OUT,Out,PRS,Paris Basketball,P010431,"MORGAN, JEREMY",20,17,03:53,233.0,967,40,23,0,0,17,False,0,
E2026,7,2,Q2,306,3FGA,Missed Three Pointer (2/3 -  8 pt),PAN,Panathinaikos AKTOR Athens,P008084,"MANTZOUKAS, ELEFTHERIOS",72,17,03:33,213.0,987,40,23,0,0,17,False,0,
E2026,7,2,Q2,307,O,Off Rebound (1),PAN,Panathinaikos AKTOR Athens,P011204,"GRANT, JERIAN",22,17,03:31,211.0,989,40,23,0,0,17,False,0,
E2026,7,2,Q2,308,2FGM,Two Pointer (2/2 -  4 pt),PAN,Panathinaikos AKTOR Athens,P011204,"GRANT, JERIAN",22,17,03:29,209.0,991,42,23,2,0,19,True,0,
E2026,7,2,Q2,309,3FGA,Missed Three Pointer (1/3 -  3 pt),PRS,Paris Basketball,P012611,"HERRERA, SEBASTIAN",7,17,03:14,194.0,1006,42,23,0,0,19,False,0,
E2026,7,2,Q2,310,D,Def Rebound (2),PAN,Panathinaikos AKTOR Athens,P007866,"MITOGLOU, KONSTANTINOS",44,17,03:12,192.0,1008,42,23,0,0,19,False,0,
E2026,7,2,Q2,312,3FGA,Missed Three Pointer (2/4 -  8 pt),PAN,Panathinaikos AKTOR Athens,P008084,"MANTZOUKAS, ELEFTHERIOS",72,18,02:48,168.0,1032,42,23,0,0,19,False,0,
E2026,7,2,Q2,313,D,Def Rebound (2),PRS,Paris Basketball,P014010,"DOKOSSI, ALLAN",13,18,02:46,166.0,1034,42,23,0,0,19,False,0,
E2026,7,2,Q2,314,3FGA,Missed Three Pointer (0/2 -  2 pt),PRS,Paris Basketball,P012640,"HIFI, NADIR",2,18,02:39,159.0,1041,42,23,0,0,19,False,0,
E2026,7,2,Q2,315,O,Off Rebound (1),PRS,Paris Basketball,P012640,"HIFI, NADIR",2,18,02:37,157.0,1043,42,23,0,0,19,False,0,
E2026,7,2,Q2,316,2FGA,Missed Two Pointer (0/3 -  2 pt),PRS,Paris Basketball,P012640,"HIFI, NADIR",2,18,02:26,146.0,1054,42,23,0,0,19,False,0,
E2026,7,2,Q2,317,AG,Shot Rejected (1),PRS,Paris Basketball,P012640,"HIFI, NADIR",2,18,02:26,146.0,1054,42,23,0,0,19,False,0,
E2026,7,2,Q2,318,FV,Block (2),PAN,Panathinaikos AKTOR Athens,P008084,"MANTZOUKAS, ELEFTHERIOS",72,18,02:26,146.0,1054,42,23,0,0,19,False,0,
E2026,7,2,Q2,319,D,Def Rebound (1),PAN,Panathinaikos AKTOR Athens,,,,18,02:26,146.0,1054,42,23,0,0,19,False,0,
E2026,7,2,Q2,320,IN,In,PRS,Paris Basketball,P015168,"WARREN, TJ",1,18,02:26,146.0,1054,42,23,0,0,19,False,0,
E2026,7,2,Q2,321,OUT,Out,PRS,Paris Basketball,P011949,"HOMMES, DAULTON",34,18,02:26,146.0,1054,42,23,0,0,19,False,0,
E2026,7,2,Q2,322,3FGA,Missed Three Pointer (0/2 -  4 pt),PAN,Panathinaikos AKTOR Athens,P011204,"GRANT, JERIAN",22,18,02:05,125.0,1075,42,23,0,0,19,False,0,
E2026,7,2,Q2,323,D,Def Rebound (1),PRS,Paris Basketball,P012611,"HERRERA, SEBASTIAN",7,18,02:03,123.0,1077,42,23,0,0,19,False,0,
E2026,7,2,Q2,325,3FGM,Three Pointer (2/4 -  6 pt),PRS,Paris Basketball,P012611,"HERRERA, SEBASTIAN",7,19,01:55,115.0,1085,42,26,0,3,16,True,0,
E2026,7,2,Q2,326,AS,Assist (1),PRS,Paris Basketball,P012515,"TARPEY, TERRY",3,19,01:53,113.0,1087,42,26,0,0,16,False,0,
E2026,7,2,Q2,327,3FGA,Missed Three Pointer (1/2 -  3 pt),PAN,Panathinaikos AKTOR Athens,P010357,"YABUSELE, GUERSCHON",28,19,01:29,89.0,1111,42,26,0,0,16,False,0,
E2026,7,2,Q2,328,D,Def Rebound (1),PRS,Paris Basketball,P015168,"WARREN, TJ",1,19,01:26,86.0,1114,42,26,0,0,16,False,0,
E2026,7,2,Q2,329,3FGM,Three Pointer (3/5 -  9 pt),PRS,Paris Basketball,P012611,"HERRERA, SEBASTIAN",7,19,01:20,80.0,1120,42,29,0,3,13,True,0,
E2026,7,2,Q2,330,AS,Assist (2),PRS,Paris Basketball,P012515,"TARPEY, TERRY",3,19,01:18,78.0,1122,42,29,0,0,13,False,0,
E2026,7,2,Q2,331,TOUT,Time Out (2),PAN,Panathinaikos AKTOR Athens,,,,19,01:18,78.0,1122,42,29,0,0,13,False,0,
E2026,7,2,Q2,332,OUT,Out,PAN,Panathinaikos AKTOR Athens,P011209,"KALAITZAKIS, PANAGIOTIS",0,19,01:18,78.0,1122,42,29,0,0,13,False,0,
E2026,7,2,Q2,333,IN,In,PAN,Panathinaikos AKTOR Athens,P007975,"FRANCISCO, SYLVAIN",3,19,01:18,78.0,1122,42,29,0,0,13,False,0,
E2026,7,2,Q2,334,IN,In,PAN,Panathinaikos AKTOR Athens,P007527,"BADIO, BRANCOU",7,19,01:18,78.0,1122,42,29,0,0,13,False,0,
E2026,7,2,Q2,335,OUT,Out,PAN,Panathinaikos AKTOR Athens,P011204,"GRANT, JERIAN",22,19,01:18,78.0,1122,42,29,0,0,13,False,0,
E2026,7,2,Q2,336,IN,In,PAN,Panathinaikos AKTOR Athens,P003842,"LESSORT, MATHIAS",26,19,01:18,78.0,1122,42,29,0,0,13,False,0,
E2026,7,2,Q2,337,OUT,Out,PAN,Panathinaikos AKTOR Athens,P007866,"MITOGLOU, KONSTANTINOS",44,19,01:18,78.0,1122,42,29,0,0,13,False,0,
E2026,7,2,Q2,339,TO,Turnover (3),PAN,Panathinaikos AKTOR Athens,P007975,"FRANCISCO, SYLVAIN",3,20,00:57,57.0,1143,42,29,0,0,13,False,0,
E2026,7,2,Q2,340,ST,Steal (2),PRS,Paris Basketball,P014010,"DOKOSSI, ALLAN",13,20,00:55,55.0,1145,42,29,0,0,13,False,0,
E2026,7,2,Q2,341,3FGA,Missed Three Pointer (0/3 -  2 pt),PRS,Paris Basketball,P012640,"HIFI, NADIR",2,20,00:48,48.0,1152,42,29,0,0,13,False,0,
E2026,7,2,Q2,342,AG,Shot Rejected (2),PRS,Paris Basketball,P012640,"HIFI, NADIR",2,20,00:48,48.0,1152,42,29,0,0,13,False,0,
E2026,7,2,Q2,343,FV,Block (2),PAN,Panathinaikos AKTOR Athens,P003842,"LESSORT, MATHIAS",26,20,00:46,46.0,1154,42,29,0,0,13,False,0,
E2026,7,2,Q2,344,D,Def Rebound (1),PAN,Panathinaikos AKTOR Athens,P007975,"FRANCISCO, SYLVAIN",3,20,00:44,44.0,1156,42,29,0,0,13,False,0,
E2026,7,2,Q2,345,TO,Turnover (3),PAN,Panathinaikos AKTOR Athens,P003842,"LESSORT, MATHIAS",26,20,00:40,40.0,1160,42,29,0,0,13,False,0,
E2026,7,2,Q2,346,2FGM,Two Pointer (1/4 -  4 pt),PRS,Paris Basketball,P012640,"HIFI, NADIR",2,20,00:18,18.0,1182,42,31,0,2,11,True,0,
E2026,7,2,Q2,347,AS,Assist (3),PRS,Paris Basketball,P012515,"TARPEY, TERRY",3,20,00:08,8.0,1192,42,31,0,0,11,False,0,
E2026,7,2,Q2,351,EP,End Period,,,,,,21,,,1260,42,31,0,0,11,False,0,
E2026,7,3,Q3,360,BP,Begin Period,,,,,,21,,,1260,42,31,0,0,11,False,0,
E2026,7,3,Q3,352,IN,In,PAN,Panathinaikos AKTOR Athens,P011209,"KALAITZAKIS, PANAGIOTIS",0,21,10:00,600.0,1200,42,31,0,0,11,False,0,
E2026,7,3,Q3,353,OUT,Out,PAN,Panathinaikos AKTOR Athens,P007975,"FRANCISCO, SYLVAIN",3,21,10:00,600.0,1200,42,31,0,0,11,False,0,
E2026,7,3,Q3,354,OUT,Out,PAN,Panathinaikos AKTOR Athens,P007527,"BADIO, BRANCOU",7,21,10:00,600.0,1200,42,31,0,0,11,False,0,
E2026,7,3,Q3,355,IN,In,PAN,Panathinaikos AKTOR Athens,P011204,"GRANT, JERIAN",22,21,10:00,600.0,1200,42,31,0,0,11,False,0,
E2026,7,3,Q3,356,OUT,Out,PAN,Panathinaikos AKTOR Athens,P003842,"LESSORT, MATHIAS",26,21,10:00,600.0,1200,42,31,0,0,11,False,0,
E2026,7,3,Q3,357,IN,In,PAN,Panathinaikos AKTOR Athens,P007866,"MITOGLOU, KONSTANTINOS",44,21,10:00,600.0,1200,42,31,0,0,11,False,0,
E2026,7,3,Q3,358,OUT,Out,PRS,Paris Basketball,P012611,"HERRERA, SEBASTIAN",7,21,10:00,600.0,1200,42,31,0,0,11,False,0,
E2026,7,3,Q3,359,IN,In,PRS,Paris Basketball,P014178,"RHODEN, JARED",8,21,10:00,600.0,1200,42,31,0,0,11,False,0,
E2026,7,3,Q3,361,2FGA,Missed Two Pointer (1/3 -  5 pt),PRS,Paris Basketball,P014178,"RHODEN, JARED",8,21,09:35,575.0,1225,42,31,0,0,11,False,0,
E2026,7,3,Q3,362,O,Off Rebound (1),PRS,Paris Basketball,P012515,"TARPEY, TERRY",3,21,09:33,573.0,1227,42,31,0,0,11,False,0,
E2026,7,3,Q3,363,TO,Turnover (1),PRS,Paris Basketball,P012515,"TARPEY, TERRY",3,21,09:32,572.0,1228,42,31,0,0,11,False,0,
E2026,7,3,Q3,364,ST,Steal (1),PAN,Panathinaikos AKTOR Athens,P007866,"MITOGLOU, KONSTANTINOS",44,21,09:30,570.0,1230,42,31,0,0,11,False,0,
E2026,7,3,Q3,365,2FGM,Two Pointer (2/2 -  10 pt),PAN,Panathinaikos AKTOR Athens,P008084,"MANTZOUKAS, ELEFTHERIOS",72,21,09:19,559.0,1241,44,31,2,0,13,True,0,
E2026,7,3,Q3,366,3FGA,Missed Three Pointer (1/3 -  5 pt),PRS,Paris Basketball,P014178,"RHODEN, JARED",8,21,09:10,550.0,1250,44,31,0,0,13,False,0,
E2026,7,3,Q3,367,D,Def Rebound (1),PAN,Panathinaikos AKTOR Athens,P011209,"KALAITZAKIS, PANAGIOTIS",0,21,09:08,548.0,1252,44,31,0,0,13,False,0,
E2026,7,3,Q3,368,2FGM,Two Pointer (1/2 -  5 pt),PAN,Panathinaikos AKTOR Athens,P010357,"YABUSELE, GUERSCHON",28,21,09:04,544.0,1256,46,31,2,0,15,True,0,
E2026,7,3,Q3,369,AS,Assist (2),PAN,Panathinaikos AKTOR Athens,P011209,"KALAITZAKIS, PANAGIOTIS",0,21,09:02,542.0,1258,46,31,0,0,15,False,0,
E2026,7,3,Q3,371,2FGA,Missed Two Pointer (1/5 -  4 pt),PRS,Paris Basketball,P012640,"HIFI, NADIR",2,22,08:50,530.0,1270,46,31,0,0,15,False,0,
E2026,7,3,Q3,372,D,Def Rebound (2),PAN,Panathinaikos AKTOR Athens,P011209,"KALAITZAKIS, PANAGIOTIS",0,22,08:49,529.0,1271,46,31,0,0,15,False,0,
E2026,7,3,Q3,373,CM,Foul (1),PRS,Paris Basketball,P012515,"TARPEY, TERRY",3,22,08:49,529.0,1271,46,31,0,0,15,False,0,
E2026,7,3,Q3,374,RV,Foul Drawn (1),PAN,Panathinaikos AKTOR Athens,P011209,"KALAITZAKIS, PANAGIOTIS",0,22,08:49,529.0,1271,46,31,0,0,15,False,0,
E2026,7,3,Q3,375,2FGA,Missed Two Pointer (2/3 -  4 pt),PAN,Panathinaikos AKTOR Athens,P011204,"GRANT, JERIAN",22,22,08:25,505.0,1295,46,31,0,0,15,False,0,
E2026,7,3,Q3,376,O,Off Rebound (2),PAN,Panathinaikos AKTOR Athens,P007866,"MITOGLOU, KONSTANTINOS",44,22,08:23,503.0,1297,46,31,0,0,15,False,0,
E2026,7,3,Q3,377,2FGM,Two Pointer (3/5 -  7 pt),PAN,Panathinaikos AKTOR Athens,P007866,"MITOGLOU, KONSTANTINOS",44,22,08:22,502.0,1298,48,31,2,0,17,True,0,
E2026,7,3,Q3,378,CM,Foul (1),PAN,Panathinaikos AKTOR Athens,P007866,"MITOGLOU, KONSTANTINOS",44,22,08:09,489.0,1311,48,31,0,0,17,False,0,
E2026,7,3,Q3,379,RV,Foul Drawn (6),PRS,Paris Basketball,P012640,"HIFI, NADIR",2,22,08:09,489.0,1311,48,31,0,0,17,False,0,
E2026,7,3,Q3,380,CCH,Coach Challenge (1),PRS,Paris Basketball,,,,22,08:09,489.0,1311,48,31,0,0,17,False,0,
E2026,7,3,Q3,381,CM,Foul (2),PAN,Panathinaikos AKTOR Athens,P011209,"KALAITZAKIS, PANAGIOTIS",0,22,08:01,481.0,1319,48,31,0,0,17,False,0,
E2026,7,3,Q3,382,RV,Foul Drawn (7),PRS,Paris Basketball,P012640,"HIFI, NADIR",2,22,08:01,481.0,1319,48,31,0,0,17,False,0,
E2026,7,3,Q3,384,TO,Turnover (1),PRS,Paris Basketball,P014178,"RHODEN, JARED",8,23,07:59,479.0,1321,48,31,0,0,17,False,0,
E2026,7,3,Q3,385,ST,Steal (2),PAN,Panathinaikos AKTOR Athens,P007866,"MITOGLOU, KONSTANTINOS",44,23,07:57,477.0,1323,48,31,0,0,17,False,0,
E2026,7,3,Q3,386,TO,Turnover (1),PAN,Panathinaikos AKTOR Athens,P007866,"MITOGLOU, KONSTANTINOS",44,23,07:55,475.0,1325,48,31,0,0,17,False,0,
E2026,7,3,Q3,387,ST,Steal (1),PRS,Paris Basketball,P012515,"TARPEY, TERRY",3,23,07:54,474.0,1326,48,31,0,0,17,False,0,
E2026,7,3,Q3,388,2FGM,Two Pointer (2/4 -  7 pt),PRS,Paris Basketball,P014178,"RHODEN, JARED",8,23,07:50,470.0,1330,48,33,0,2,15,True,0,
E2026,7,3,Q3,431,AS,Assist (4),PRS,Paris Basketball,P012515,"TARPEY, TERRY",3,23,07:50,470.0,1330,48,33,0,0,15,False,0,
E2026,7,3,Q3,389,2FGA,Missed Two Pointer (3/6 -  7 pt),PAN,Panathinaikos AKTOR Athens,P007866,"MITOGLOU, KONSTANTINOS",44,23,07:27,447.0,1353,48,33,0,0,15,False,0,
E2026,7,3,Q3,390,AG,Shot Rejected (1),PAN,Panathinaikos AKTOR Athens,P007866,"MITOGLOU, KONSTANTINOS",44,23,07:27,447.0,1353,48,33,0,0,15,False,0,
E2026,7,3,Q3,391,FV,Block (1),PRS,Paris Basketball,P014178,"RHODEN, JARED",8,23,07:27,447.0,1353,48,33,0,0,15,False,0,
E2026,7,3,Q3,392,O,Off Rebound (3),PAN,Panathinaikos AKTOR Athens,P007866,"MITOGLOU, KONSTANTINOS",44,23,07:27,447.0,1353,48,33,0,0,15,False,0,
E2026,7,3,Q3,393,CM,Foul (2),PRS,Paris Basketball,P014010,"DOKOSSI, ALLAN",13,23,07:27,447.0,1353,48,33,0,0,15,False,0,
E2026,7,3,Q3,394,RV,Foul Drawn (2),PAN,Panathinaikos AKTOR Athens,P007866,"MITOGLOU, KONSTANTINOS",44,23,07:27,447.0,1353,48,33,0,0,15,False,0,
E2026,7,3,Q3,395,FTM,Free Throw In (2/2 -  8 pt),PAN,Panathinaikos AKTOR Athens,P007866,"MITOGLOU, KONSTANTINOS",44,23,07:27,447.0,1353,49,33,1,0,16,True,0,
E2026,7,3,Q3,396,FTM,Free Throw In (3/3 -  9 pt),PAN,Panathinaikos AKTOR Athens,P007866,"MITOGLOU, KONSTANTINOS",44,23,07:27,447.0,1353,50,33,1,0,17,True,0,
E2026,7,3,Q3,397,3FGA,Missed Three Pointer (0/3 -  0 pt),PRS,Paris Basketball,P012515,"TARPEY, TERRY",3,23,07:12,432.0,1368,50,33,0,0,17,False,0,
E2026,7,3,Q3,398,O,Off Rebound (1),PRS,Paris Basketball,P014178,"RHODEN, JARED",8,23,07:10,430.0,1370,50,33,0,0,17,False,0,
E2026,7,3,Q3,399,TO,Turnover (2),PRS,Paris Basketball,P014178,"RHODEN, JARED",8,23,07:01,421.0,1379,50,33,0,0,17,False,0,
E2026,7,3,Q3,401,ST,Steal (1),PAN,Panathinaikos AKTOR Athens,P011204,"GRANT, JERIAN",22,24,06:59,419.0,1381,50,33,0,0,17,False,0,
E2026,7,3,Q3,402,3FGA,Missed Three Pointer (1/3 -  5 pt),PAN,Panathinaikos AKTOR Athens,P010357,"YABUSELE, GUERSCHON",28,24,06:45,405.0,1395,50,33,0,0,17,False,0,
E2026,7,3,Q3,403,D,Def Rebound (2),PRS,Paris Basketball,P015168,"WARREN, TJ",1,24,06:43,403.0,1397,50,33,0,0,17,False,0,
E2026,7,3,Q3,404,3FGA,Missed Three Pointer (0/4 -  0 pt),PRS,Paris Basketball,P012515,"TARPEY, TERRY",3,24,06:35,395.0,1405,50,33,0,0,17,False,0,
E2026,7,3,Q3,405,D,Def Rebound (3),PAN,Panathinaikos AKTOR Athens,P007866,"MITOGLOU, KONSTANTINOS",44,24,06:32,392.0,1408,50,33,0,0,17,False,0,
E2026,7,3,Q3,406,2FGA,Missed Two Pointer (1/3 -  5 pt),PAN,Panathinaikos AKTOR Athens,P010357,"YABUSELE, GUERSCHON",28,24,06:27,387.0,1413,50,33,0,0,17,False,0,
E2026,7,3,Q3,407,D,Def Rebound (3),PRS,Paris Basketball,P014010,"DOKOSSI, ALLAN",13,24,06:25,385.0,1415,50,33,0,0,17,False,0,
E2026,7,3,Q3,408,3FGA,Missed Three Pointer (0/4 -  4 pt),PRS,Paris Basketball,P012640,"HIFI, NADIR",2,24,06:17,377.0,1423,50,33,0,0,17,False,0,
E2026,7,3,Q3,409,O,Off Rebound (2),PRS,Paris Basketball,P014010,"DOKOSSI, ALLAN",13,24,06:14,374.0,1426,50,33,0,0,17,False,0,
E2026,7,3,Q3,410,2FGM,Two Pointer (2/2 -  4 pt),PRS,Paris Basketball,P014010,"DOKOSSI, ALLAN",13,24,06:14,374.0,1426,50,35,0,2,15,True,0,
E2026,7,3,Q3,411,OUT,Out,PAN,Panathinaikos AKTOR Athens,P011209,"KALAITZAKIS, PANAGIOTIS",0,24,06:06,366.0,1434,50,35,0,0,15,False,0,
E2026,7,3,Q3,412,IN,In,PAN,Panathinaikos AKTOR Athens,P007975,"FRANCISCO, SYLVAIN",3,24,06:06,366.0,1434,50,35,0,0,15,False,0,
E2026,7,3,Q3,413,IN,In,PAN,Panathinaikos AKTOR Athens,P007527,"BADIO, BRANCOU",7,24,06:06,366.0,1434,50,35,0,0,15,False,0,
E2026,7,3,Q3,414,OUT,Out,PAN,Panathinaikos AKTOR Athens,P011204,"GRANT, JERIAN",22,24,06:06,366.0,1434,50,35,0,0,15,False,0,
E2026,7,3,Q3,415,IN,In,PAN,Panathinaikos AKTOR Athens,P003842,"LESSORT, MATHIAS",26,24,06:06,366.0,1434,50,35,0,0,15,False,0,
E2026,7,3,Q3,416,OUT,Out,PAN,Panathinaikos AKTOR Athens,P007866,"MITOGLOU, KONSTANTINOS",44,24,06:06,366.0,1434,50,35,0,0,15,False,0,
E2026,7,3,Q3,417,OUT,Out,PRS,Paris Basketball,P015168,"WARREN, TJ",1,24,06:06,366.0,1434,50,35,0,0,15,False,0,
E2026,7,3,Q3,418,OUT,Out,PRS,Paris Basketball,P012640,"HIFI, NADIR",2,24,06:06,366.0,1434,50,35,0,0,15,False,0,
E2026,7,3,Q3,419,OUT,Out,PRS,Paris Basketball,P012515,"TARPEY, TERRY",3,24,06:06,366.0,1434,50,35,0,0,15,False,0,
E2026,7,3,Q3,420,IN,In,PRS,Paris Basketball,P012611,"HERRERA, SEBASTIAN",7,24,06:06,366.0,1434,50,35,0,0,15,False,0,
E2026,7,3,Q3,421,OUT,Out,PRS,Paris Basketball,P014178,"RHODEN, JARED",8,24,06:06,366.0,1434,50,35,0,0,15,False,0,
E2026,7,3,Q3,422,IN,In,PRS,Paris Basketball,P015143,"ETIENNE, TYSON",9,24,06:06,366.0,1434,50,35,0,0,15,False,0,
E2026,7,3,Q3,423,OUT,Out,PRS,Paris Basketball,P014010,"DOKOSSI, ALLAN",13,24,06:06,366.0,1434,50,35,0,0,15,False,0,
E2026,7,3,Q3,424,IN,In,PRS,Paris Basketball,P012403,"FAYE, MOUHAMED",15,24,06:06,366.0,1434,50,35,0,0,15,False,0,
E2026,7,3,Q3,425,IN,In,PRS,Paris Basketball,P015160,"JOHNSON, ALIZE",24,24,06:06,366.0,1434,50,35,0,0,15,False,0,
E2026,7,3,Q3,426,IN,In,PRS,Paris Basketball,P011949,"HOMMES, DAULTON",34,24,06:06,366.0,1434,50,35,0,0,15,False,0,
E2026,7,3,Q3,427,2FGM,Two Pointer (2/4 -  7 pt),PAN,Panathinaikos AKTOR Athens,P010357,"YABUSELE, GUERSCHON",28,24,06:05,365.0,1435,52,35,2,0,17,True,0,
E2026,7,3,Q3,428,AS,Assist (2),PAN,Panathinaikos AKTOR Athens,P007527,"BADIO, BRANCOU",7,24,06:05,365.0,1435,52,35,0,0,17,False,0,
E2026,7,3,Q3,429,CM,Foul (1),PRS,Paris Basketball,P015160,"JOHNSON, ALIZE",24,24,06:05,365.0,1435,52,35,0,0,17,False,0,
E2026,7,3,Q3,430,RV,Foul Drawn (1),PAN,Panathinaikos AKTOR Athens,P010357,"YABUSELE, GUERSCHON",28,24,06:05,365.0,1435,52,35,0,0,17,False,0,
E2026,7,3,Q3,432,FTM,Free Throw In (1/1 -  8 pt),PAN,Panathinaikos AKTOR Athens,P010357,"YABUSELE, GUERSCHON",28,24,06:05,365.0,1435,53,35,1,0,18,True,0,
E2026,7,3,Q3,434,3FGA,Missed Three Pointer (0/4 -  3 pt),PRS,Paris Basketball,P015143,"ETIENNE, TYSON",9,25,05:46,346.0,1454,53,35,0,0,18,False,0,
E2026,7,3,Q3,435,D,Def Rebound (5),PAN,Panathinaikos AKTOR Athens,P003842,"LESSORT, MATHIAS",26,25,05:44,344.0,1456,53,35,0,0,18,False,0,
E2026,7,3,Q3,436,2FGM,Two Pointer (1/2 -  2 pt),PAN,Panathinaikos AKTOR Athens,P007527,"BADIO, BRANCOU",7,25,05:26,326.0,1474,55,35,2,0,20,True,0,
E2026,7,3,Q3,437,AS,Assist (4),PAN,Panathinaikos AKTOR Athens,P007975,"FRANCISCO, SYLVAIN",3,25,05:25,325.0,1475,55,35,0,0,20,False,0,
E2026,7,3,Q3,438,2FGA,Missed Two Pointer (0/1 -  0 pt),PRS,Paris Basketball,P011949,"HOMMES, DAULTON",34,25,05:05,305.0,1495,55,35,0,0,20,False,0,
E2026,7,3,Q3,439,AG,Shot Rejected (1),PRS,Paris Basketball,P011949,"HOMMES, DAULTON",34,25,05:05,305.0,1495,55,35,0,0,20,False,0,
E2026,7,3,Q3,440,FV,Block (3),PAN,Panathinaikos AKTOR Athens,P008084,"MANTZOUKAS, ELEFTHERIOS",72,25,05:03,303.0,1497,55,35,0,0,20,False,0,
E2026,7,3,Q3,441,D,Def Rebound (3),PAN,Panathinaikos AKTOR Athens,P010357,"YABUSELE, GUERSCHON",28,25,05:02,302.0,1498,55,35,0,0,20,False,0,
E2026,7,3,Q3,443,2FGM,Two Pointer (3/5 -  10 pt),PAN,Panathinaikos AKTOR Athens,P010357,"YABUSELE, GUERSCHON",28,26,04:55,295.0,1505,57,35,2,0,22,True,0,
E2026,7,3,Q3,444,RV,Foul Drawn (2),PRS,Paris Basketball,P015160,"JOHNSON, ALIZE",24,26,04:50,290.0,1510,57,35,0,0,22,False,0,
E2026,7,3,Q3,445,CM,Foul (2),PAN,Panathinaikos AKTOR Athens,P010357,"YABUSELE, GUERSCHON",28,26,04:50,290.0,1510,57,35,0,0,22,False,0,
E2026,7,3,Q3,446,TOUT_TV,TV Time Out (3),,,,,,26,04:50,290.0,1510,57,35,0,0,22,False,0,
E2026,7,3,Q3,447,FTA,Missed Free Throw (0/2 -  2 pt),PRS,Paris Basketball,P015160,"JOHNSON, ALIZE",24,26,04:50,290.0,1510,57,35,0,0,22,False,0,
E2026,7,3,Q3,448,FTA,Missed Free Throw (0/3 -  2 pt),PRS,Paris Basketball,P015160,"JOHNSON, ALIZE",24,26,04:50,290.0,1510,57,35,0,0,22,False,0,
E2026,7,3,Q3,449,O,Off Rebound (1),PRS,Paris Basketball,P012403,"FAYE, MOUHAMED",15,26,04:50,290.0,1510,57,35,0,0,22,False,0,
E2026,7,3,Q3,450,3FGA,Missed Three Pointer (3/6 -  9 pt),PRS,Paris Basketball,P012611,"HERRERA, SEBASTIAN",7,26,04:44,284.0,1516,57,35,0,0,22,False,0,
E2026,7,3,Q3,451,D,Def Rebound (6),PAN,Panathinaikos AKTOR Athens,P003842,"LESSORT, MATHIAS",26,26,04:44,284.0,1516,57,35,0,0,22,False,0,
E2026,7,3,Q3,452,CM,Foul (2),PRS,Paris Basketball,P015160,"JOHNSON, ALIZE",24,26,04:44,284.0,1516,57,35,0,0,22,False,0,
E2026,7,3,Q3,453,RV,Foul Drawn (4),PAN,Panathinaikos AKTOR Athens,P003842,"LESSORT, MATHIAS",26,26,04:44,284.0,1516,57,35,0,0,22,False,0,
E2026,7,3,Q3,454,3FGA,Missed Three Pointer (1/4 -  10 pt),PAN,Panathinaikos AKTOR Athens,P007975,"FRANCISCO, SYLVAIN",3,26,04:22,262.0,1538,57,35,0,0,22,False,0,
E2026,7,3,Q3,455,D,Def Rebound (1),PRS,Paris Basketball,P012403,"FAYE, MOUHAMED",15,26,04:20,260.0,1540,57,35,0,0,22,False,0,
E2026,7,3,Q3,456,2FGA,Missed Two Pointer (1/4 -  2 pt),PRS,Paris Basketball,P015160,"JOHNSON, ALIZE",24,26,04:14,254.0,1546,57,35,0,0,22,False,0,
E2026,7,3,Q3,457,AG,Shot Rejected (1),PRS,Paris Basketball,P015160,"JOHNSON, ALIZE",24,26,04:14,254.0,1546,57,35,0,0,22,False,0,
E2026,7,3,Q3,458,FV,Block (3),PAN,Panathinaikos AKTOR Athens,P003842,"LESSORT, MATHIAS",26,26,04:12,252.0,1548,57,35,0,0,22,False,0,
E2026,7,3,Q3,459,D,Def Rebound (3),PAN,Panathinaikos AKTOR Athens,P008084,"MANTZOUKAS, ELEFTHERIOS",72,26,04:10,250.0,1550,57,35,0,0,22,False,0,
E2026,7,3,Q3,460,3FGM,Three Pointer (2/4 -  13 pt),PAN,Panathinaikos AKTOR Athens,P010357,"YABUSELE, GUERSCHON",28,26,04:01,241.0,1559,60,35,3,0,25,True,0,
E2026,7,3,Q3,462,AS,Assist (2),PAN,Panathinaikos AKTOR Athens,P003842,"LESSORT, MATHIAS",26,27,03:59,239.0,1561,60,35,0,0,25,False,0,
E2026,7,3,Q3,463,3FGA,Missed Three Pointer (0/5 -  3 pt),PRS,Paris Basketball,P015143,"ETIENNE, TYSON",9,27,03:28,208.0,1592,60,35,0,0,25,False,0,
E2026,7,3,Q3,464,D,Def Rebound (2),PAN,Panathinaikos AKTOR Athens,P007975,"FRANCISCO, SYLVAIN",3,27,03:26,206.0,1594,60,35,0,0,25,False,0,
E2026,7,3,Q3,465,3FGA,Missed Three Pointer (2/5 -  13 pt),PAN,Panathinaikos AKTOR Athens,P010357,"YABUSELE, GUERSCHON",28,27,03:09,189.0,1611,60,35,0,0,25,False,0,
E2026,7,3,Q3,466,O,Off Rebound (2),PAN,Panathinaikos AKTOR Athens,,,,27,03:09,189.0,1611,60,35,0,0,25,False,0,
E2026,7,3,Q3,467,CM,Foul (3),PRS,Paris Basketball,P015160,"JOHNSON, ALIZE",24,27,03:09,189.0,1611,60,35,0,0,25,False,0,
E2026,7,3,Q3,468,RV,Foul Drawn (5),PAN,Panathinaikos AKTOR Athens,P003842,"LESSORT, MATHIAS",26,27,03:09,189.0,1611,60,35,0,0,25,False,0,
E2026,7,3,Q3,469,OUT,Out,PAN,Panathinaikos AKTOR Athens,P010357,"YABUSELE, GUERSCHON",28,27,03:09,189.0,1611,60,35,0,0,25,False,0,
E2026,7,3,Q3,470,IN,In,PAN,Panathinaikos AKTOR Athens,P006760,"BONGA, ISAAC",32,27,03:09,189.0,1611,60,35,0,0,25,False,0,
E2026,7,3,Q3,471,IN,In,PAN,Panathinaikos AKTOR Athens,P012712,"HERNANGOMEZ, JUANCHO",41,27,03:09,189.0,1611,60,35,0,0,25,False,0,
E2026,7,3,Q3,472,OUT,Out,PAN,Panathinaikos AKTOR Athens,P008084,"MANTZOUKAS, ELEFTHERIOS",72,27,03:09,189.0,1611,60,35,0,0,25,False,0,
E2026,7,3,Q3,473,IN,In,PRS,Paris Basketball,P015168,"WARREN, TJ",1,27,03:09,189.0,1611,60,35,0,0,25,False,0,
E2026,7,3,Q3,474,OUT,Out,PRS,Paris Basketball,P012611,"HERRERA, SEBASTIAN",7,27,03:09,189.0,1611,60,35,0,0,25,False,0,
E2026,7,3,Q3,475,IN,In,PRS,Paris Basketball,P014178,"RHODEN, JARED",8,27,03:09,189.0,1611,60,35,0,0,25,False,0,
E2026,7,3,Q3,476,IN,In,PRS,Paris Basketball,P010431,"MORGAN, JEREMY",20,27,03:09,189.0,1611,60,35,0,0,25,False,0,
E2026,7,3,Q3,477,OUT,Out,PRS,Paris Basketball,P015160,"JOHNSON, ALIZE",24,27,03:09,189.0,1611,60,35,0,0,25,False,0,
E2026,7,3,Q3,478,OUT,Out,PRS,Paris Basketball,P011949,"HOMMES, DAULTON",34,27,03:09,189.0,1611,60,35,0,0,25,False,0,
E2026,7,3,Q3,479,FTA,Missed Free Throw (4/5 -  4 pt),PAN,Panathinaikos AKTOR Athens,P003842,"LESSORT, MATHIAS",26,27,03:09,189.0,1611,60,35,0,0,25,False,0,
E2026,7,3,Q3,480,FTM,Free Throw In (5/6 -  5 pt),PAN,Panathinaikos AKTOR Athens,P003842,"LESSORT, MATHIAS",26,27,03:09,189.0,1611,61,35,1,0,26,True,0,
E2026,7,3,Q3,481,2FGA,Missed Two Pointer (0/2 -  3 pt),PRS,Paris Basketball,P015143,"ETIENNE, TYSON",9,27,03:01,181.0,1619,61,35,0,0,26,False,0,
E2026,7,3,Q3,482,AG,Shot Rejected (3),PRS,Paris Basketball,P015143,"ETIENNE, TYSON",9,27,03:01,181.0,1619,61,35,0,0,26,False,0,
E2026,7,3,Q3,483,FV,Block (1),PAN,Panathinaikos AKTOR Athens,P007527,"BADIO, BRANCOU",7,27,03:01,181.0,1619,61,35,0,0,26,False,0,
E2026,7,3,Q3,484,O,Off Rebound (3),PRS,Paris Basketball,,,,27,03:01,181.0,1619,61,35,0,0,26,False,0,
E2026,7,3,Q3,486,3FGA,Missed Three Pointer (0/6 -  3 pt),PRS,Paris Basketball,P015143,"ETIENNE, TYSON",9,28,02:57,177.0,1623,61,35,0,0,26,False,0,
E2026,7,3,Q3,487,O,Off Rebound (1),PRS,Paris Basketball,P010431,"MORGAN, JEREMY",20,28,02:56,176.0,1624,61,35,0,0,26,False,0,
E2026,7,3,Q3,488,TO,Turnover (2),PRS,Paris Basketball,P015168,"WARREN, TJ",1,28,02:52,172.0,1628,61,35,0,0,26,False,0,
E2026,7,3,Q3,489,IN,In,PRS,Paris Basketball,P013373,"CAVALIERE, LEOPOLD",4,28,02:52,172.0,1628,61,35,0,0,26,False,0,
E2026,7,3,Q3,490,OUT,Out,PRS,Paris Basketball,P012403,"FAYE, MOUHAMED",15,28,02:52,172.0,1628,61,35,0,0,26,False,0,
E2026,7,3,Q3,491,TO,Turnover (3),PAN,Panathinaikos AKTOR Athens,P006760,"BONGA, ISAAC",32,28,02:37,157.0,1643,61,35,0,0,26,False,0,
E2026,7,3,Q3,492,CM,Foul (1),PAN,Panathinaikos AKTOR Athens,P012712,"HERNANGOMEZ, JUANCHO",41,28,02:17,137.0,1663,61,35,0,0,26,False,0,
E2026,7,3,Q3,493,RV,Foul Drawn (1),PRS,Paris Basketball,P014178,"RHODEN, JARED",8,28,02:17,137.0,1663,61,35,0,0,26,False,0,
E2026,7,3,Q3,494,IN,In,PRS,Paris Basketball,P012640,"HIFI, NADIR",2,28,02:17,137.0,1663,61,35,0,0,26,False,0,
E2026,7,3,Q3,495,OUT,Out,PRS,Paris Basketball,P015143,"ETIENNE, TYSON",9,28,02:17,137.0,1663,61,35,0,0,26,False,0,
E2026,7,3,Q3,496,FTM,Free Throw In (1/1 -  8 pt),PRS,Paris Basketball,P014178,"RHODEN, JARED",8,28,02:17,137.0,1663,61,36,0,1,25,True,0,
E2026,7,3,Q3,497,FTM,Free Throw In (2/2 -  9 pt),PRS,Paris Basketball,P014178,"RHODEN, JARED",8,28,02:17,137.0,1663,61,37,0,1,24,True,0,
E2026,7,3,Q3,498,2FGA,Missed Two Pointer (3/4 -  10 pt),PAN,Panathinaikos AKTOR Athens,P007975,"FRANCISCO, SYLVAIN",3,28,02:00,120.0,1680,61,37,0,0,24,False,0,
E2026,7,3,Q3,500,O,Off Rebound (3),PAN,Panathinaikos AKTOR Athens,P003842,"LESSORT, MATHIAS",26,28,02:00,120.0,1680,61,37,0,0,24,False,0,
E2026,7,3,Q3,501,CM,Foul (2),PRS,Paris Basketball,P014178,"RHODEN, JARED",8,28,02:00,120.0,1680,61,37,0,0,24,False,0,
E2026,7,3,Q3,502,RV,Foul Drawn (6),PAN,Panathinaikos AKTOR Athens,P003842,"LESSORT, MATHIAS",26,28,02:00,120.0,1680,61,37,0,0,24,False,0,
E2026,7,3,Q3,503,FTM,Free Throw In (6/7 -  6 pt),PAN,Panathinaikos AKTOR Athens,P003842,"LESSORT, MATHIAS",26,28,02:00,120.0,1680,62,37,1,0,25,True,0,
E2026,7,3,Q3,504,FTM,Free Throw In (7/8 -  7 pt),PAN,Panathinaikos AKTOR Athens,P003842,"LESSORT, MATHIAS",26,28,02:00,120.0,1680,63,37,1,0,26,True,0,
E2026,7,3,Q3,506,2FGM,Two Pointer (3/5 -  11 pt),PRS,Paris Basketball,P014178,"RHODEN, JARED",8,29,01:37,97.0,1703,63,39,0,2,24,True,0,
E2026,7,3,Q3,507,CM,Foul (3),PRS,Paris Basketball,P014178,"RHODEN, JARED",8,29,01:32,92.0,1708,63,39,0,0,24,False,0,
E2026,7,3,Q3,508,RV,Foul Drawn (2),PAN,Panathinaikos AKTOR Athens,P007527,"BADIO, BRANCOU",7,29,01:32,92.0,1708,63,39,0,0,24,False,0,
E2026,7,3,Q3,509,FTM,Free Throw In (1/1 -  3 pt),PAN,Panathinaikos AKTOR Athens,P007527,"BADIO, BRANCOU",7,29,01:32,92.0,1708,64,39,1,0,25,True,0,
E2026,7,3,Q3,510,FTM,Free Throw In (2/2 -  4 pt),PAN,Panathinaikos AKTOR Athens,P007527,"BADIO, BRANCOU",7,29,01:32,92.0,1708,65,39,1,0,26,True,0,
E2026,7,3,Q3,511,3FGM,Three Pointer (1/5 -  7 pt),PRS,Paris Basketball,P012640,"HIFI, NADIR",2,29,01:15,75.0,1725,65,42,0,3,23,True,0,
E2026,7,3,Q3,512,AS,Assist (1),PRS,Paris Basketball,P014178,"RHODEN, JARED",8,29,01:13,73.0,1727,65,42,0,0,23,False,0,
E2026,7,3,Q3,513,RV,Foul Drawn (2),PAN,Panathinaikos AKTOR Athens,P007975,"FRANCISCO, SYLVAIN",3,29,01:07,67.0,1733,65,42,0,0,23,False,0,
E2026,7,3,Q3,514,CM,Foul (2),PRS,Paris Basketball,P010431,"MORGAN, JEREMY",20,29,01:07,67.0,1733,65,42,0,0,23,False,0,
E2026,7,3,Q3,515,FTM,Free Throw In (2/2 -  11 pt),PAN,Panathinaikos AKTOR Athens,P007975,"FRANCISCO, SYLVAIN",3,29,01:07,67.0,1733,66,42,1,0,24,True,0,
E2026,7,3,Q3,516,FTM,Free Throw In (3/3 -  12 pt),PAN,Panathinaikos AKTOR Athens,P007975,"FRANCISCO, SYLVAIN",3,29,01:07,67.0,1733,67,42,1,0,25,True,0,
E2026,7,3,Q3,518,TO,Turnover (3),PRS,Paris Basketball,P012640,"HIFI, NADIR",2,30,00:57,57.0,1743,67,42,0,0,25,False,0,
E2026,7,3,Q3,519,CM,Foul (2),PRS,Paris Basketball,P013373,"CAVALIERE, LEOPOLD",4,30,00:44,44.0,1756,67,42,0,0,25,False,0,
E2026,7,3,Q3,520,RV,Foul Drawn (7),PAN,Panathinaikos AKTOR Athens,P003842,"LESSORT, MATHIAS",26,30,00:44,44.0,1756,67,42,0,0,25,False,0,
E2026,7,3,Q3,521,FTM,Free Throw In (8/9 -  8 pt),PAN,Panathinaikos AKTOR Athens,P003842,"LESSORT, MATHIAS",26,30,00:44,44.0,1756,68,42,1,0,26,True,0,
E2026,7,3,Q3,522,FTM,Free Throw In (9/10 -  9 pt),PAN,Panathinaikos AKTOR Athens,P003842,"LESSORT, MATHIAS",26,30,00:44,44.0,1756,69,42,1,0,27,True,0,
E2026,7,3,Q3,523,2FGM,Two Pointer (2/6 -  9 pt),PRS,Paris Basketball,P012640,"HIFI, NADIR",2,30,00:30,30.0,1770,69,44,0,2,25,True,0,
E2026,7,3,Q3,524,TO,Turnover (3),PAN,Panathinaikos AKTOR Athens,,,,30,00:01,1.0,1799,69,44,0,0,25,False,0,
E2026,7,3,Q3,525,3FGA,Missed Three Pointer (1/6 -  9 pt),PRS,Paris Basketball,P012640,"HIFI, NADIR",2,30,00:00,0.0,1800,69,44,0,0,25,False,0,
E2026,7,3,Q3,527,EP,End Period,,,,,,31,,,1860,69,44,0,0,25,False,0,
E2026,7,4,Q4,534,BP,Begin Period,,,,,,31,,,1860,69,44,0,0,25,False,0,
E2026,7,4,Q4,528,OUT,Out,PRS,Paris Basketball,P015168,"WARREN, TJ",1,31,10:00,600.0,1800,69,44,0,0,25,False,0,
E2026,7,4,Q4,529,IN,In,PRS,Paris Basketball,P012515,"TARPEY, TERRY",3,31,10:00,600.0,1800,69,44,0,0,25,False,0,
E2026,7,4,Q4,530,OUT,Out,PRS,Paris Basketball,P014178,"RHODEN, JARED",8,31,10:00,600.0,1800,69,44,0,0,25,False,0,
E2026,7,4,Q4,531,IN,In,PRS,Paris Basketball,P015143,"ETIENNE, TYSON",9,31,10:00,600.0,1800,69,44,0,0,25,False,0,
E2026,7,4,Q4,532,IN,In,PRS,Paris Basketball,P014010,"DOKOSSI, ALLAN",13,31,10:00,600.0,1800,69,44,0,0,25,False,0,
E2026,7,4,Q4,533,OUT,Out,PRS,Paris Basketball,P010431,"MORGAN, JEREMY",20,31,10:00,600.0,1800,69,44,0,0,25,False,0,
E2026,7,4,Q4,535,TO,Turnover (4),PAN,Panathinaikos AKTOR Athens,P003842,"LESSORT, MATHIAS",26,31,09:54,594.0,1806,69,44,0,0,25,False,0,
E2026,7,4,Q4,536,3FGM,Three Pointer (1/7 -  6 pt),PRS,Paris Basketball,P015143,"ETIENNE, TYSON",9,31,09:38,578.0,1822,69,47,0,3,22,True,0,
E2026,7,4,Q4,537,AS,Assist (2),PRS,Paris Basketball,P012640,"HIFI, NADIR",2,31,09:37,577.0,1823,69,47,0,0,22,False,0,
E2026,7,4,Q4,538,TO,Turnover (4),PAN,Panathinaikos AKTOR Athens,P007975,"FRANCISCO, SYLVAIN",3,31,09:17,557.0,1843,69,47,0,0,22,False,0,
E2026,7,4,Q4,539,CMT1,Technical Foul 1 (2),PAN,Panathinaikos AKTOR Athens,P003842,"LESSORT, MATHIAS",26,31,09:17,557.0,1843,69,47,0,0,22,False,0,
E2026,7,4,Q4,540,FTA,Missed Free Throw (2/3 -  9 pt),PRS,Paris Basketball,P012640,"HIFI, NADIR",2,31,09:17,557.0,1843,69,47,0,0,22,False,0,
E2026,7,4,Q4,541,2FGM,Two Pointer (3/7 -  11 pt),PRS,Paris Basketball,P012640,"HIFI, NADIR",2,31,09:02,542.0,1858,69,49,0,2,20,True,0,
E2026,7,4,Q4,543,2FGA,Missed Two Pointer (1/3 -  4 pt),PAN,Panathinaikos AKTOR Athens,P007527,"BADIO, BRANCOU",7,32,08:36,516.0,1884,69,49,0,0,20,False,0,
E2026,7,4,Q4,544,TO,Turnover (4),PAN,Panathinaikos AKTOR Athens,,,,32,08:36,516.0,1884,69,49,0,0,20,False,0,
E2026,7,4,Q4,545,3FGM,Three Pointer (1/1 -  3 pt),PRS,Paris Basketball,P013373,"CAVALIERE, LEOPOLD",4,32,08:22,502.0,1898,69,52,0,3,17,True,0,
E2026,7,4,Q4,546,AS,Assist (4),PRS,Paris Basketball,P014010,"DOKOSSI, ALLAN",13,32,08:21,501.0,1899,69,52,0,0,17,False,0,
E2026,7,4,Q4,547,TOUT,Time Out (1),PAN,Panathinaikos AKTOR Athens,,,,32,08:19,499.0,1901,69,52,0,0,17,False,0,
E2026,7,4,Q4,548,TOUT_TV,TV Time Out (4),,,,,,32,08:19,499.0,1901,69,52,0,0,17,False,0,
E2026,7,4,Q4,549,2FGA,Missed Two Pointer (0/5 -  9 pt),PAN,Panathinaikos AKTOR Athens,P003842,"LESSORT, MATHIAS",26,32,08:03,483.0,1917,69,52,0,0,17,False,0,
E2026,7,4,Q4,550,D,Def Rebound (4),PRS,Paris Basketball,P012515,"TARPEY, TERRY",3,32,08:01,481.0,1919,69,52,0,0,17,False,0,
E2026,7,4,Q4,552,TO,Turnover (1),PRS,Paris Basketball,P013373,"CAVALIERE, LEOPOLD",4,33,07:52,472.0,1928,69,52,0,0,17,False,0,
E2026,7,4,Q4,553,ST,Steal (2),PAN,Panathinaikos AKTOR Athens,P012712,"HERNANGOMEZ, JUANCHO",41,33,07:51,471.0,1929,69,52,0,0,17,False,0,
E2026,7,4,Q4,554,CM,Foul (2),PRS,Paris Basketball,P012515,"TARPEY, TERRY",3,33,07:43,463.0,1937,69,52,0,0,17,False,0,
E2026,7,4,Q4,555,RV,Foul Drawn (8),PAN,Panathinaikos AKTOR Athens,P003842,"LESSORT, MATHIAS",26,33,07:43,463.0,1937,69,52,0,0,17,False,0,
E2026,7,4,Q4,556,3FGM,Three Pointer (2/5 -  15 pt),PAN,Panathinaikos AKTOR Athens,P007975,"FRANCISCO, SYLVAIN",3,33,07:34,454.0,1946,72,52,3,0,20,True,0,
E2026,7,4,Q4,557,3FGM,Three Pointer (2/8 -  9 pt),PRS,Paris Basketball,P015143,"ETIENNE, TYSON",9,33,07:08,428.0,1972,72,55,0,3,17,True,0,
E2026,7,4,Q4,558,AS,Assist (5),PRS,Paris Basketball,P012515,"TARPEY, TERRY",3,33,07:07,427.0,1973,72,55,0,0,17,False,0,
E2026,7,4,Q4,560,3FGA,Missed Three Pointer (0/2 -  5 pt),PAN,Panathinaikos AKTOR Athens,P006760,"BONGA, ISAAC",32,34,06:48,408.0,1992,72,55,0,0,17,False,0,
E2026,7,4,Q4,561,D,Def Rebound (1),PRS,Paris Basketball,P015143,"ETIENNE, TYSON",9,34,06:46,406.0,1994,72,55,0,0,17,False,0,
E2026,7,4,Q4,562,3FGM,Three Pointer (3/9 -  12 pt),PRS,Paris Basketball,P015143,"ETIENNE, TYSON",9,34,06:39,399.0,2001,72,58,0,3,14,True,0,
E2026,7,4,Q4,563,AS,Assist (6),PRS,Paris Basketball,P012515,"TARPEY, TERRY",3,34,06:37,397.0,2003,72,58,0,0,14,False,0,
E2026,7,4,Q4,564,3FGA,Missed Three Pointer (2/6 -  15 pt),PAN,Panathinaikos AKTOR Athens,P007975,"FRANCISCO, SYLVAIN",3,34,06:11,371.0,2029,72,58,0,0,14,False,0,
E2026,7,4,Q4,565,O,Off Rebound (2),PAN,Panathinaikos AKTOR Athens,P012712,"HERNANGOMEZ, JUANCHO",41,34,06:08,368.0,2032,72,58,0,0,14,False,0,
E2026,7,4,Q4,566,2FGM,Two Pointer (1/1 -  5 pt),PAN,Panathinaikos AKTOR Athens,P012712,"HERNANGOMEZ, JUANCHO",41,34,06:08,368.0,2032,74,58,2,0,16,True,0,
E2026,7,4,Q4,567,TOUT,Time Out (1),PRS,Paris Basketball,,,,34,06:08,368.0,2032,74,58,0,0,16,False,0,
E2026,7,4,Q4,568,IN,In,PRS,Paris Basketball,P015168,"WARREN, TJ",1,34,06:08,368.0,2032,74,58,0,0,16,False,0,
E2026,7,4,Q4,569,OUT,Out,PRS,Paris Basketball,P012640,"HIFI, NADIR",2,34,06:08,368.0,2032,74,58,0,0,16,False,0,
E2026,7,4,Q4,570,OUT,Out,PRS,Paris Basketball,P012515,"TARPEY, TERRY",3,34,06:08,368.0,2032,74,58,0,0,16,False,0,
E2026,7,4,Q4,571,OUT,Out,PRS,Paris Basketball,P013373,"CAVALIERE, LEOPOLD",4,34,06:08,368.0,2032,74,58,0,0,16,False,0,
E2026,7,4,Q4,572,IN,In,PRS,Paris Basketball,P012611,"HERRERA, SEBASTIAN",7,34,06:08,368.0,2032,74,58,0,0,16,False,0,
E2026,7,4,Q4,573,IN,In,PRS,Paris Basketball,P014178,"RHODEN, JARED",8,34,06:08,368.0,2032,74,58,0,0,16,False,0,
E2026,7,4,Q4,574,OUT,Out,PRS,Paris Basketball,P014010,"DOKOSSI, ALLAN",13,34,06:08,368.0,2032,74,58,0,0,16,False,0,
E2026,7,4,Q4,575,IN,In,PRS,Paris Basketball,P012403,"FAYE, MOUHAMED",15,34,06:08,368.0,2032,74,58,0,0,16,False,0,
E2026,7,4,Q4,577,2FGM,Two Pointer (1/3 -  14 pt),PRS,Paris Basketball,P015143,"ETIENNE, TYSON",9,35,05:53,353.0,2047,74,60,0,2,14,True,0,
E2026,7,4,Q4,578,3FGM,Three Pointer (3/7 -  18 pt),PAN,Panathinaikos AKTOR Athens,P007975,"FRANCISCO, SYLVAIN",3,35,05:30,330.0,2070,77,60,3,0,17,True,0,
E2026,7,4,Q4,579,AS,Assist (1),PAN,Panathinaikos AKTOR Athens,P006760,"BONGA, ISAAC",32,35,05:29,329.0,2071,77,60,0,0,17,False,0,
E2026,7,4,Q4,580,CM,Foul (3),PAN,Panathinaikos AKTOR Athens,P006760,"BONGA, ISAAC",32,35,05:22,322.0,2078,77,60,0,0,17,False,0,
E2026,7,4,Q4,581,RV,Foul Drawn (2),PRS,Paris Basketball,P014178,"RHODEN, JARED",8,35,05:22,322.0,2078,77,60,0,0,17,False,0,
E2026,7,4,Q4,582,TO,Turnover (3),PRS,Paris Basketball,P014178,"RHODEN, JARED",8,35,05:20,320.0,2080,77,60,0,0,17,False,0,
E2026,7,4,Q4,583,ST,Steal (1),PAN,Panathinaikos AKTOR Athens,P003842,"LESSORT, MATHIAS",26,35,05:19,319.0,2081,77,60,0,0,17,False,0,
E2026,7,4,Q4,584,2FGM,Two Pointer (1/6 -  11 pt),PAN,Panathinaikos AKTOR Athens,P003842,"LESSORT, MATHIAS",26,35,05:16,316.0,2084,79,60,2,0,19,True,0,
E2026,7,4,Q4,585,TO,Turnover (4),PRS,Paris Basketball,P014178,"RHODEN, JARED",8,35,05:07,307.0,2093,79,60,0,0,19,False,0,
E2026,7,4,Q4,586,ST,Steal (2),PAN,Panathinaikos AKTOR Athens,P003842,"LESSORT, MATHIAS",26,35,05:06,306.0,2094,79,60,0,0,19,False,0,
E2026,7,4,Q4,587,2FGM,Two Pointer (2/7 -  13 pt),PAN,Panathinaikos AKTOR Athens,P003842,"LESSORT, MATHIAS",26,35,05:05,305.0,2095,81,60,2,0,21,True,0,
E2026,7,4,Q4,588,TOUT,Time Out (2),PRS,Paris Basketball,,,,35,05:05,305.0,2095,81,60,0,0,21,False,0,
E2026,7,4,Q4,590,OUT,Out,PRS,Paris Basketball,P014178,"RHODEN, JARED",8,35,05:05,305.0,2095,81,60,0,0,21,False,0,
E2026,7,4,Q4,591,IN,In,PRS,Paris Basketball,P015160,"JOHNSON, ALIZE",24,35,05:05,305.0,2095,81,60,0,0,21,False,0,
E2026,7,4,Q4,593,3FGM,Three Pointer (3/3 -  9 pt),PRS,Paris Basketball,P015168,"WARREN, TJ",1,36,04:56,296.0,2104,81,63,0,3,18,True,0,
E2026,7,4,Q4,594,AS,Assist (2),PRS,Paris Basketball,P015143,"ETIENNE, TYSON",9,36,04:55,295.0,2105,81,63,0,0,18,False,0,
E2026,7,4,Q4,595,CM,Foul (4),PRS,Paris Basketball,P012403,"FAYE, MOUHAMED",15,36,04:38,278.0,2122,81,63,0,0,18,False,0,
E2026,7,4,Q4,596,RV,Foul Drawn (3),PAN,Panathinaikos AKTOR Athens,P007975,"FRANCISCO, SYLVAIN",3,36,04:38,278.0,2122,81,63,0,0,18,False,0,
E2026,7,4,Q4,597,RV,Foul Drawn (9),PAN,Panathinaikos AKTOR Athens,P003842,"LESSORT, MATHIAS",26,36,04:33,273.0,2127,81,63,0,0,18,False,0,
E2026,7,4,Q4,598,CM,Foul (5),PRS,Paris Basketball,P012403,"FAYE, MOUHAMED",15,36,04:33,273.0,2127,81,63,0,0,18,False,0,
E2026,7,4,Q4,599,IN,In,PRS,Paris Basketball,P014010,"DOKOSSI, ALLAN",13,36,04:33,273.0,2127,81,63,0,0,18,False,0,
E2026,7,4,Q4,600,OUT,Out,PRS,Paris Basketball,P012403,"FAYE, MOUHAMED",15,36,04:33,273.0,2127,81,63,0,0,18,False,0,
E2026,7,4,Q4,601,FTM,Free Throw In (10/11 -  14 pt),PAN,Panathinaikos AKTOR Athens,P003842,"LESSORT, MATHIAS",26,36,04:33,273.0,2127,82,63,1,0,19,True,0,
E2026,7,4,Q4,602,FTM,Free Throw In (11/12 -  15 pt),PAN,Panathinaikos AKTOR Athens,P003842,"LESSORT, MATHIAS",26,36,04:33,273.0,2127,83,63,1,0,20,True,0,
E2026,7,4,Q4,603,IN,In,PAN,Panathinaikos AKTOR Athens,P011209,"KALAITZAKIS, PANAGIOTIS",0,36,04:33,273.0,2127,83,63,0,0,20,False,0,
E2026,7,4,Q4,604,OUT,Out,PAN,Panathinaikos AKTOR Athens,P007975,"FRANCISCO, SYLVAIN",3,36,04:33,273.0,2127,83,63,0,0,20,False,0,
E2026,7,4,Q4,605,OUT,Out,PAN,Panathinaikos AKTOR Athens,P007527,"BADIO, BRANCOU",7,36,04:33,273.0,2127,83,63,0,0,20,False,0,
E2026,7,4,Q4,606,IN,In,PAN,Panathinaikos AKTOR Athens,P011204,"GRANT, JERIAN",22,36,04:33,273.0,2127,83,63,0,0,20,False,0,
E2026,7,4,Q4,607,OUT,Out,PAN,Panathinaikos AKTOR Athens,P003842,"LESSORT, MATHIAS",26,36,04:33,273.0,2127,83,63,0,0,20,False,0,
E2026,7,4,Q4,608,IN,In,PAN,Panathinaikos AKTOR Athens,P007866,"MITOGLOU, KONSTANTINOS",44,36,04:33,273.0,2127,83,63,0,0,20,False,0,
E2026,7,4,Q4,609,3FGA,Missed Three Pointer (3/7 -  9 pt),PRS,Paris Basketball,P012611,"HERRERA, SEBASTIAN",7,36,04:07,247.0,2153,83,63,0,0,20,False,0,
E2026,7,4,Q4,610,O,Off Rebound (4),PRS,Paris Basketball,,,,36,04:08,248.0,2152,83,63,0,0,20,False,0,
E2026,7,4,Q4,611,CM,Foul (1),PAN,Panathinaikos AKTOR Athens,P011204,"GRANT, JERIAN",22,36,04:08,248.0,2152,83,63,0,0,20,False,0,
E2026,7,4,Q4,612,RV,Foul Drawn (3),PRS,Paris Basketball,P015160,"JOHNSON, ALIZE",24,36,04:08,248.0,2152,83,63,0,0,20,False,0,
E2026,7,4,Q4,613,3FGM,Three Pointer (4/10 -  17 pt),PRS,Paris Basketball,P015143,"ETIENNE, TYSON",9,36,04:02,242.0,2158,83,66,0,3,17,True,0,
E2026,7,4,Q4,614,AS,Assist (1),PRS,Paris Basketball,P012611,"HERRERA, SEBASTIAN",7,36,04:00,240.0,2160,83,66,0,0,17,False,0,
E2026,7,4,Q4,616,3FGA,Missed Three Pointer (0/3 -  4 pt),PAN,Panathinaikos AKTOR Athens,P011204,"GRANT, JERIAN",22,37,03:37,217.0,2183,83,66,0,0,17,False,0,
E2026,7,4,Q4,617,D,Def Rebound (2),PRS,Paris Basketball,P015160,"JOHNSON, ALIZE",24,37,03:35,215.0,2185,83,66,0,0,17,False,0,
E2026,7,4,Q4,618,TO,Turnover (2),PRS,Paris Basketball,P014010,"DOKOSSI, ALLAN",13,37,03:23,203.0,2197,83,66,0,0,17,False,0,
E2026,7,4,Q4,619,3FGM,Three Pointer (1/4 -  7 pt),PAN,Panathinaikos AKTOR Athens,P011204,"GRANT, JERIAN",22,37,03:08,188.0,2212,86,66,3,0,20,True,0,
E2026,7,4,Q4,621,3FGA,Missed Three Pointer (3/4 -  9 pt),PRS,Paris Basketball,P015168,"WARREN, TJ",1,38,02:50,170.0,2230,86,66,0,0,20,False,0,
E2026,7,4,Q4,622,D,Def Rebound (2),PAN,Panathinaikos AKTOR Athens,,,,38,02:50,170.0,2230,86,66,0,0,20,False,0,
E2026,7,4,Q4,623,CM,Foul (4),PRS,Paris Basketball,P015160,"JOHNSON, ALIZE",24,38,02:50,170.0,2230,86,66,0,0,20,False,0,
E2026,7,4,Q4,624,RV,Foul Drawn (2),PAN,Panathinaikos AKTOR Athens,P011204,"GRANT, JERIAN",22,38,02:50,170.0,2230,86,66,0,0,20,False,0,
E2026,7,4,Q4,625,OUT,Out,PAN,Panathinaikos AKTOR Athens,P006760,"BONGA, ISAAC",32,38,02:50,170.0,2230,86,66,0,0,20,False,0,
E2026,7,4,Q4,626,IN,In,PAN,Panathinaikos AKTOR Athens,P008084,"MANTZOUKAS, ELEFTHERIOS",72,38,02:50,170.0,2230,86,66,0,0,20,False,0,
E2026,7,4,Q4,627,OUT,Out,PRS,Paris Basketball,P015168,"WARREN, TJ",1,38,02:50,170.0,2230,86,66,0,0,20,False,0,
E2026,7,4,Q4,628,IN,In,PRS,Paris Basketball,P013373,"CAVALIERE, LEOPOLD",4,38,02:50,170.0,2230,86,66,0,0,20,False,0,
E2026,7,4,Q4,629,OUT,Out,PRS,Paris Basketball,P015143,"ETIENNE, TYSON",9,38,02:50,170.0,2230,86,66,0,0,20,False,0,
E2026,7,4,Q4,630,OUT,Out,PRS,Paris Basketball,P014010,"DOKOSSI, ALLAN",13,38,02:50,170.0,2230,86,66,0,0,20,False,0,
E2026,7,4,Q4,631,IN,In,PRS,Paris Basketball,P010431,"MORGAN, JEREMY",20,38,02:50,170.0,2230,86,66,0,0,20,False,0,
E2026,7,4,Q4,632,IN,In,PRS,Paris Basketball,P011949,"HOMMES, DAULTON",34,38,02:50,170.0,2230,86,66,0,0,20,False,0,
E2026,7,4,Q4,633,2FGM,Two Pointer (4/7 -  11 pt),PAN,Panathinaikos AKTOR Athens,P007866,"MITOGLOU, KONSTANTINOS",44,38,02:27,147.0,2253,88,66,2,0,22,True,0,
E2026,7,4,Q4,634,AS,Assist (3),PAN,Panathinaikos AKTOR Athens,P011204,"GRANT, JERIAN",22,38,02:25,145.0,2255,88,66,0,0,22,False,0,
E2026,7,4,Q4,635,3FGA,Missed Three Pointer (0/1 -  0 pt),PRS,Paris Basketball,P011949,"HOMMES, DAULTON",34,38,02:16,136.0,2264,88,66,0,0,22,False,0,
E2026,7,4,Q4,636,O,Off Rebound (1),PRS,Paris Basketball,P011949,"HOMMES, DAULTON",34,38,02:14,134.0,2266,88,66,0,0,22,False,0,
E2026,7,4,Q4,637,TO,Turnover (2),PRS,Paris Basketball,P011949,"HOMMES, DAULTON",34,38,02:12,132.0,2268,88,66,0,0,22,False,0,
E2026,7,4,Q4,639,3FGA,Missed Three Pointer (2/5 -  10 pt),PAN,Panathinaikos AKTOR Athens,P008084,"MANTZOUKAS, ELEFTHERIOS",72,39,01:54,114.0,2286,88,66,0,0,22,False,0,
E2026,7,4,Q4,640,D,Def Rebound (3),PRS,Paris Basketball,P015160,"JOHNSON, ALIZE",24,39,01:51,111.0,2289,88,66,0,0,22,False,0,
E2026,7,4,Q4,641,CM,Foul (3),PAN,Panathinaikos AKTOR Athens,P011209,"KALAITZAKIS, PANAGIOTIS",0,39,01:51,111.0,2289,88,66,0,0,22,False,0,
E2026,7,4,Q4,642,RV,Foul Drawn (4),PRS,Paris Basketball,P015160,"JOHNSON, ALIZE",24,39,01:51,111.0,2289,88,66,0,0,22,False,0,
E2026,7,4,Q4,643,CM,Foul (4),PAN,Panathinaikos AKTOR Athens,P011209,"KALAITZAKIS, PANAGIOTIS",0,39,01:48,108.0,2292,88,66,0,0,22,False,0,
E2026,7,4,Q4,644,RV,Foul Drawn (1),PRS,Paris Basketball,P012611,"HERRERA, SEBASTIAN",7,39,01:48,108.0,2292,88,66,0,0,22,False,0,
E2026,7,4,Q4,645,3FGA,Missed Three Pointer (0/3 -  0 pt),PRS,Paris Basketball,P010431,"MORGAN, JEREMY",20,39,01:35,95.0,2305,88,66,0,0,22,False,0,
E2026,7,4,Q4,646,D,Def Rebound (4),PAN,Panathinaikos AKTOR Athens,P012712,"HERNANGOMEZ, JUANCHO",41,39,01:32,92.0,2308,88,66,0,0,22,False,0,
E2026,7,4,Q4,647,2FGA,Missed Two Pointer (2/4 -  7 pt),PAN,Panathinaikos AKTOR Athens,P011204,"GRANT, JERIAN",22,39,01:24,84.0,2316,88,66,0,0,22,False,0,
E2026,7,4,Q4,648,D,Def Rebound (3),PRS,Paris Basketball,P011949,"HOMMES, DAULTON",34,39,01:22,82.0,2318,88,66,0,0,22,False,0,
E2026,7,4,Q4,649,2FGM,Two Pointer (2/5 -  4 pt),PRS,Paris Basketball,P015160,"JOHNSON, ALIZE",24,39,01:08,68.0,2332,88,68,0,2,20,True,0,
E2026,7,4,Q4,651,TO,Turnover (1),PAN,Panathinaikos AKTOR Athens,P008084,"MANTZOUKAS, ELEFTHERIOS",72,40,00:40,40.0,2360,88,68,0,0,20,False,0,
E2026,7,4,Q4,652,ST,Steal (2),PRS,Paris Basketball,P013373,"CAVALIERE, LEOPOLD",4,40,00:39,39.0,2361,88,68,0,0,20,False,0,
E2026,7,4,Q4,653,2FGM,Two Pointer (3/6 -  6 pt),PRS,Paris Basketball,P015160,"JOHNSON, ALIZE",24,40,00:36,36.0,2364,88,70,0,2,18,True,0,
E2026,7,4,Q4,654,AS,Assist (2),PRS,Paris Basketball,P013373,"CAVALIERE, LEOPOLD",4,40,00:37,37.0,2363,88,70,0,0,18,False,0,
E2026,7,4,Q4,655,TOUT,Time Out (2),PAN,Panathinaikos AKTOR Athens,,,,40,00:37,37.0,2363,88,70,0,0,18,False,0,
E2026,7,4,Q4,656,3FGA,Missed Three Pointer (1/2 -  5 pt),PAN,Panathinaikos AKTOR Athens,P012712,"HERNANGOMEZ, JUANCHO",41,40,00:19,19.0,2381,88,70,0,0,18,False,0,
E2026,7,4,Q4,657,D,Def Rebound (4),PRS,Paris Basketball,P015160,"JOHNSON, ALIZE",24,40,00:17,17.0,2383,88,70,0,0,18,False,0,
E2026,7,4,Q4,658,2FGA,Missed Two Pointer (0/2 -  0 pt),PRS,Paris Basketball,P011949,"HOMMES, DAULTON",34,40,00:08,8.0,2392,88,70,0,0,18,False,0,
E2026,7,4,Q4,659,D,Def Rebound (4),PAN,Panathinaikos AKTOR Athens,P008084,"MANTZOUKAS, ELEFTHERIOS",72,40,00:06,6.0,2394,88,70,0,0,18,False,0,
E2026,7,4,Q4,660,3FGM,Three Pointer (1/3 -  3 pt),PAN,Panathinaikos AKTOR Athens,P011209,"KALAITZAKIS, PANAGIOTIS",0,40,00:02,2.0,2398,91,70,3,0,21,True,0,
E2026,7,4,Q4,661,AS,Assist (1),PAN,Panathinaikos AKTOR Athens,P008084,"MANTZOUKAS, ELEFTHERIOS",72,40,00:02,2.0,2398,91,70,0,0,21,False,0,
E2026,7,4,Q4,662,CM,Foul (5),PAN,Panathinaikos AKTOR Athens,P011209,"KALAITZAKIS, PANAGIOTIS",0,40,00:01,1.0,2399,91,70,0,0,21,False,0,
E2026,7,4,Q4,663,RV,Foul Drawn (1),PRS,Paris Basketball,P011949,"HOMMES, DAULTON",34,40,00:01,1.0,2399,91,70,0,0,21,False,0,
E2026,7,4,Q4,664,OUT,Out,PAN,Panathinaikos AKTOR Athens,P011209,"KALAITZAKIS, PANAGIOTIS",0,40,00:01,1.0,2399,91,70,0,0,21,False,0,
E2026,7,4,Q4,665,IN,In,PAN,Panathinaikos AKTOR Athens,P007527,"BADIO, BRANCOU",7,40,00:01,1.0,2399,91,70,0,0,21,False,0,
E2026,7,4,Q4,666,FTM,Free Throw In (1/1 -  1 pt),PRS,Paris Basketball,P011949,"HOMMES, DAULTON",34,40,00:01,1.0,2399,91,71,0,1,20,True,0,
E2026,7,4,Q4,667,FTM,Free Throw In (2/2 -  2 pt),PRS,Paris Basketball,P011949,"HOMMES, DAULTON",34,40,00:01,1.0,2399,91,72,0,1,19,True,0,
E2026,7,4,Q4,670,EG,End Game,,,,,,41,,,2460,91,72,0,0,19,False,0,
