season,game_code,matchup,final_score_a,final_score_b,first_shot_quarter,first_shot_minute,first_shot_clock,first_shot_type,first_shot_category,first_shot_value,first_shot_result,first_shot_made,first_shot_desc,first_player_id,first_player_name,first_player_team,first_player_team_code,first_total_points_scored,first_fg2_made,first_fg2_attempted,first_fg2_percentage,first_fg3_made,first_fg3_attempted,first_fg3_percentage,first_ft_made,first_ft_attempted,first_ft_percentage,first_total_fg_made,first_total_fg_attempted,first_fg_percentage,last_shot_quarter,last_shot_minute,last_shot_clock,last_shot_type,last_shot_category,last_shot_value,last_shot_result,last_shot_made,last_shot_desc,last_player_id,last_player_name,last_player_team,last_player_team_code,last_total_points_scored,last_fg2_made,last_fg2_attempted,last_fg2_percentage,last_fg3_made,last_fg3_attempted,last_fg3_percentage,last_ft_made,last_ft_attempted,last_ft_percentage,last_total_fg_made,last_total_fg_attempted,last_fg_percentage,shots_scored,outcome,both_scored,both_missed,partial_scored,same_shot,same_player
E2024,1,ALBA Berlin vs Panathinaikos AKTOR Athens,77,87,Q1,1,09:49,2FGA,2P,2,OUT,False,Missed Two Pointer (0/1 -  0 pt),P002328,"GRIGONIS, MARIUS",Panathinaikos AKTOR Athens,PAN,,,,,,,,,,,,,,Q4,40,00:01,3FGA,3P,3,OUT,False,Missed Three Pointer (3/5 -  11 pt),P012712,"HERNANGOMEZ, JUANCHO",Panathinaikos AKTOR Athens,PAN,,,,,,,,,,,,,,0,BOTH_MISSED,False,True,False,False,False
E2024,2,AS Monaco vs EA7 Emporio Armani Milan,93,80,Q1,1,09:51,2FGM,2P,2,IN,True,Two Pointer (1/1 -  2 pt),P005985,"JAMES, MIKE",AS Monaco,MCO,9,2,3,66.7,0,4,0.0,5,5,100.0,2,7,28.6,Q4,40,00:00,3FGA,3P,3,OUT,False,Missed Three Pointer (2/3 -  20 pt),P011226,"DIALLO, ALPHA",AS Monaco,MCO,,,,,,,,,,,,,,1,FIRST_ONLY,False,False,True,False,False
E2024,3,Zalgiris Kaunas vs FC Barcelona,74,67,Q1,1,09:44,2FGM,2P,2,IN,True,Two Pointer (1/1 -  2 pt),P011925,"WALLACE, TYRONE",Zalgiris Kaunas,ZAL,6,3,5,60.0,0,1,0.0,0,0,0.0,3,6,50.0,Q4,40,00:01,3FGA,3P,3,OUT,False,Missed Three Pointer (0/5 -  6 pt),P012622,"MITCHELL, MATTHEW",Zalgiris Kaunas,ZAL,,,,,,,,,,,,,,1,FIRST_ONLY,False,False,True,False,False
E2024,4,Baskonia Vitoria-Gasteiz vs Partizan Mozzart Bet Belgrade,88,82,Q1,1,09:38,3FGA,3P,3,OUT,False,Missed Three Pointer (0/1 -  0 pt),P007230,"SEDEKERSKIS, TADAS",Baskonia Vitoria-Gasteiz,BAS,,,,,,,,,,,,,,Q4,40,00:01,2FGA,2P,2,OUT,False,Missed Two Pointer (0/5 -  8 pt),P006760,"BONGA, ISAAC",Partizan Mozzart Bet Belgrade,PAR,,,,,,,,,,,,,,0,BOTH_MISSED,False,True,False,False,False
E2024,5,FC Bayern Munich vs Real Madrid,97,89,Q1,1,09:46,2FGM,2P,2,IN,True,Two Pointer (1/1 -  2 pt),P005791,"TAVARES, WALTER",Real Madrid,MAD,12,5,5,100.0,0,0,0.0,2,3,66.7,5,5,100.0,Q4,40,00:08,FTM,FT,1,IN,True,Free Throw In (7/7 -  9 pt),P001288,"LUCIC, VLADIMIR",FC Bayern Munich,MUN,9,1,2,50.0,0,2,0.0,7,7,100.0,1,4,25.0,2,BOTH_SCORED,True,False,False,False,False
E2024,6,Maccabi Playtika Tel Aviv vs LDLC ASVEL Villeurbanne,89,82,Q1,1,09:35,3FGM,3P,3,IN,True,Three Pointer (1/1 -  3 pt),P007027,"MALEDON, THEO",LDLC ASVEL Villeurbanne,ASV,11,2,4,50.0,1,3,33.3,4,4,100.0,3,7,42.9,Q4,40,00:00,2FGA,2P,2,OUT,False,Missed Two Pointer (3/6 -  12 pt),P011225,"LEE, PARIS",LDLC ASVEL Villeurbanne,ASV,,,,,,,,,,,,,,1,FIRST_ONLY,False,False,True,False,False
E2024,7,Fenerbahce Beko Istanbul vs Olympiacos Piraeus,82,71,Q1,1,09:41,2FGA,2P,2,OUT,False,Missed Two Pointer (0/1 -  0 pt),P007982,"WILLIAMS-GOSS, NIGEL",Olympiacos Piraeus,OLY,,,,,,,,,,,,,,Q4,40,00:01,3FGA,3P,3,OUT,False,Missed Three Pointer (1/4 -  13 pt),P007853,"MCKISSIC, SHAQUIELLE",Olympiacos Piraeus,OLY,,,,,,,,,,,,,,0,BOTH_MISSED,False,True,False,False,False
E2024,8,Paris Basketball vs Crvena Zvezda Meridianbet Belgrade,77,80,Q1,1,09:36,2FGA,2P,2,OUT,False,Missed Two Pointer (0/1 -  0 pt),P010612,"CANAAN, ISAIAH",Crvena Zvezda Meridianbet Belgrade,RED,,,,,,,,,,,,,,Q4,40,00:03,FTM,FT,1,IN,True,Free Throw In (2/2 -  14 pt),P010612,"CANAAN, ISAIAH",Crvena Zvezda Meridianbet Belgrade,RED,14,3,6,50.0,2,4,50.0,2,2,100.0,5,10,50.0,1,LAST_ONLY,False,False,True,False,True
E2024,9,Virtus Segafredo Bologna vs Anadolu Efes Istanbul,67,76,Q1,1,09:31,2FGM,2P,2,IN,True,Two Pointer (1/1 -  2 pt),P004554,"ZIZIC, ANTE",Virtus Segafredo Bologna,VIR,7,3,4,75.0,0,0,0.0,1,2,50.0,3,4,75.0,Q4,40,00:01,2FGA,2P,2,OUT,False,Missed Two Pointer (3/7 -  12 pt),P001133,"SHENGELIA, TORNIKE",Virtus Segafredo Bologna,VIR,,,,,,,,,,,,,,1,FIRST_ONLY,False,False,True,False,False
E2024,10,AS Monaco vs Maccabi Playtika Tel Aviv,85,79,Q1,1,09:44,FTM,FT,1,IN,True,Free Throw In (1/1 -  1 pt),P011214,"RIVERO, JASIEL",Maccabi Playtika Tel Aviv,TEL,13,6,8,75.0,0,0,0.0,1,2,50.0,6,8,75.0,Q4,40,00:02,FTA,FT,1,OUT,False,Missed Free Throw (1/4 -  7 pt),P011231,"BLOSSOMGAME, JARON",AS Monaco,MCO,,,,,,,,,,,,,,1,FIRST_ONLY,False,False,True,False,False
E2024,11,Crvena Zvezda Meridianbet Belgrade vs Baskonia Vitoria-Gasteiz,78,71,Q1,1,09:37,2FGM,2P,2,IN,True,Two Pointer (1/1 -  2 pt),P012080,"LUWAWU-CABARROT, TIMOTHE",Baskonia Vitoria-Gasteiz,BAS,8,4,6,66.7,0,3,0.0,0,0,0.0,4,9,44.4,Q4,40,00:10,2FGA,2P,2,OUT,False,Missed Two Pointer (3/7 -  6 pt),P012597,"BALDWIN, KAMAR",Baskonia Vitoria-Gasteiz,BAS,,,,,,,,,,,,,,1,FIRST_ONLY,False,False,True,False,False
E2024,12,Anadolu Efes Istanbul vs Fenerbahce Beko Istanbul,78,83,Q1,1,09:41,2FGA,2P,2,OUT,False,Missed Two Pointer (0/1 -  0 pt),P009846,"BRYANT, ELIJAH",Anadolu Efes Istanbul,IST,,,,,,,,,,,,,,Q4,40,00:01,3FGA,3P,3,OUT,False,Missed Three Pointer (3/6 -  11 pt),P006590,"BEAUBOIS, RODRIGUE",Anadolu Efes Istanbul,IST,,,,,,,,,,,,,,0,BOTH_MISSED,False,True,False,False,False
E2024,13,LDLC ASVEL Villeurbanne vs Virtus Segafredo Bologna,87,85,Q1,1,09:38,2FGA,2P,2,OUT,False,Missed Two Pointer (0/1 -  0 pt),P007027,"MALEDON, THEO",LDLC ASVEL Villeurbanne,ASV,,,,,,,,,,,,,,Q4,40,00:00,2FGA,2P,2,OUT,False,Missed Two Pointer (7/9 -  23 pt),P009549,"CORDINIER, ISAIA",Virtus Segafredo Bologna,VIR,,,,,,,,,,,,,,0,BOTH_MISSED,False,True,False,False,False
E2024,14,Panathinaikos AKTOR Athens vs FC Bayern Munich,94,79,Q1,1,09:39,2FGA,2P,2,OUT,False,Missed Two Pointer (0/1 -  0 pt),P007866,"MITOGLOU, KONSTANTINOS",Panathinaikos AKTOR Athens,PAN,,,,,,,,,,,,,,Q4,40,00:00,2FGM,2P,2,IN,True,Two Pointer (3/4 -  11 pt),P011204,"GRANT, JERIAN",Panathinaikos AKTOR Athens,PAN,11,3,4,75.0,1,1,100.0,2,3,66.7,4,5,80.0,1,LAST_ONLY,False,False,True,False,False
E2024,15,Real Madrid vs Partizan Mozzart Bet Belgrade,93,86,Q1,1,09:40,3FGM,3P,3,IN,True,Three Pointer (1/1 -  3 pt),P007632,"NAKIC, MARIO",Partizan Mozzart Bet Belgrade,PAR,5,0,0,0.0,1,2,50.0,2,2,100.0,1,2,50.0,Q4,40,00:00,3FGA,3P,3,OUT,False,Missed Three Pointer (2/6 -  6 pt),P006760,"BONGA, ISAAC",Partizan Mozzart Bet Belgrade,PAR,,,,,,,,,,,,,,1,FIRST_ONLY,False,False,True,False,False
E2024,16,EA7 Emporio Armani Milan vs Paris Basketball,79,74,Q1,1,09:27,2FGA,2P,2,OUT,False,Missed Two Pointer (0/1 -  0 pt),P004197,"OUATTARA, YAKUBA",Paris Basketball,PRS,,,,,,,,,,,,,,Q4,40,00:00,3FGA,3P,3,OUT,False,Missed Three Pointer (2/4 -  9 pt),P012613,"JANTUNEN, MIKAEL",Paris Basketball,PRS,,,,,,,,,,,,,,0,BOTH_MISSED,False,True,False,False,False
E2024,17,FC Barcelona vs ALBA Berlin,88,73,Q1,1,09:42,2FGM,2P,2,IN,True,Two Pointer (1/1 -  2 pt),P009862,"PUNTER, KEVIN",FC Barcelona,BAR,14,4,7,57.1,2,6,33.3,0,0,0.0,6,13,46.2,Q4,40,00:03,3FGA,3P,3,OUT,False,Missed Three Pointer (2/6 -  14 pt),P009862,"PUNTER, KEVIN",FC Barcelona,BAR,,,,,,,,,,,,,,1,FIRST_ONLY,False,False,True,False,True
E2024,18,Olympiacos Piraeus vs Zalgiris Kaunas,74,68,Q1,1,09:13,3FGA,3P,3,OUT,False,Missed Three Pointer (0/1 -  0 pt),P003469,"VEZENKOV, SASHA",Olympiacos Piraeus,OLY,,,,,,,,,,,,,,Q4,40,00:01,3FGA,3P,3,OUT,False,Missed Three Pointer (1/2 -  3 pt),P003210,"LEKAVICIUS, LUKAS",Zalgiris Kaunas,ZAL,,,,,,,,,,,,,,0,BOTH_MISSED,False,True,False,False,False
E2024,19,ALBA Berlin vs LDLC ASVEL Villeurbanne,84,79,Q1,1,09:41,3FGA,3P,3,OUT,False,Missed Three Pointer (0/1 -  0 pt),P007027,"MALEDON, THEO",LDLC ASVEL Villeurbanne,ASV,,,,,,,,,,,,,,Q4,40,00:00,2FGA,2P,2,OUT,False,Missed Two Pointer (2/4 -  12 pt),P012604,"WILLIAMS , TREVION",ALBA Berlin,BER,,,,,,,,,,,,,,0,BOTH_MISSED,False,True,False,False,False
E2024,20,Fenerbahce Beko Istanbul vs Crvena Zvezda Meridianbet Belgrade,57,76,Q1,1,09:36,2FGA,2P,2,OUT,False,Missed Two Pointer (0/1 -  0 pt),PLMG,"MARJANOVIC, BOBAN",Fenerbahce Beko Istanbul,ULK,,,,,,,,,,,,,,Q4,40,00:48,2FGA,2P,2,OUT,False,Missed Two Pointer (1/2 -  2 pt),P002968,"SANLI, SERTAC",Fenerbahce Beko Istanbul,ULK,,,,,,,,,,,,,,0,BOTH_MISSED,False,True,False,False,False
E2024,21,Olympiacos Piraeus vs EA7 Emporio Armani Milan,89,68,Q1,1,09:51,2FGM,2P,2,IN,True,Two Pointer (1/1 -  2 pt),P003469,"VEZENKOV, SASHA",Olympiacos Piraeus,OLY,22,3,6,50.0,3,5,60.0,7,8,87.5,6,11,54.5,Q4,40,00:15,3FGM,3P,3,IN,True,Three Pointer (3/3 -  22 pt),P007853,"MCKISSIC, SHAQUIELLE",Olympiacos Piraeus,OLY,22,4,6,66.7,3,3,100.0,5,5,100.0,7,9,77.8,2,BOTH_SCORED,True,False,False,False,False
E2024,22,Baskonia Vitoria-Gasteiz vs Real Madrid,76,72,Q1,1,09:38,3FGA,3P,3,OUT,False,Missed Three Pointer (0/1 -  0 pt),P003108,"HEZONJA, MARIO",Real Madrid,MAD,,,,,,,,,,,,,,Q4,40,00:00,3FGA,3P,3,OUT,False,Missed Three Pointer (1/5 -  5 pt),PTGB,"LLULL, SERGIO",Real Madrid,MAD,,,,,,,,,,,,,,0,BOTH_MISSED,False,True,False,False,False
E2024,23,Paris Basketball vs Panathinaikos AKTOR Athens,84,80,Q1,1,09:45,2FGA,2P,2,OUT,False,Missed Two Pointer (0/1 -  0 pt),P012774,"NUNN, KENDRICK",Panathinaikos AKTOR Athens,PAN,,,,,,,,,,,,,,Q4,40,00:03,3FGA,3P,3,OUT,False,Missed Three Pointer (2/7 -  16 pt),P012774,"NUNN, KENDRICK",Panathinaikos AKTOR Athens,PAN,,,,,,,,,,,,,,0,BOTH_MISSED,False,True,False,False,True
E2024,24,Virtus Segafredo Bologna vs Zalgiris Kaunas,68,71,Q1,1,09:10,2FGA,2P,2,OUT,False,Missed Two Pointer (0/1 -  0 pt),P007513,"GIEDRAITIS, DOVYDAS",Zalgiris Kaunas,ZAL,,,,,,,,,,,,,,Q4,40,00:02,3FGA,3P,3,OUT,False,Missed Three Pointer (0/4 -  6 pt),PBCN,"BELINELLI, MARCO",Virtus Segafredo Bologna,VIR,,,,,,,,,,,,,,0,BOTH_MISSED,False,True,False,False,False
E2024,25,FC Barcelona vs AS Monaco,86,71,Q1,1,09:45,2FGA,2P,2,OUT,False,Missed Two Pointer (0/1 -  0 pt),P005985,"JAMES, MIKE",AS Monaco,MCO,,,,,,,,,,,,,,Q4,40,00:01,3FGA,3P,3,OUT,False,Missed Three Pointer (3/8 -  21 pt),P009862,"PUNTER, KEVIN",FC Barcelona,BAR,,,,,,,,,,,,,,0,BOTH_MISSED,False,True,False,False,False
E2024,26,Partizan Mozzart Bet Belgrade vs FC Bayern Munich,86,78,Q1,1,09:35,3FGA,3P,3,OUT,False,Missed Three Pointer (0/1 -  0 pt),P007056,"BOOKER, DEVIN",FC Bayern Munich,MUN,,,,,,,,,,,,,,Q4,40,00:01,2FGA,2P,2,OUT,False,Missed Two Pointer (1/3 -  12 pt),P010391,"WEILER-BABB, NICK",FC Bayern Munich,MUN,,,,,,,,,,,,,,0,BOTH_MISSED,False,True,False,False,False
E2024,27,Maccabi Playtika Tel Aviv vs Anadolu Efes Istanbul,93,91,Q1,1,09:56,2FGM,2P,2,IN,True,Two Pointer (1/1 -  2 pt),P011219,"SORKIN, ROMAN",Maccabi Playtika Tel Aviv,TEL,9,2,6,33.3,1,2,50.0,2,3,66.7,3,8,37.5,Q4,40,00:01,3FGA,3P,3,OUT,False,Missed Three Pointer (0/6 -  8 pt),P007200,"LARKIN, SHANE",Anadolu Efes Istanbul,IST,,,,,,,,,,,,,,1,FIRST_ONLY,False,False,True,False,False
E2024,28,ALBA Berlin vs Fenerbahce Beko Istanbul,71,78,Q1,1,09:59,2FGA,2P,2,OUT,False,Missed Two Pointer (0/1 -  0 pt),P002968,"SANLI, SERTAC",Fenerbahce Beko Istanbul,ULK,,,,,,,,,,,,,,Q4,40,00:10,FTM,FT,1,IN,True,Free Throw In (7/10 -  13 pt),P008173,"SPAGNOLO, MATTEO",ALBA Berlin,BER,13,3,8,37.5,0,1,0.0,7,10,70.0,3,9,33.3,1,LAST_ONLY,False,False,True,False,False
E2024,29,EA7 Emporio Armani Milan vs Zalgiris Kaunas,82,85,Q1,1,09:38,2FGA,2P,2,OUT,False,Missed Two Pointer (0/1 -  0 pt),P007513,"GIEDRAITIS, DOVYDAS",Zalgiris Kaunas,ZAL,,,,,,,,,,,,,,Q4,40,00:04,3FGA,3P,3,OUT,False,Missed Three Pointer (1/3 -  6 pt),P013384,"BROOKS, ARMONI",EA7 Emporio Armani Milan,MIL,,,,,,,,,,,,,,0,BOTH_MISSED,False,True,False,False,False
E2024,30,FC Bayern Munich vs Paris Basketball,109,107,Q1,1,09:46,2FGA,2P,2,OUT,False,Missed Two Pointer (0/1 -  0 pt),P010390,"HAYES, KEVARRIUS",Paris Basketball,PRS,,,,,,,,,,,,,,Q4,40,00:00,FTM,FT,1,IN,True,Free Throw In (1/2 -  1 pt),P007201,"VOIGTMANN, JOHANNES",FC Bayern Munich,MUN,1,0,1,0.0,0,2,0.0,1,2,50.0,0,3,0.0,1,LAST_ONLY,False,False,True,False,False
E2024,31,Real Madrid vs Panathinaikos AKTOR Athens,90,86,Q1,1,09:39,2FGM,2P,2,IN,True,Two Pointer (1/1 -  2 pt),P009213,"NDIAYE, ELI",Real Madrid,MAD,5,1,2,50.0,1,4,25.0,0,0,0.0,2,6,33.3,Q4,40,00:00,2FGM,2P,2,IN,True,Two Pointer (1/3 -  13 pt),P004088,"OSMAN, CEDI",Panathinaikos AKTOR Athens,PAN,13,1,3,33.3,3,5,60.0,2,2,100.0,4,8,50.0,2,BOTH_SCORED,True,False,False,False,False
E2024,32,Maccabi Playtika Tel Aviv vs Partizan Mozzart Bet Belgrade,79,91,Q1,1,09:42,2FGM,2P,2,IN,True,Two Pointer (1/1 -  2 pt),P007870,"DAVIES, BRANDON",Partizan Mozzart Bet Belgrade,PAR,9,4,11,36.4,0,1,0.0,1,3,33.3,4,12,33.3,Q4,40,00:00,2FGM,2P,2,IN,True,Two Pointer (5/5 -  20 pt),P012720,"BROWN, STERLING",Partizan Mozzart Bet Belgrade,PAR,20,5,5,100.0,2,4,50.0,4,5,80.0,7,9,77.8,2,BOTH_SCORED,True,False,False,False,False
E2024,33,AS Monaco vs Virtus Segafredo Bologna,101,85,Q1,1,09:40,2FGM,2P,2,IN,True,Two Pointer (1/1 -  2 pt),P013374,"DIOUF, MOUHAMET",Virtus Segafredo Bologna,VIR,12,4,5,80.0,0,0,0.0,4,4,100.0,4,5,80.0,Q4,37,03:13,2FGA,2P,2,OUT,False,Missed Two Pointer (1/2 -  9 pt),P012585,"MORGAN, MATTHEW",Virtus Segafredo Bologna,VIR,,,,,,,,,,,,,,1,FIRST_ONLY,False,False,True,False,False
E2024,34,Anadolu Efes Istanbul vs Olympiacos Piraeus,91,89,Q1,1,09:46,2FGM,2P,2,IN,True,Two Pointer (1/1 -  2 pt),P013380,"FOURNIER, EVAN",Olympiacos Piraeus,OLY,20,3,5,60.0,4,6,66.7,2,2,100.0,7,11,63.6,Q4,40,00:01,3FGM,3P,3,IN,True,Three Pointer (3/5 -  17 pt),P007853,"MCKISSIC, SHAQUIELLE",Olympiacos Piraeus,OLY,17,3,4,75.0,3,5,60.0,2,2,100.0,6,9,66.7,2,BOTH_SCORED,True,False,False,False,False
E2024,35,Crvena Zvezda Meridianbet Belgrade vs FC Barcelona,94,98,Q1,1,09:29,2FGM,2P,2,IN,True,Two Pointer (1/1 -  2 pt),P009862,"PUNTER, KEVIN",FC Barcelona,BAR,26,6,7,85.7,4,6,66.7,2,2,100.0,10,13,76.9,OT,45,00:01,2FGM,2P,2,IN,True,Two Pointer (6/7 -  26 pt),P009862,"PUNTER, KEVIN",FC Barcelona,BAR,26,6,7,85.7,4,6,66.7,2,2,100.0,10,13,76.9,2,BOTH_SCORED,True,False,False,False,True
E2024,36,LDLC ASVEL Villeurbanne vs Baskonia Vitoria-Gasteiz,76,69,Q1,1,09:45,3FGM,3P,3,IN,True,Three Pointer (1/1 -  3 pt),P003526,"LIGHTY, DAVID",LDLC ASVEL Villeurbanne,ASV,5,1,2,50.0,1,3,33.3,0,0,0.0,2,5,40.0,Q4,40,00:03,2FGA,2P,2,OUT,False,Missed Two Pointer (2/5 -  7 pt),P011948,"HOWARD, MARKUS",Baskonia Vitoria-Gasteiz,BAS,,,,,,,,,,,,,,1,FIRST_ONLY,False,False,True,False,False
E2024,37,Partizan Mozzart Bet Belgrade vs Virtus Segafredo Bologna,69,70,Q1,1,09:41,3FGA,3P,3,OUT,False,Missed Three Pointer (0/1 -  0 pt),P012585,"MORGAN, MATTHEW",Virtus Segafredo Bologna,VIR,,,,,,,,,,,,,,Q4,40,00:02,3FGA,3P,3,OUT,False,Missed Three Pointer (0/2 -  0 pt),P006591,"NTILIKINA, FRANK",Partizan Mozzart Bet Belgrade,PAR,,,,,,,,,,,,,,0,BOTH_MISSED,False,True,False,False,False
E2024,38,AS Monaco vs Paris Basketball,80,87,Q1,1,09:43,2FGA,2P,2,OUT,False,Missed Two Pointer (0/1 -  0 pt),P002581,"JAITEH, MAM",AS Monaco,MCO,,,,,,,,,,,,,,Q4,39,01:38,2FGA,2P,2,OUT,False,Missed Two Pointer (6/10 -  12 pt),P002581,"JAITEH, MAM",AS Monaco,MCO,,,,,,,,,,,,,,0,BOTH_MISSED,False,True,False,False,True
E2024,39,Zalgiris Kaunas vs Maccabi Playtika Tel Aviv,78,63,Q1,1,09:26,3FGM,3P,3,IN,True,Three Pointer (1/1 -  3 pt),P011983,"BRAZDEIKIS, IGNAS",Zalgiris Kaunas,ZAL,9,2,4,50.0,1,3,33.3,2,2,100.0,3,7,42.9,Q4,40,00:23,FTA,FT,1,OUT,False,Missed Free Throw (2/3 -  12 pt),P011214,"RIVERO, JASIEL",Maccabi Playtika Tel Aviv,TEL,,,,,,,,,,,,,,1,FIRST_ONLY,False,False,True,False,False
E2024,40,EA7 Emporio Armani Milan vs Anadolu Efes Istanbul,84,96,Q1,1,09:33,2FGM,2P,2,IN,True,Two Pointer (1/1 -  2 pt),P000796,"MIROTIC, NIKOLA",EA7 Emporio Armani Milan,MIL,29,4,8,50.0,4,8,50.0,9,11,81.8,8,16,50.0,Q4,40,00:04,3FGA,3P,3,OUT,False,Missed Three Pointer (0/2 -  2 pt),P006509,"TONUT, STEFANO",EA7 Emporio Armani Milan,MIL,,,,,,,,,,,,,,1,FIRST_ONLY,False,False,True,False,False
E2024,41,Baskonia Vitoria-Gasteiz vs ALBA Berlin,80,57,Q1,1,09:35,3FGM,3P,3,IN,True,Three Pointer (1/1 -  3 pt),P012597,"BALDWIN, KAMAR",Baskonia Vitoria-Gasteiz,BAS,5,1,5,20.0,1,2,50.0,0,0,0.0,2,7,28.6,Q4,40,00:00,3FGA,3P,3,OUT,False,Missed Three Pointer (0/2 -  0 pt),P010784,"SAVKOV, PAVEL",Baskonia Vitoria-Gasteiz,BAS,,,,,,,,,,,,,,1,FIRST_ONLY,False,False,True,False,False
E2024,42,Real Madrid vs Crvena Zvezda Meridianbet Belgrade,95,72,Q1,1,09:40,2FGM,2P,2,IN,True,Two Pointer (1/1 -  2 pt),P009048,"MILLER-MCINTYRE, CODI",Crvena Zvezda Meridianbet Belgrade,RED,5,1,5,20.0,1,3,33.3,0,0,0.0,2,8,25.0,Q4,40,00:10,3FGM,3P,3,IN,True,Three Pointer (1/3 -  5 pt),P009048,"MILLER-MCINTYRE, CODI",Crvena Zvezda Meridianbet Belgrade,RED,5,1,5,20.0,1,3,33.3,0,0,0.0,2,8,25.0,2,BOTH_SCORED,True,False,False,False,True
E2024,43,Fenerbahce Beko Istanbul vs Panathinaikos AKTOR Athens,76,81,Q1,1,09:44,3FGA,3P,3,OUT,False,Missed Three Pointer (0/1 -  0 pt),P008962,"HAYES-DAVIS, NIGEL",Fenerbahce Beko Istanbul,ULK,,,,,,,,,,,,,,Q4,40,00:01,3FGA,3P,3,OUT,False,Missed Three Pointer (3/6 -  16 pt),P006961,"BIBEROVIC, TARIK",Fenerbahce Beko Istanbul,ULK,,,,,,,,,,,,,,0,BOTH_MISSED,False,True,False,False,False
E2024,44,FC Barcelona vs LDLC ASVEL Villeurbanne,90,83,Q1,1,09:39,2FGA,2P,2,OUT,False,Missed Two Pointer (0/1 -  0 pt),P010545,"SAKO, NEAL",LDLC ASVEL Villeurbanne,ASV,,,,,,,,,,,,,,Q4,40,00:00,2FGA,2P,2,OUT,False,Missed Two Pointer (3/7 -  21 pt),P007027,"MALEDON, THEO",LDLC ASVEL Villeurbanne,ASV,,,,,,,,,,,,,,0,BOTH_MISSED,False,True,False,False,False
E2024,45,FC Bayern Munich vs Olympiacos Piraeus,84,80,Q1,1,09:45,2FGM,2P,2,IN,True,Two Pointer (1/1 -  2 pt),P008811,"FALL, MOUSTAPHA",Olympiacos Piraeus,OLY,8,4,4,100.0,0,0,0.0,0,0,0.0,4,4,100.0,Q4,40,00:11,FTM,FT,1,IN,True,Free Throw In (4/5 -  30 pt),P011987,"EDWARDS, CARSEN",FC Bayern Munich,MUN,30,10,14,71.4,2,9,22.2,4,5,80.0,12,23,52.2,2,BOTH_SCORED,True,False,False,False,False
E2024,46,Anadolu Efes Istanbul vs FC Barcelona,88,97,Q1,1,09:48,3FGM,3P,3,IN,True,Three Pointer (1/1 -  3 pt),P003478,"ABRINES, ALEX",FC Barcelona,BAR,8,0,0,0.0,2,5,40.0,2,2,100.0,2,5,40.0,Q4,40,00:01,2FGM,2P,2,IN,True,Two Pointer (4/8 -  10 pt),P004887,"POIRIER, VINCENT",Anadolu Efes Istanbul,IST,10,4,8,50.0,0,0,0.0,2,4,50.0,4,8,50.0,2,BOTH_SCORED,True,False,False,False,False
E2024,47,Fenerbahce Beko Istanbul vs Maccabi Playtika Tel Aviv,84,82,Q1,1,09:29,2FGM,2P,2,IN,True,Two Pointer (1/1 -  2 pt),P011205,"HALL, DEVON",Fenerbahce Beko Istanbul,ULK,16,3,5,60.0,3,5,60.0,1,2,50.0,6,10,60.0,Q4,40,00:08,3FGA,3P,3,OUT,False,Missed Three Pointer (3/5 -  16 pt),P011205,"HALL, DEVON",Fenerbahce Beko Istanbul,ULK,,,,,,,,,,,,,,1,FIRST_ONLY,False,False,True,False,True
E2024,48,Zalgiris Kaunas vs Crvena Zvezda Meridianbet Belgrade,86,84,Q1,1,09:38,2FGA,2P,2,OUT,False,Missed Two Pointer (0/1 -  0 pt),P007513,"GIEDRAITIS, DOVYDAS",Zalgiris Kaunas,ZAL,,,,,,,,,,,,,,Q4,40,00:01,2FGM,2P,2,IN,True,Two Pointer (3/4 -  6 pt),P003048,"DUNSTON, BRYANT",Zalgiris Kaunas,ZAL,6,3,4,75.0,0,0,0.0,0,0,0.0,3,4,75.0,1,LAST_ONLY,False,False,True,False,False
E2024,49,ALBA Berlin vs Paris Basketball,83,92,Q1,1,09:50,3FGA,3P,3,OUT,False,Missed Three Pointer (0/1 -  0 pt),P004197,"OUATTARA, YAKUBA",Paris Basketball,PRS,,,,,,,,,,,,,,Q4,40,00:00,2FGA,2P,2,OUT,False,Missed Two Pointer (3/5 -  11 pt),P012608,"SHORTS, TJ",Paris Basketball,PRS,,,,,,,,,,,,,,0,BOTH_MISSED,False,True,False,False,False
E2024,50,Olympiacos Piraeus vs Real Madrid,79,69,Q1,1,09:45,2FGM,2P,2,IN,True,Two Pointer (1/1 -  2 pt),P013380,"FOURNIER, EVAN",Olympiacos Piraeus,OLY,10,2,6,33.3,2,9,22.2,0,0,0.0,4,15,26.7,Q4,40,00:00,3FGA,3P,3,OUT,False,Missed Three Pointer (1/4 -  7 pt),P005928,"CAMPAZZO, FACUNDO",Real Madrid,MAD,,,,,,,,,,,,,,1,FIRST_ONLY,False,False,True,False,False
E2024,51,Panathinaikos AKTOR Athens vs LDLC ASVEL Villeurbanne,92,68,Q1,1,09:45,2FGM,2P,2,IN,True,Two Pointer (1/1 -  2 pt),P012774,"NUNN, KENDRICK",Panathinaikos AKTOR Athens,PAN,14,4,5,80.0,2,5,40.0,0,1,0.0,6,10,60.0,Q4,40,00:07,3FGM,3P,3,IN,True,Three Pointer (1/4 -  13 pt),P000229,"JACKSON, EDWIN",LDLC ASVEL Villeurbanne,ASV,13,4,4,100.0,1,4,25.0,2,2,100.0,5,8,62.5,2,BOTH_SCORED,True,False,False,False,False
E2024,52,Baskonia Vitoria-Gasteiz vs EA7 Emporio Armani Milan,88,83,Q1,1,09:41,2FGM,2P,2,IN,True,Two Pointer (1/1 -  2 pt),P011196,"HALL, DONTA",Baskonia Vitoria-Gasteiz,BAS,4,2,3,66.7,0,0,0.0,0,0,0.0,2,3,66.7,Q4,40,00:03,3FGA,3P,3,OUT,False,Missed Three Pointer (2/6 -  15 pt),P006085,"DIMITRIJEVIC, NENO",EA7 Emporio Armani Milan,MIL,,,,,,,,,,,,,,1,FIRST_ONLY,False,False,True,False,False
E2024,53,Partizan Mozzart Bet Belgrade vs AS Monaco,74,79,Q1,1,09:37,2FGM,2P,2,IN,True,Two Pointer (1/1 -  2 pt),P008232,"POKUSEVSKI, ALEKSEJ",Partizan Mozzart Bet Belgrade,PAR,5,1,2,50.0,1,3,33.3,0,0,0.0,2,5,40.0,Q4,40,00:00,3FGA,3P,3,OUT,False,Missed Three Pointer (1/3 -  8 pt),P009754,"LOYD, JORDAN",AS Monaco,MCO,,,,,,,,,,,,,,1,FIRST_ONLY,False,False,True,False,False
E2024,54,Virtus Segafredo Bologna vs FC Bayern Munich,84,87,Q1,1,09:40,3FGA,3P,3,OUT,False,Missed Three Pointer (0/1 -  0 pt),P004508,"OBST, ANDREAS",FC Bayern Munich,MUN,,,,,,,,,,,,,,Q4,40,01:00,3FGA,3P,3,OUT,False,Missed Three Pointer (3/6 -  17 pt),P012585,"MORGAN, MATTHEW",Virtus Segafredo Bologna,VIR,,,,,,,,,,,,,,0,BOTH_MISSED,False,True,False,False,False
E2024,55,ALBA Berlin vs Anadolu Efes Istanbul,70,86,Q1,1,09:40,2FGA,2P,2,OUT,False,Missed Two Pointer (0/1 -  0 pt),P012604,"WILLIAMS , TREVION",ALBA Berlin,BER,,,,,,,,,,,,,,Q4,40,00:01,3FGM,3P,3,IN,True,Three Pointer (2/5 -  10 pt),P008384,"PROCIDA, GABRIELE",ALBA Berlin,BER,10,2,4,50.0,2,5,40.0,0,0,0.0,4,9,44.4,1,LAST_ONLY,False,False,True,False,False
E2024,56,Olympiacos Piraeus vs FC Barcelona,95,74,Q1,1,09:41,3FGA,3P,3,OUT,False,Missed Three Pointer (0/1 -  0 pt),P012745,"PARKER, JABARI",FC Barcelona,BAR,,,,,,,,,,,,,,Q4,40,00:00,2FGM,2P,2,IN,True,Two Pointer (3/3 -  19 pt),P013380,"FOURNIER, EVAN",Olympiacos Piraeus,OLY,19,3,3,100.0,3,6,50.0,4,4,100.0,6,9,66.7,1,LAST_ONLY,False,False,True,False,False
E2024,57,EA7 Emporio Armani Milan vs Virtus Segafredo Bologna,99,90,Q1,1,09:43,2FGM,2P,2,IN,True,Two Pointer (1/1 -  2 pt),P011199,"NEBO, JOSH",EA7 Emporio Armani Milan,MIL,7,3,5,60.0,0,0,0.0,1,1,100.0,3,5,60.0,Q4,40,00:06,FTM,FT,1,IN,True,Free Throw In (4/6 -  21 pt),PBCN,"BELINELLI, MARCO",Virtus Segafredo Bologna,VIR,21,1,1,100.0,5,8,62.5,4,6,66.7,6,9,66.7,2,BOTH_SCORED,True,False,False,False,False
E2024,58,Maccabi Playtika Tel Aviv vs Real Madrid,79,78,Q1,1,09:21,2FGM,2P,2,IN,True,Two Pointer (1/1 -  2 pt),P011219,"SORKIN, ROMAN",Maccabi Playtika Tel Aviv,TEL,13,2,2,100.0,3,6,50.0,0,0,0.0,5,8,62.5,Q4,40,01:00,2FGM,2P,2,IN,True,Two Pointer (2/8 -  19 pt),P013389,"LEE, SABEN",Maccabi Playtika Tel Aviv,TEL,19,2,8,25.0,2,4,50.0,9,10,90.0,4,12,33.3,2,BOTH_SCORED,True,False,False,False,False
E2024,59,Fenerbahce Beko Istanbul vs Partizan Mozzart Bet Belgrade,89,72,Q1,1,09:36,2FGA,2P,2,OUT,False,Missed Two Pointer (0/1 -  0 pt),P011981,"JONES, TYRIQUE",Partizan Mozzart Bet Belgrade,PAR,,,,,,,,,,,,,,Q4,40,00:05,2FGA,2P,2,OUT,False,Missed Two Pointer (2/4 -  10 pt),P008232,"POKUSEVSKI, ALEKSEJ",Partizan Mozzart Bet Belgrade,PAR,,,,,,,,,,,,,,0,BOTH_MISSED,False,True,False,False,False
E2024,60,Zalgiris Kaunas vs AS Monaco,63,62,Q1,1,09:42,3FGM,3P,3,IN,True,Three Pointer (1/1 -  3 pt),P012715,"MANEK, BRADY",Zalgiris Kaunas,ZAL,8,1,2,50.0,2,6,33.3,0,0,0.0,3,8,37.5,Q4,40,00:38,3FGA,3P,3,OUT,False,Missed Three Pointer (0/4 -  12 pt),P005985,"JAMES, MIKE",AS Monaco,MCO,,,,,,,,,,,,,,1,FIRST_ONLY,False,False,True,False,False
E2024,61,Crvena Zvezda Meridianbet Belgrade vs Panathinaikos AKTOR Athens,77,81,Q1,1,09:45,3FGA,3P,3,OUT,False,Missed Three Pointer (0/1 -  0 pt),P009622,"BROWN, LORENZO",Panathinaikos AKTOR Athens,PAN,,,,,,,,,,,,,,Q4,33,07:49,2FGA,2P,2,OUT,False,Missed Two Pointer (0/2 -  3 pt),P012786,"DAUM, MIKE",Crvena Zvezda Meridianbet Belgrade,RED,,,,,,,,,,,,,,0,BOTH_MISSED,False,True,False,False,False
E2024,62,LDLC ASVEL Villeurbanne vs FC Bayern Munich,71,84,Q1,1,09:46,2FGM,2P,2,IN,True,Two Pointer (1/1 -  2 pt),P007027,"MALEDON, THEO",LDLC ASVEL Villeurbanne,ASV,11,4,6,66.7,0,5,0.0,3,4,75.0,4,11,36.4,Q4,40,00:00,3FGA,3P,3,OUT,False,Missed Three Pointer (3/7 -  9 pt),P013372,"SCHOFIELD, ADMIRAL",LDLC ASVEL Villeurbanne,ASV,,,,,,,,,,,,,,1,FIRST_ONLY,False,False,True,False,False
E2024,63,Paris Basketball vs Baskonia Vitoria-Gasteiz,67,65,Q1,1,09:35,3FGA,3P,3,OUT,False,Missed Three Pointer (0/1 -  0 pt),P012201,"MONEKE, CHIMA",Baskonia Vitoria-Gasteiz,BAS,,,,,,,,,,,,,,Q4,40,00:00,2FGM,2P,2,IN,True,Two Pointer (4/6 -  19 pt),P012201,"MONEKE, CHIMA",Baskonia Vitoria-Gasteiz,BAS,19,4,6,66.7,0,4,0.0,11,11,100.0,4,10,40.0,1,LAST_ONLY,False,False,True,False,True
E2024,64,Anadolu Efes Istanbul vs AS Monaco,69,81,Q1,1,09:36,3FGA,3P,3,OUT,False,Missed Three Pointer (0/1 -  0 pt),P012710,"OSMANI, ERCAN",Anadolu Efes Istanbul,IST,,,,,,,,,,,,,,Q4,40,00:01,3FGA,3P,3,OUT,False,Missed Three Pointer (1/3 -  8 pt),P006590,"BEAUBOIS, RODRIGUE",Anadolu Efes Istanbul,IST,,,,,,,,,,,,,,0,BOTH_MISSED,False,True,False,False,False
E2024,65,Crvena Zvezda Meridianbet Belgrade vs ALBA Berlin,92,71,Q1,1,09:41,2FGM,2P,2,IN,True,Two Pointer (1/1 -  2 pt),P012786,"DAUM, MIKE",Crvena Zvezda Meridianbet Belgrade,RED,10,2,2,100.0,1,1,100.0,3,3,100.0,3,3,100.0,Q4,40,00:03,3FGA,3P,3,OUT,False,Missed Three Pointer (0/3 -  15 pt),P009048,"MILLER-MCINTYRE, CODI",Crvena Zvezda Meridianbet Belgrade,RED,,,,,,,,,,,,,,1,FIRST_ONLY,False,False,True,False,False
E2024,66,EA7 Emporio Armani Milan vs Real Madrid,85,76,Q1,1,09:33,2FGA,2P,2,OUT,False,Missed Two Pointer (0/1 -  0 pt),P003733,"ABALDE, ALBERTO",Real Madrid,MAD,,,,,,,,,,,,,,Q4,37,03:24,2FGA,2P,2,OUT,False,Missed Two Pointer (3/4 -  11 pt),P011064,"MANNION, NICCOLO",EA7 Emporio Armani Milan,MIL,,,,,,,,,,,,,,0,BOTH_MISSED,False,True,False,False,False
E2024,67,FC Bayern Munich vs Zalgiris Kaunas,77,74,Q1,1,09:38,3FGA,3P,3,OUT,False,Missed Three Pointer (0/1 -  0 pt),P011987,"EDWARDS, CARSEN",FC Bayern Munich,MUN,,,,,,,,,,,,,,Q4,40,00:01,3FGA,3P,3,OUT,False,Missed Three Pointer (0/4 -  2 pt),P012715,"MANEK, BRADY",Zalgiris Kaunas,ZAL,,,,,,,,,,,,,,0,BOTH_MISSED,False,True,False,False,False
E2024,68,Paris Basketball vs Partizan Mozzart Bet Belgrade,74,71,Q1,1,09:46,3FGM,3P,3,IN,True,Three Pointer (1/1 -  3 pt),P006591,"NTILIKINA, FRANK",Partizan Mozzart Bet Belgrade,PAR,8,1,5,20.0,2,5,40.0,0,0,0.0,3,10,30.0,Q4,40,00:33,2FGM,2P,2,IN,True,Two Pointer (4/6 -  16 pt),P004761,"MARINKOVIC, VANJA",Partizan Mozzart Bet Belgrade,PAR,16,4,6,66.7,2,3,66.7,2,2,100.0,6,9,66.7,2,BOTH_SCORED,True,False,False,False,False
E2024,69,LDLC ASVEL Villeurbanne vs Fenerbahce Beko Istanbul,73,77,Q1,1,09:48,2FGM,2P,2,IN,True,Two Pointer (1/1 -  2 pt),P007182,"BIRCH, KHEM",Fenerbahce Beko Istanbul,ULK,4,2,3,66.7,0,0,0.0,0,0,0.0,2,3,66.7,Q4,40,00:05,3FGA,3P,3,OUT,False,Missed Three Pointer (1/7 -  10 pt),P007027,"MALEDON, THEO",LDLC ASVEL Villeurbanne,ASV,,,,,,,,,,,,,,1,FIRST_ONLY,False,False,True,False,False
E2024,70,Panathinaikos AKTOR Athens vs Olympiacos Piraeus,89,94,Q1,1,09:38,3FGM,3P,3,IN,True,Three Pointer (1/1 -  3 pt),P013380,"FOURNIER, EVAN",Olympiacos Piraeus,OLY,22,5,10,50.0,4,6,66.7,0,0,0.0,9,16,56.2,Q4,40,00:05,FTA,FT,1,OUT,False,Missed Free Throw (0/1 -  2 pt),P011209,"KALAITZAKIS, PANAGIOTIS",Panathinaikos AKTOR Athens,PAN,,,,,,,,,,,,,,1,FIRST_ONLY,False,False,True,False,False
E2024,71,FC Barcelona vs Baskonia Vitoria-Gasteiz,91,68,Q1,1,09:39,2FGM,2P,2,IN,True,Two Pointer (1/1 -  2 pt),P009862,"PUNTER, KEVIN",FC Barcelona,BAR,15,4,8,50.0,2,4,50.0,1,2,50.0,6,12,50.0,Q4,40,00:02,3FGA,3P,3,OUT,False,Missed Three Pointer (0/1 -  0 pt),P008850,"RAIESTE, SANDER",Baskonia Vitoria-Gasteiz,BAS,,,,,,,,,,,,,,1,FIRST_ONLY,False,False,True,False,False
E2024,72,Virtus Segafredo Bologna vs Maccabi Playtika Tel Aviv,84,77,Q1,1,09:38,3FGM,3P,3,IN,True,Three Pointer (1/1 -  3 pt),P006739,"PAJOLA, ALESSANDRO",Virtus Segafredo Bologna,VIR,10,0,0,0.0,3,4,75.0,1,2,50.0,3,4,75.0,Q4,40,00:13,2FGA,2P,2,OUT,False,Missed Two Pointer (4/10 -  8 pt),P011219,"SORKIN, ROMAN",Maccabi Playtika Tel Aviv,TEL,,,,,,,,,,,,,,1,FIRST_ONLY,False,False,True,False,False
E2024,73,Fenerbahce Beko Istanbul vs FC Bayern Munich,87,76,Q1,1,09:26,3FGA,3P,3,OUT,False,Missed Three Pointer (0/1 -  0 pt),P008962,"HAYES-DAVIS, NIGEL",Fenerbahce Beko Istanbul,ULK,,,,,,,,,,,,,,Q4,40,00:01,3FGA,3P,3,OUT,False,Missed Three Pointer (0/3 -  10 pt),P011244,"DA SILVA, OSCAR",FC Bayern Munich,MUN,,,,,,,,,,,,,,0,BOTH_MISSED,False,True,False,False,False
E2024,74,AS Monaco vs Crvena Zvezda Meridianbet Belgrade,90,98,Q1,1,09:27,2FGM,2P,2,IN,True,Two Pointer (1/1 -  2 pt),PLCZ,"MOTIEJUNAS, DONATAS",AS Monaco,MCO,10,4,9,44.4,0,1,0.0,2,2,100.0,4,10,40.0,Q4,40,00:15,2FGA,2P,2,OUT,False,Missed Two Pointer (5/6 -  20 pt),P005985,"JAMES, MIKE",AS Monaco,MCO,,,,,,,,,,,,,,1,FIRST_ONLY,False,False,True,False,False
E2024,75,ALBA Berlin vs EA7 Emporio Armani Milan,105,101,Q1,1,09:43,2FGA,2P,2,OUT,False,Missed Two Pointer (0/1 -  0 pt),P008384,"PROCIDA, GABRIELE",ALBA Berlin,BER,,,,,,,,,,,,,,OT,45,00:00,2FGA,2P,2,OUT,False,Missed Two Pointer (1/3 -  10 pt),P006509,"TONUT, STEFANO",EA7 Emporio Armani Milan,MIL,,,,,,,,,,,,,,0,BOTH_MISSED,False,True,False,False,False
E2024,76,Olympiacos Piraeus vs LDLC ASVEL Villeurbanne,94,92,Q1,1,09:43,2FGM,2P,2,IN,True,Two Pointer (1/1 -  2 pt),P013380,"FOURNIER, EVAN",Olympiacos Piraeus,OLY,20,4,7,57.1,3,8,37.5,3,4,75.0,7,15,46.7,Q4,40,00:06,FTA,FT,1,OUT,False,Missed Free Throw (4/6 -  21 pt),P003469,"VEZENKOV, SASHA",Olympiacos Piraeus,OLY,,,,,,,,,,,,,,1,FIRST_ONLY,False,False,True,False,False
E2024,77,Panathinaikos AKTOR Athens vs Maccabi Playtika Tel Aviv,93,87,Q1,1,09:49,2FGM,2P,2,IN,True,Two Pointer (1/1 -  2 pt),P006835,"HOARD, JAYLEN",Maccabi Playtika Tel Aviv,TEL,14,5,7,71.4,0,1,0.0,4,4,100.0,5,8,62.5,Q4,40,00:00,2FGA,2P,2,OUT,False,Missed Two Pointer (2/6 -  10 pt),P013389,"LEE, SABEN",Maccabi Playtika Tel Aviv,TEL,,,,,,,,,,,,,,1,FIRST_ONLY,False,False,True,False,False
E2024,78,Baskonia Vitoria-Gasteiz vs Anadolu Efes Istanbul,84,89,Q1,1,09:37,3FGA,3P,3,OUT,False,Missed Three Pointer (0/1 -  0 pt),P013363,"NWORA, JORDAN",Anadolu Efes Istanbul,IST,,,,,,,,,,,,,,Q4,40,00:00,3FGA,3P,3,OUT,False,Missed Three Pointer (1/6 -  22 pt),P012201,"MONEKE, CHIMA",Baskonia Vitoria-Gasteiz,BAS,,,,,,,,,,,,,,0,BOTH_MISSED,False,True,False,False,False
E2024,79,Real Madrid vs Virtus Segafredo Bologna,98,86,Q1,1,09:38,2FGM,2P,2,IN,True,Two Pointer (1/1 -  2 pt),P005791,"TAVARES, WALTER",Real Madrid,MAD,14,5,5,100.0,0,0,0.0,4,7,57.1,5,5,100.0,Q4,40,00:08,3FGA,3P,3,OUT,False,Missed Three Pointer (1/4 -  3 pt),P012585,"MORGAN, MATTHEW",Virtus Segafredo Bologna,VIR,,,,,,,,,,,,,,1,FIRST_ONLY,False,False,True,False,False
E2024,80,Partizan Mozzart Bet Belgrade vs FC Barcelona,79,87,Q1,1,09:35,2FGM,2P,2,IN,True,Two Pointer (1/1 -  2 pt),P012167,"BOSNJAKOVIC, MITAR",Partizan Mozzart Bet Belgrade,PAR,6,3,4,75.0,0,2,0.0,0,0,0.0,3,6,50.0,Q4,40,00:03,3FGA,3P,3,OUT,False,Missed Three Pointer (2/6 -  17 pt),P013369,"JONES, CARLIK",Partizan Mozzart Bet Belgrade,PAR,,,,,,,,,,,,,,1,FIRST_ONLY,False,False,True,False,False
E2024,81,Paris Basketball vs Zalgiris Kaunas,83,77,Q1,1,09:42,2FGM,2P,2,IN,True,Two Pointer (1/1 -  2 pt),P012608,"SHORTS, TJ",Paris Basketball,PRS,21,6,11,54.5,2,3,66.7,3,5,60.0,8,14,57.1,Q4,40,00:07,3FGA,3P,3,OUT,False,Missed Three Pointer (0/8 -  8 pt),P007975,"FRANCISCO, SYLVAIN",Zalgiris Kaunas,ZAL,,,,,,,,,,,,,,1,FIRST_ONLY,False,False,True,False,False
E2024,82,LDLC ASVEL Villeurbanne vs Crvena Zvezda Meridianbet Belgrade,77,74,Q1,1,09:46,2FGA,2P,2,OUT,False,Missed Two Pointer (0/1 -  0 pt),P006240,"PLAVSIC, UROS",Crvena Zvezda Meridianbet Belgrade,RED,,,,,,,,,,,,,,Q4,40,00:06,3FGA,3P,3,OUT,False,Missed Three Pointer (2/7 -  10 pt),PJDR,"TEODOSIC, MILOS",Crvena Zvezda Meridianbet Belgrade,RED,,,,,,,,,,,,,,0,BOTH_MISSED,False,True,False,False,False
E2024,83,Baskonia Vitoria-Gasteiz vs AS Monaco,75,87,Q1,1,09:48,2FGA,2P,2,OUT,False,Missed Two Pointer (0/1 -  0 pt),P008099,"STRAZEL, MATTHEW",AS Monaco,MCO,,,,,,,,,,,,,,Q4,40,00:13,2FGM,2P,2,IN,True,Two Pointer (3/6 -  16 pt),P007230,"SEDEKERSKIS, TADAS",Baskonia Vitoria-Gasteiz,BAS,16,3,6,50.0,2,3,66.7,4,4,100.0,5,9,55.6,1,LAST_ONLY,False,False,True,False,False
E2024,84,FC Bayern Munich vs ALBA Berlin,115,88,Q1,1,09:35,2FGM,2P,2,IN,True,Two Pointer (1/1 -  2 pt),P007056,"BOOKER, DEVIN",FC Bayern Munich,MUN,18,5,7,71.4,2,2,100.0,2,2,100.0,7,9,77.8,Q4,40,00:01,2FGM,2P,2,IN,True,Two Pointer (4/7 -  11 pt),P011631,"RAPIEQUE, ELIAS",ALBA Berlin,BER,11,4,7,57.1,1,2,50.0,0,0,0.0,5,9,55.6,2,BOTH_SCORED,True,False,False,False,False
E2024,85,Real Madrid vs Anadolu Efes Istanbul,64,74,Q1,1,09:42,2FGA,2P,2,OUT,False,Missed Two Pointer (0/1 -  0 pt),P003108,"HEZONJA, MARIO",Real Madrid,MAD,,,,,,,,,,,,,,Q4,40,00:04,FTM,FT,1,IN,True,Free Throw In (5/6 -  10 pt),P011078,"THOMPSON, DARIUS",Anadolu Efes Istanbul,IST,10,1,3,33.3,1,7,14.3,5,6,83.3,2,10,20.0,1,LAST_ONLY,False,False,True,False,False
E2024,86,Maccabi Playtika Tel Aviv vs Olympiacos Piraeus,91,94,Q1,1,09:47,3FGA,3P,3,OUT,False,Missed Three Pointer (0/1 -  0 pt),P003469,"VEZENKOV, SASHA",Olympiacos Piraeus,OLY,,,,,,,,,,,,,,Q4,40,00:06,3FGA,3P,3,OUT,False,Missed Three Pointer (0/3 -  4 pt),P013389,"LEE, SABEN",Maccabi Playtika Tel Aviv,TEL,,,,,,,,,,,,,,0,BOTH_MISSED,False,True,False,False,False
E2024,87,Zalgiris Kaunas vs Fenerbahce Beko Istanbul,65,72,Q1,1,09:44,FTA,FT,1,OUT,False,Missed Free Throw (0/1 -  0 pt),P008104,"ZAGARS, ARTURS",Fenerbahce Beko Istanbul,ULK,,,,,,,,,,,,,,Q4,40,00:01,3FGA,3P,3,OUT,False,Missed Three Pointer (3/8 -  18 pt),P008962,"HAYES-DAVIS, NIGEL",Fenerbahce Beko Istanbul,ULK,,,,,,,,,,,,,,0,BOTH_MISSED,False,True,False,False,False
E2024,88,FC Barcelona vs Paris Basketball,87,103,Q1,1,09:59,2FGM,2P,2,IN,True,Two Pointer (1/1 -  2 pt),P012610,"WARD, TYSON",Paris Basketball,PRS,13,5,6,83.3,1,3,33.3,0,1,0.0,6,9,66.7,Q4,40,00:19,2FGA,2P,2,OUT,False,Missed Two Pointer (0/1 -  2 pt),P005793,"SY, BANDJA",Paris Basketball,PRS,,,,,,,,,,,,,,1,FIRST_ONLY,False,False,True,False,False
E2024,89,Partizan Mozzart Bet Belgrade vs EA7 Emporio Armani Milan,81,88,Q1,1,09:31,3FGM,3P,3,IN,True,Three Pointer (1/1 -  3 pt),P006085,"DIMITRIJEVIC, NENO",EA7 Emporio Armani Milan,MIL,3,0,1,0.0,1,2,50.0,0,0,0.0,1,3,33.3,Q4,40,00:00,3FGA,3P,3,OUT,False,Missed Three Pointer (0/4 -  2 pt),P010781,"LUNDBERG, IFFE",Partizan Mozzart Bet Belgrade,PAR,,,,,,,,,,,,,,1,FIRST_ONLY,False,False,True,False,False
E2024,90,Virtus Segafredo Bologna vs Panathinaikos AKTOR Athens,77,82,Q1,1,09:43,3FGA,3P,3,OUT,False,Missed Three Pointer (0/1 -  0 pt),P001133,"SHENGELIA, TORNIKE",Virtus Segafredo Bologna,VIR,,,,,,,,,,,,,,Q4,40,00:01,3FGA,3P,3,OUT,False,Missed Three Pointer (1/3 -  8 pt),P006739,"PAJOLA, ALESSANDRO",Virtus Segafredo Bologna,VIR,,,,,,,,,,,,,,0,BOTH_MISSED,False,True,False,False,False
E2024,91,Virtus Segafredo Bologna vs Fenerbahce Beko Istanbul,82,86,Q1,1,09:43,2FGM,2P,2,IN,True,Two Pointer (1/1 -  2 pt),P004554,"ZIZIC, ANTE",Virtus Segafredo Bologna,VIR,18,6,7,85.7,0,0,0.0,6,8,75.0,6,7,85.7,Q4,40,00:01,3FGA,3P,3,OUT,False,Missed Three Pointer (1/6 -  10 pt),P009549,"CORDINIER, ISAIA",Virtus Segafredo Bologna,VIR,,,,,,,,,,,,,,1,FIRST_ONLY,False,False,True,False,False
E2024,92,AS Monaco vs LDLC ASVEL Villeurbanne,103,92,Q1,1,09:40,2FGA,2P,2,OUT,False,Missed Two Pointer (0/1 -  0 pt),P013371,"HARRISON, SHAQUILLE",LDLC ASVEL Villeurbanne,ASV,,,,,,,,,,,,,,Q4,40,00:00,3FGA,3P,3,OUT,False,Missed Three Pointer (2/5 -  17 pt),P005985,"JAMES, MIKE",AS Monaco,MCO,,,,,,,,,,,,,,0,BOTH_MISSED,False,True,False,False,False
E2024,93,Crvena Zvezda Meridianbet Belgrade vs Partizan Mozzart Bet Belgrade,77,89,Q1,1,09:38,3FGM,3P,3,IN,True,Three Pointer (1/1 -  3 pt),P000848,"NEDOVIC, NEMANJA",Crvena Zvezda Meridianbet Belgrade,RED,11,1,1,100.0,3,6,50.0,0,0,0.0,4,7,57.1,Q4,40,00:00,3FGA,3P,3,OUT,False,Missed Three Pointer (1/3 -  6 pt),P012044,"DOS SANTOS, YAGO",Crvena Zvezda Meridianbet Belgrade,RED,,,,,,,,,,,,,,1,FIRST_ONLY,False,False,True,False,False
E2024,94,Olympiacos Piraeus vs Baskonia Vitoria-Gasteiz,92,69,Q1,1,09:42,3FGA,3P,3,OUT,False,Missed Three Pointer (0/1 -  0 pt),P008829,"PETERS, ALEC",Olympiacos Piraeus,OLY,,,,,,,,,,,,,,Q4,40,00:13,3FGA,3P,3,OUT,False,Missed Three Pointer (1/3 -  3 pt),P008850,"RAIESTE, SANDER",Baskonia Vitoria-Gasteiz,BAS,,,,,,,,,,,,,,0,BOTH_MISSED,False,True,False,False,False
E2024,95,EA7 Emporio Armani Milan vs Maccabi Playtika Tel Aviv,98,86,Q1,1,09:40,2FGA,2P,2,OUT,False,Missed Two Pointer (0/1 -  0 pt),P007519,"JOKUBAITIS, ROKAS",Maccabi Playtika Tel Aviv,TEL,,,,,,,,,,,,,,Q4,40,00:17,2FGA,2P,2,OUT,False,Missed Two Pointer (8/12 -  20 pt),P006835,"HOARD, JAYLEN",Maccabi Playtika Tel Aviv,TEL,,,,,,,,,,,,,,0,BOTH_MISSED,False,True,False,False,False
E2024,96,Real Madrid vs ALBA Berlin,98,84,Q1,1,09:46,3FGM,3P,3,IN,True,Three Pointer (1/1 -  3 pt),P003108,"HEZONJA, MARIO",Real Madrid,MAD,11,4,4,100.0,1,4,25.0,0,0,0.0,5,8,62.5,Q4,40,00:10,3FGA,3P,3,OUT,False,Missed Three Pointer (0/1 -  1 pt),P011247,"FELIZ, ANDRES",Real Madrid,MAD,,,,,,,,,,,,,,1,FIRST_ONLY,False,False,True,False,False
E2024,97,Anadolu Efes Istanbul vs Paris Basketball,84,93,Q1,1,09:34,2FGA,2P,2,OUT,False,Missed Two Pointer (0/1 -  0 pt),P012788,"OTURU, DAN",Anadolu Efes Istanbul,IST,,,,,,,,,,,,,,Q4,40,00:05,FTM,FT,1,IN,True,Free Throw In (4/4 -  13 pt),P012613,"JANTUNEN, MIKAEL",Paris Basketball,PRS,13,0,1,0.0,3,4,75.0,4,4,100.0,3,5,60.0,1,LAST_ONLY,False,False,True,False,False
E2024,98,Zalgiris Kaunas vs Panathinaikos AKTOR Athens,84,77,Q1,1,09:48,3FGA,3P,3,OUT,False,Missed Three Pointer (0/1 -  0 pt),P012715,"MANEK, BRADY",Zalgiris Kaunas,ZAL,,,,,,,,,,,,,,Q4,40,00:01,3FGA,3P,3,OUT,False,Missed Three Pointer (5/10 -  19 pt),P012774,"NUNN, KENDRICK",Panathinaikos AKTOR Athens,PAN,,,,,,,,,,,,,,0,BOTH_MISSED,False,True,False,False,False
E2024,99,FC Bayern Munich vs FC Barcelona,100,78,Q1,1,09:45,2FGM,2P,2,IN,True,Two Pointer (1/1 -  2 pt),P007056,"BOOKER, DEVIN",FC Bayern Munich,MUN,10,4,5,80.0,0,3,0.0,2,2,100.0,4,8,50.0,Q4,40,00:00,3FGA,3P,3,OUT,False,Missed Three Pointer (3/5 -  26 pt),P012745,"PARKER, JABARI",FC Barcelona,BAR,,,,,,,,,,,,,,1,FIRST_ONLY,False,False,True,False,False
E2024,100,Zalgiris Kaunas vs Baskonia Vitoria-Gasteiz,70,83,Q1,1,09:46,2FGM,2P,2,IN,True,Two Pointer (1/1 -  2 pt),P012201,"MONEKE, CHIMA",Baskonia Vitoria-Gasteiz,BAS,17,2,3,66.7,3,7,42.9,4,4,100.0,5,10,50.0,Q4,40,00:02,3FGA,3P,3,OUT,False,Missed Three Pointer (1/3 -  5 pt),P007513,"GIEDRAITIS, DOVYDAS",Zalgiris Kaunas,ZAL,,,,,,,,,,,,,,1,FIRST_ONLY,False,False,True,False,False
E2024,101,ALBA Berlin vs Maccabi Playtika Tel Aviv,85,103,Q1,1,09:48,2FGM,2P,2,IN,True,Two Pointer (1/1 -  2 pt),P007519,"JOKUBAITIS, ROKAS",Maccabi Playtika Tel Aviv,TEL,24,11,13,84.6,0,1,0.0,2,2,100.0,11,14,78.6,Q4,36,04:04,2FGA,2P,2,OUT,False,Missed Two Pointer (5/8 -  16 pt),P006835,"HOARD, JAYLEN",Maccabi Playtika Tel Aviv,TEL,,,,,,,,,,,,,,1,FIRST_ONLY,False,False,True,False,False
E2024,102,Paris Basketball vs Virtus Segafredo Bologna,81,78,Q1,1,09:31,3FGM,3P,3,IN,True,Three Pointer (1/1 -  3 pt),P004888,"CLYBURN, WILL",Virtus Segafredo Bologna,VIR,25,5,9,55.6,5,8,62.5,0,0,0.0,10,17,58.8,Q4,40,00:00,3FGA,3P,3,OUT,False,Missed Three Pointer (5/8 -  25 pt),P004888,"CLYBURN, WILL",Virtus Segafredo Bologna,VIR,,,,,,,,,,,,,,1,FIRST_ONLY,False,False,True,False,True
E2024,103,Partizan Mozzart Bet Belgrade vs Olympiacos Piraeus,78,70,Q1,1,09:39,3FGM,3P,3,IN,True,Three Pointer (1/1 -  3 pt),P007947,"VILDOZA, LUCA",Olympiacos Piraeus,OLY,8,2,4,50.0,1,2,50.0,1,1,100.0,3,6,50.0,Q4,40,00:02,2FGM,2P,2,IN,True,Two Pointer (3/4 -  16 pt),P013380,"FOURNIER, EVAN",Olympiacos Piraeus,OLY,16,3,4,75.0,2,8,25.0,4,7,57.1,5,12,41.7,2,BOTH_SCORED,True,False,False,False,False
E2024,104,Fenerbahce Beko Istanbul vs EA7 Emporio Armani Milan,85,91,Q1,1,09:33,2FGA,2P,2,OUT,False,Missed Two Pointer (0/1 -  0 pt),P007182,"BIRCH, KHEM",Fenerbahce Beko Istanbul,ULK,,,,,,,,,,,,,,Q4,40,00:03,3FGA,3P,3,OUT,False,Missed Three Pointer (3/4 -  9 pt),P009783,"COLSON, BONZIE",Fenerbahce Beko Istanbul,ULK,,,,,,,,,,,,,,0,BOTH_MISSED,False,True,False,False,False
E2024,105,Crvena Zvezda Meridianbet Belgrade vs FC Bayern Munich,101,77,Q1,1,09:42,2FGA,2P,2,OUT,False,Missed Two Pointer (0/1 -  0 pt),P007056,"BOOKER, DEVIN",FC Bayern Munich,MUN,,,,,,,,,,,,,,Q4,40,00:02,3FGM,3P,3,IN,True,Three Pointer (1/1 -  5 pt),P007639,"BRANKOVIC, DANKO",FC Bayern Munich,MUN,5,1,3,33.3,1,1,100.0,0,0,0.0,2,4,50.0,1,LAST_ONLY,False,False,True,False,False
E2024,106,Panathinaikos AKTOR Athens vs AS Monaco,88,91,Q1,1,09:44,2FGM,2P,2,IN,True,Two Pointer (1/1 -  2 pt),P009754,"LOYD, JORDAN",AS Monaco,MCO,15,2,3,66.7,3,5,60.0,2,2,100.0,5,8,62.5,Q4,40,00:03,FTA,FT,1,OUT,False,Missed Free Throw (7/9 -  14 pt),P011212,"OKOBO, ELIE",AS Monaco,MCO,,,,,,,,,,,,,,1,FIRST_ONLY,False,False,True,False,False
E2024,107,FC Barcelona vs Real Madrid,90,97,Q1,1,09:38,2FGM,2P,2,IN,True,Two Pointer (1/1 -  2 pt),P009862,"PUNTER, KEVIN",FC Barcelona,BAR,27,7,14,50.0,2,8,25.0,7,8,87.5,9,22,40.9,OT,50,00:22,3FGA,3P,3,OUT,False,Missed Three Pointer (1/8 -  11 pt),P012745,"PARKER, JABARI",FC Barcelona,BAR,,,,,,,,,,,,,,1,FIRST_ONLY,False,False,True,False,False
E2024,108,LDLC ASVEL Villeurbanne vs Anadolu Efes Istanbul,97,82,Q1,1,09:40,2FGM,2P,2,IN,True,Two Pointer (1/1 -  2 pt),P004194,"LAUVERGNE, JOFFREY",LDLC ASVEL Villeurbanne,ASV,18,9,11,81.8,0,1,0.0,0,0,0.0,9,12,75.0,Q4,40,00:01,FTM,FT,1,IN,True,Free Throw In (4/5 -  20 pt),P006590,"BEAUBOIS, RODRIGUE",Anadolu Efes Istanbul,IST,20,5,6,83.3,2,3,66.7,4,5,80.0,7,9,77.8,2,BOTH_SCORED,True,False,False,False,False
E2024,109,Anadolu Efes Istanbul vs FC Bayern Munich,101,90,Q1,1,09:46,3FGA,3P,3,OUT,False,Missed Three Pointer (0/1 -  0 pt),P007056,"BOOKER, DEVIN",FC Bayern Munich,MUN,,,,,,,,,,,,,,Q4,40,00:01,3FGA,3P,3,OUT,False,Missed Three Pointer (1/7 -  3 pt),P004508,"OBST, ANDREAS",FC Bayern Munich,MUN,,,,,,,,,,,,,,0,BOTH_MISSED,False,True,False,False,False
E2024,110,LDLC ASVEL Villeurbanne vs Real Madrid,80,78,Q1,1,09:42,3FGA,3P,3,OUT,False,Missed Three Pointer (0/1 -  0 pt),P010316,"AJINCA, MELVIN",LDLC ASVEL Villeurbanne,ASV,,,,,,,,,,,,,,Q4,40,00:01,2FGM,2P,2,IN,True,Two Pointer (1/5 -  13 pt),P011225,"LEE, PARIS",LDLC ASVEL Villeurbanne,ASV,13,1,5,20.0,3,7,42.9,2,2,100.0,4,12,33.3,1,LAST_ONLY,False,False,True,False,False
E2024,111,Panathinaikos AKTOR Athens vs FC Barcelona,90,89,Q1,1,09:38,3FGA,3P,3,OUT,False,Missed Three Pointer (0/1 -  0 pt),P012712,"HERNANGOMEZ, JUANCHO",Panathinaikos AKTOR Athens,PAN,,,,,,,,,,,,,,Q4,40,00:00,3FGA,3P,3,OUT,False,Missed Three Pointer (1/3 -  19 pt),P010106,"NUNEZ, JUAN",FC Barcelona,BAR,,,,,,,,,,,,,,0,BOTH_MISSED,False,True,False,False,False
E2024,112,Baskonia Vitoria-Gasteiz vs Fenerbahce Beko Istanbul,88,76,Q1,1,09:39,2FGA,2P,2,OUT,False,Missed Two Pointer (0/1 -  0 pt),P004004,"GUDURIC, MARKO",Fenerbahce Beko Istanbul,ULK,,,,,,,,,,,,,,Q4,40,00:17,2FGA,2P,2,OUT,False,Missed Two Pointer (2/4 -  13 pt),P006961,"BIBEROVIC, TARIK",Fenerbahce Beko Istanbul,ULK,,,,,,,,,,,,,,0,BOTH_MISSED,False,True,False,False,False
E2024,113,Partizan Mozzart Bet Belgrade vs Zalgiris Kaunas,84,78,Q1,1,09:33,2FGM,2P,2,IN,True,Two Pointer (1/1 -  2 pt),P013369,"JONES, CARLIK",Partizan Mozzart Bet Belgrade,PAR,19,5,9,55.6,1,4,25.0,6,6,100.0,6,13,46.2,Q4,40,00:06,3FGA,3P,3,OUT,False,Missed Three Pointer (6/11 -  26 pt),P013403,"WALKER IV, LONNIE",Zalgiris Kaunas,ZAL,,,,,,,,,,,,,,1,FIRST_ONLY,False,False,True,False,False
E2024,114,Maccabi Playtika Tel Aviv vs Paris Basketball,81,93,Q1,1,09:42,3FGM,3P,3,IN,True,Three Pointer (1/1 -  3 pt),P012608,"SHORTS, TJ",Paris Basketball,PRS,22,8,15,53.3,1,3,33.3,3,4,75.0,9,18,50.0,Q4,40,00:01,FTM,FT,1,IN,True,Free Throw In (2/2 -  15 pt),P012640,"HIFI, NADIR",Paris Basketball,PRS,15,2,3,66.7,3,9,33.3,2,2,100.0,5,12,41.7,2,BOTH_SCORED,True,False,False,False,False
E2024,115,AS Monaco vs Olympiacos Piraeus,80,89,Q1,1,09:49,2FGA,2P,2,OUT,False,Missed Two Pointer (0/1 -  0 pt),P011231,"BLOSSOMGAME, JARON",AS Monaco,MCO,,,,,,,,,,,,,,Q4,40,00:00,2FGA,2P,2,OUT,False,Missed Two Pointer (3/4 -  18 pt),P007853,"MCKISSIC, SHAQUIELLE",Olympiacos Piraeus,OLY,,,,,,,,,,,,,,0,BOTH_MISSED,False,True,False,False,False
E2024,116,EA7 Emporio Armani Milan vs Crvena Zvezda Meridianbet Belgrade,101,86,Q1,1,09:45,2FGA,2P,2,OUT,False,Missed Two Pointer (0/1 -  0 pt),P004007,"DOBRIC, OGNJEN",Crvena Zvezda Meridianbet Belgrade,RED,,,,,,,,,,,,,,Q4,40,00:00,3FGM,3P,3,IN,True,Three Pointer (3/4 -  17 pt),P012044,"DOS SANTOS, YAGO",Crvena Zvezda Meridianbet Belgrade,RED,17,2,4,50.0,3,4,75.0,4,5,80.0,5,8,62.5,1,LAST_ONLY,False,False,True,False,False
E2024,117,Virtus Segafredo Bologna vs ALBA Berlin,88,90,Q1,1,09:42,2FGM,2P,2,IN,True,Two Pointer (1/1 -  2 pt),P013386,"MC CORMACK, DAVID",ALBA Berlin,BER,16,7,15,46.7,0,0,0.0,2,2,100.0,7,15,46.7,OT,45,00:05,2FGA,2P,2,OUT,False,Missed Two Pointer (8/11 -  23 pt),P004888,"CLYBURN, WILL",Virtus Segafredo Bologna,VIR,,,,,,,,,,,,,,1,FIRST_ONLY,False,False,True,False,False
E2024,118,Zalgiris Kaunas vs Anadolu Efes Istanbul,85,72,Q1,1,09:50,3FGM,3P,3,IN,True,Three Pointer (1/1 -  3 pt),P007029,"SIRVYDIS, DEIVIDAS",Zalgiris Kaunas,ZAL,14,2,3,66.7,3,5,60.0,1,1,100.0,5,8,62.5,Q4,40,00:01,3FGA,3P,3,OUT,False,Missed Three Pointer (0/3 -  2 pt),P009513,"HOLLATZ, JUSTUS",Anadolu Efes Istanbul,IST,,,,,,,,,,,,,,1,FIRST_ONLY,False,False,True,False,False
E2024,119,FC Bayern Munich vs Baskonia Vitoria-Gasteiz,94,80,Q1,1,09:44,3FGM,3P,3,IN,True,Three Pointer (1/1 -  3 pt),P010391,"WEILER-BABB, NICK",FC Bayern Munich,MUN,9,0,0,0.0,3,6,50.0,0,0,0.0,3,6,50.0,Q4,40,00:00,2FGA,2P,2,OUT,False,Missed Two Pointer (2/4 -  7 pt),P011244,"DA SILVA, OSCAR",FC Bayern Munich,MUN,,,,,,,,,,,,,,1,FIRST_ONLY,False,False,True,False,False
E2024,120,Partizan Mozzart Bet Belgrade vs Panathinaikos AKTOR Athens,91,73,Q1,1,09:35,2FGM,2P,2,IN,True,Two Pointer (1/1 -  2 pt),P011836,"MIKE, ISIAHA",Partizan Mozzart Bet Belgrade,PAR,2,1,1,100.0,0,1,0.0,0,0,0.0,1,2,50.0,Q4,40,00:05,3FGA,3P,3,OUT,False,Missed Three Pointer (2/4 -  13 pt),P006760,"BONGA, ISAAC",Partizan Mozzart Bet Belgrade,PAR,,,,,,,,,,,,,,1,FIRST_ONLY,False,False,True,False,False
E2024,121,Real Madrid vs Fenerbahce Beko Istanbul,70,82,Q1,1,09:43,2FGM,2P,2,IN,True,Two Pointer (1/1 -  2 pt),P005928,"CAMPAZZO, FACUNDO",Real Madrid,MAD,14,1,7,14.3,2,4,50.0,6,7,85.7,3,11,27.3,Q4,40,00:00,3FGM,3P,3,IN,True,Three Pointer (6/10 -  33 pt),P008962,"HAYES-DAVIS, NIGEL",Fenerbahce Beko Istanbul,ULK,33,6,9,66.7,6,10,60.0,3,4,75.0,12,19,63.2,2,BOTH_SCORED,True,False,False,False,False
E2024,122,Maccabi Playtika Tel Aviv vs FC Barcelona,86,88,Q1,1,09:45,3FGA,3P,3,OUT,False,Missed Three Pointer (0/1 -  0 pt),P012745,"PARKER, JABARI",FC Barcelona,BAR,,,,,,,,,,,,,,Q4,40,00:13,2FGA,2P,2,OUT,False,Missed Two Pointer (3/7 -  18 pt),P009862,"PUNTER, KEVIN",FC Barcelona,BAR,,,,,,,,,,,,,,0,BOTH_MISSED,False,True,False,False,False
E2024,123,AS Monaco vs ALBA Berlin,100,80,Q1,1,09:43,FTM,FT,1,IN,True,Free Throw In (1/1 -  1 pt),P011934,"WETZELL, YANNI",ALBA Berlin,BER,16,5,7,71.4,1,1,100.0,3,5,60.0,6,8,75.0,Q4,40,00:08,3FGA,3P,3,OUT,False,Missed Three Pointer (2/4 -  6 pt),P007025,"MATTISSECK, JONAS",ALBA Berlin,BER,,,,,,,,,,,,,,1,FIRST_ONLY,False,False,True,False,False
E2024,124,Olympiacos Piraeus vs Paris Basketball,90,96,Q1,1,09:42,2FGA,2P,2,OUT,False,Missed Two Pointer (0/1 -  0 pt),P003941,"MILUTINOV, NIKOLA",Olympiacos Piraeus,OLY,,,,,,,,,,,,,,Q4,40,00:05,3FGM,3P,3,IN,True,Three Pointer (4/11 -  20 pt),P012640,"HIFI, NADIR",Paris Basketball,PRS,20,2,2,100.0,4,11,36.4,4,4,100.0,6,13,46.2,1,LAST_ONLY,False,False,True,False,False
E2024,125,Virtus Segafredo Bologna vs Crvena Zvezda Meridianbet Belgrade,87,94,Q1,1,09:47,FTM,FT,1,IN,True,Free Throw In (1/1 -  1 pt),P001133,"SHENGELIA, TORNIKE",Virtus Segafredo Bologna,VIR,27,11,18,61.1,0,5,0.0,5,6,83.3,11,23,47.8,Q4,40,00:11,2FGA,2P,2,OUT,False,Missed Two Pointer (0/2 -  0 pt),P002084,"POLONARA, ACHILLE",Virtus Segafredo Bologna,VIR,,,,,,,,,,,,,,1,FIRST_ONLY,False,False,True,False,False
E2024,126,EA7 Emporio Armani Milan vs LDLC ASVEL Villeurbanne,92,84,Q1,1,09:36,2FGA,2P,2,OUT,False,Missed Two Pointer (0/1 -  0 pt),P010545,"SAKO, NEAL",LDLC ASVEL Villeurbanne,ASV,,,,,,,,,,,,,,Q4,40,00:04,2FGM,2P,2,IN,True,Two Pointer (8/9 -  19 pt),P004194,"LAUVERGNE, JOFFREY",LDLC ASVEL Villeurbanne,ASV,19,8,9,88.9,1,4,25.0,0,1,0.0,9,13,69.2,1,LAST_ONLY,False,False,True,False,False
E2024,127,Fenerbahce Beko Istanbul vs AS Monaco,69,99,Q1,1,09:37,2FGM,2P,2,IN,True,Two Pointer (1/1 -  2 pt),P009754,"LOYD, JORDAN",AS Monaco,MCO,12,2,4,50.0,2,4,50.0,2,2,100.0,4,8,50.0,Q4,40,00:21,2FGM,2P,2,IN,True,Two Pointer (9/12 -  28 pt),P008962,"HAYES-DAVIS, NIGEL",Fenerbahce Beko Istanbul,ULK,28,9,12,75.0,1,9,11.1,7,8,87.5,10,21,47.6,2,BOTH_SCORED,True,False,False,False,False
E2024,128,ALBA Berlin vs Partizan Mozzart Bet Belgrade,90,91,Q1,1,09:39,3FGA,3P,3,OUT,False,Missed Three Pointer (0/1 -  0 pt),P011836,"MIKE, ISIAHA",Partizan Mozzart Bet Belgrade,PAR,,,,,,,,,,,,,,Q4,40,00:01,FTA,FT,1,OUT,False,Missed Free Throw (2/4 -  4 pt),P007870,"DAVIES, BRANDON",Partizan Mozzart Bet Belgrade,PAR,,,,,,,,,,,,,,0,BOTH_MISSED,False,True,False,False,False
E2024,129,Baskonia Vitoria-Gasteiz vs Virtus Segafredo Bologna,81,82,Q1,1,09:40,3FGM,3P,3,IN,True,Three Pointer (1/1 -  3 pt),P006739,"PAJOLA, ALESSANDRO",Virtus Segafredo Bologna,VIR,9,3,3,100.0,1,2,50.0,0,0,0.0,4,5,80.0,Q4,40,00:01,3FGA,3P,3,OUT,False,Missed Three Pointer (1/4 -  9 pt),P012597,"BALDWIN, KAMAR",Baskonia Vitoria-Gasteiz,BAS,,,,,,,,,,,,,,1,FIRST_ONLY,False,False,True,False,False
E2024,130,FC Bayern Munich vs Maccabi Playtika Tel Aviv,98,93,Q1,1,09:34,3FGM,3P,3,IN,True,Three Pointer (1/1 -  3 pt),P004508,"OBST, ANDREAS",FC Bayern Munich,MUN,23,0,0,0.0,7,13,53.8,2,2,100.0,7,13,53.8,Q4,40,00:02,3FGA,3P,3,OUT,False,Missed Three Pointer (0/4 -  4 pt),P007519,"JOKUBAITIS, ROKAS",Maccabi Playtika Tel Aviv,TEL,,,,,,,,,,,,,,1,FIRST_ONLY,False,False,True,False,False
E2024,131,Real Madrid vs Zalgiris Kaunas,83,92,Q1,1,09:41,3FGM,3P,3,IN,True,Three Pointer (1/1 -  3 pt),P013403,"WALKER IV, LONNIE",Zalgiris Kaunas,ZAL,21,5,9,55.6,3,6,50.0,2,2,100.0,8,15,53.3,Q4,40,00:00,3FGM,3P,3,IN,True,Three Pointer (1/4 -  15 pt),P006540,"MUSA, DZANAN",Real Madrid,MAD,15,2,2,100.0,1,4,25.0,8,8,100.0,3,6,50.0,2,BOTH_SCORED,True,False,False,False,False
E2024,132,Anadolu Efes Istanbul vs Panathinaikos AKTOR Athens,93,67,Q1,1,09:47,2FGM,2P,2,IN,True,Two Pointer (1/1 -  2 pt),P004887,"POIRIER, VINCENT",Anadolu Efes Istanbul,IST,8,4,5,80.0,0,0,0.0,0,0,0.0,4,5,80.0,Q4,40,00:25,FTM,FT,1,IN,True,Free Throw In (2/2 -  2 pt),P006544,"MORAITIS, DIMITRIS",Panathinaikos AKTOR Athens,PAN,2,0,0,0.0,0,1,0.0,2,2,100.0,0,1,0.0,2,BOTH_SCORED,True,False,False,False,False
E2024,133,Crvena Zvezda Meridianbet Belgrade vs Olympiacos Piraeus,87,73,Q1,1,09:39,3FGA,3P,3,OUT,False,Missed Three Pointer (0/1 -  0 pt),P003469,"VEZENKOV, SASHA",Olympiacos Piraeus,OLY,,,,,,,,,,,,,,Q4,40,00:12,2FGM,2P,2,IN,True,Two Pointer (7/10 -  19 pt),P003469,"VEZENKOV, SASHA",Olympiacos Piraeus,OLY,19,7,10,70.0,1,3,33.3,2,2,100.0,8,13,61.5,1,LAST_ONLY,False,False,True,False,True
E2024,134,FC Barcelona vs EA7 Emporio Armani Milan,81,94,Q1,1,09:45,3FGA,3P,3,OUT,False,Missed Three Pointer (0/1 -  0 pt),P012795,"ANDERSON, JUSTIN",FC Barcelona,BAR,,,,,,,,,,,,,,Q4,40,00:09,3FGM,3P,3,IN,True,Three Pointer (3/5 -  21 pt),P009862,"PUNTER, KEVIN",FC Barcelona,BAR,21,4,5,80.0,3,5,60.0,4,4,100.0,7,10,70.0,1,LAST_ONLY,False,False,True,False,False
E2024,135,LDLC ASVEL Villeurbanne vs Paris Basketball,98,93,Q1,1,09:36,2FGA,2P,2,OUT,False,Missed Two Pointer (0/1 -  0 pt),P007027,"MALEDON, THEO",LDLC ASVEL Villeurbanne,ASV,,,,,,,,,,,,,,Q4,40,00:01,3FGA,3P,3,OUT,False,Missed Three Pointer (1/2 -  29 pt),P012608,"SHORTS, TJ",Paris Basketball,PRS,,,,,,,,,,,,,,0,BOTH_MISSED,False,True,False,False,False
E2024,136,AS Monaco vs FC Bayern Munich,93,74,Q1,1,09:46,3FGA,3P,3,OUT,False,Missed Three Pointer (0/1 -  0 pt),P013365,"BROWN, VITTO",AS Monaco,MCO,,,,,,,,,,,,,,Q4,40,00:03,FTM,FT,1,IN,True,Free Throw In (5/7 -  11 pt),P007639,"BRANKOVIC, DANKO",FC Bayern Munich,MUN,11,3,4,75.0,0,2,0.0,5,7,71.4,3,6,50.0,1,LAST_ONLY,False,False,True,False,False
E2024,137,Panathinaikos AKTOR Athens vs EA7 Emporio Armani Milan,103,74,Q1,1,09:44,2FGA,2P,2,OUT,False,Missed Two Pointer (0/1 -  0 pt),P003842,"LESSORT, MATHIAS",Panathinaikos AKTOR Athens,PAN,,,,,,,,,,,,,,Q4,40,00:00,2FGA,2P,2,OUT,False,Missed Two Pointer (1/2 -  2 pt),P005670,"FLACCADORI, DIEGO",EA7 Emporio Armani Milan,MIL,,,,,,,,,,,,,,0,BOTH_MISSED,False,True,False,False,False
E2024,138,FC Barcelona vs Fenerbahce Beko Istanbul,90,63,Q1,1,09:45,2FGA,2P,2,OUT,False,Missed Two Pointer (0/1 -  0 pt),P000925,"VESELY, JAN",FC Barcelona,BAR,,,,,,,,,,,,,,Q4,40,00:00,3FGM,3P,3,IN,True,Three Pointer (3/5 -  11 pt),P009992,"BRIZUELA, DARIO",FC Barcelona,BAR,11,1,3,33.3,3,5,60.0,0,0,0.0,4,8,50.0,1,LAST_ONLY,False,False,True,False,False
E2024,139,Paris Basketball vs Real Madrid,85,96,Q1,1,09:47,2FGA,2P,2,OUT,False,Missed Two Pointer (0/1 -  0 pt),P005791,"TAVARES, WALTER",Real Madrid,MAD,,,,,,,,,,,,,,Q4,40,00:00,2FGA,2P,2,OUT,False,Missed Two Pointer (1/2 -  17 pt),P003108,"HEZONJA, MARIO",Real Madrid,MAD,,,,,,,,,,,,,,0,BOTH_MISSED,False,True,False,False,False
E2024,140,ALBA Berlin vs Zalgiris Kaunas,66,86,Q1,1,09:35,2FGA,2P,2,OUT,False,Missed Two Pointer (0/1 -  0 pt),P013386,"McCORMACK, DAVID",ALBA Berlin,BER,,,,,,,,,,,,,,Q4,40,00:01,2FGM,2P,2,IN,True,Two Pointer (3/8 -  6 pt),P008173,"SPAGNOLO, MATTEO",ALBA Berlin,BER,6,3,8,37.5,0,0,0.0,0,0,0.0,3,8,37.5,1,LAST_ONLY,False,False,True,False,False
E2024,141,Maccabi Playtika Tel Aviv vs Baskonia Vitoria-Gasteiz,85,95,Q1,1,09:47,2FGA,2P,2,OUT,False,Missed Two Pointer (0/1 -  0 pt),P013382,"RANDOLPH, LEVI",Maccabi Playtika Tel Aviv,TEL,,,,,,,,,,,,,,Q4,40,00:03,3FGA,3P,3,OUT,False,Missed Three Pointer (1/2 -  22 pt),P007519,"JOKUBAITIS, ROKAS",Maccabi Playtika Tel Aviv,TEL,,,,,,,,,,,,,,0,BOTH_MISSED,False,True,False,False,False
E2024,142,Anadolu Efes Istanbul vs Crvena Zvezda Meridianbet Belgrade,89,67,Q1,1,09:17,2FGA,2P,2,OUT,False,Missed Two Pointer (0/1 -  0 pt),P011194,"PETRUSEV, FILIP",Crvena Zvezda Meridianbet Belgrade,RED,,,,,,,,,,,,,,Q4,40,00:01,2FGA,2P,2,OUT,False,Missed Two Pointer (1/4 -  7 pt),P012044,"DOS SANTOS, YAGO",Crvena Zvezda Meridianbet Belgrade,RED,,,,,,,,,,,,,,0,BOTH_MISSED,False,True,False,False,False
E2024,143,Olympiacos Piraeus vs Virtus Segafredo Bologna,87,77,Q1,1,09:47,2FGA,2P,2,OUT,False,Missed Two Pointer (0/1 -  0 pt),P013380,"FOURNIER, EVAN",Olympiacos Piraeus,OLY,,,,,,,,,,,,,,Q4,39,01:32,2FGA,2P,2,OUT,False,Missed Two Pointer (0/1 -  2 pt),P005738,"GRAZULIS, ANDREJS",Virtus Segafredo Bologna,VIR,,,,,,,,,,,,,,0,BOTH_MISSED,False,True,False,False,False
E2024,144,Partizan Mozzart Bet Belgrade vs LDLC ASVEL Villeurbanne,79,82,Q1,1,09:49,FTM,FT,1,IN,True,Free Throw In (1/1 -  1 pt),P004194,"LAUVERGNE, JOFFREY",LDLC ASVEL Villeurbanne,ASV,17,6,8,75.0,0,1,0.0,5,6,83.3,6,9,66.7,Q4,40,00:00,3FGM,3P,3,IN,True,Three Pointer (2/6 -  22 pt),P013370,"WASHINGTON, DUANE",Partizan Mozzart Bet Belgrade,PAR,22,7,10,70.0,2,6,33.3,2,3,66.7,9,16,56.2,2,BOTH_SCORED,True,False,False,False,False
E2024,145,Panathinaikos AKTOR Athens vs Baskonia Vitoria-Gasteiz,104,69,Q1,1,09:37,2FGM,2P,2,IN,True,Two Pointer (1/1 -  2 pt),P012712,"HERNANGOMEZ, JUANCHO",Panathinaikos AKTOR Athens,PAN,11,1,2,50.0,3,4,75.0,0,0,0.0,4,6,66.7,Q4,40,00:30,3FGA,3P,3,OUT,False,Missed Three Pointer (0/1 -  0 pt),P012058,"NDIAYE, OUSMANE",Baskonia Vitoria-Gasteiz,BAS,,,,,,,,,,,,,,1,FIRST_ONLY,False,False,True,False,False
E2024,146,Paris Basketball vs Fenerbahce Beko Istanbul,83,87,Q1,1,09:36,2FGM,2P,2,IN,True,Two Pointer (1/1 -  2 pt),P012608,"SHORTS, TJ",Paris Basketball,PRS,22,9,16,56.2,0,1,0.0,4,5,80.0,9,17,52.9,Q4,39,01:31,2FGA,2P,2,OUT,False,Missed Two Pointer (4/5 -  9 pt),P009863,"BALDWIN IV, WADE",Fenerbahce Beko Istanbul,ULK,,,,,,,,,,,,,,1,FIRST_ONLY,False,False,True,False,False
E2024,147,Real Madrid vs AS Monaco,94,72,Q1,1,09:34,2FGA,2P,2,OUT,False,Missed Two Pointer (0/1 -  0 pt),P012515,"TARPEY, TERRY",AS Monaco,MCO,,,,,,,,,,,,,,Q4,40,00:01,FTA,FT,1,OUT,False,Missed Free Throw (2/3 -  10 pt),P008099,"STRAZEL, MATTHEW",AS Monaco,MCO,,,,,,,,,,,,,,0,BOTH_MISSED,False,True,False,False,False
E2024,148,Anadolu Efes Istanbul vs Partizan Mozzart Bet Belgrade,86,77,Q1,1,09:41,2FGM,2P,2,IN,True,Two Pointer (1/1 -  2 pt),P011981,"JONES, TYRIQUE",Partizan Mozzart Bet Belgrade,PAR,23,8,9,88.9,0,0,0.0,7,8,87.5,8,9,88.9,Q4,40,00:03,2FGA,2P,2,OUT,False,Missed Two Pointer (3/4 -  6 pt),P012788,"OTURU, DAN",Anadolu Efes Istanbul,IST,,,,,,,,,,,,,,1,FIRST_ONLY,False,False,True,False,False
E2024,149,Zalgiris Kaunas vs LDLC ASVEL Villeurbanne,72,78,Q1,1,09:38,2FGM,2P,2,IN,True,Two Pointer (1/1 -  2 pt),P007027,"MALEDON, THEO",LDLC ASVEL Villeurbanne,ASV,17,2,6,33.3,2,5,40.0,7,7,100.0,4,11,36.4,Q4,40,00:01,3FGA,3P,3,OUT,False,Missed Three Pointer (0/2 -  8 pt),P013405,"ROBERSON, ANDRE",LDLC ASVEL Villeurbanne,ASV,,,,,,,,,,,,,,1,FIRST_ONLY,False,False,True,False,False
E2024,150,Virtus Segafredo Bologna vs FC Barcelona,86,81,Q1,1,09:44,3FGA,3P,3,OUT,False,Missed Three Pointer (0/1 -  0 pt),P004888,"CLYBURN, WILL",Virtus Segafredo Bologna,VIR,,,,,,,,,,,,,,Q4,40,00:04,FTM,FT,1,IN,True,Free Throw In (2/2 -  6 pt),PBCN,"BELINELLI, MARCO",Virtus Segafredo Bologna,VIR,6,2,4,50.0,0,3,0.0,2,2,100.0,2,7,28.6,1,LAST_ONLY,False,False,True,False,False
E2024,151,Olympiacos Piraeus vs ALBA Berlin,90,85,Q1,1,09:45,3FGA,3P,3,OUT,False,Missed Three Pointer (0/1 -  0 pt),P003469,"VEZENKOV, SASHA",Olympiacos Piraeus,OLY,,,,,,,,,,,,,,Q4,40,00:47,2FGM,2P,2,IN,True,Two Pointer (3/6 -  23 pt),P013380,"FOURNIER, EVAN",Olympiacos Piraeus,OLY,23,3,6,50.0,4,10,40.0,5,6,83.3,7,16,43.8,1,LAST_ONLY,False,False,True,False,False
E2024,152,Crvena Zvezda Meridianbet Belgrade vs Maccabi Playtika Tel Aviv,81,73,Q1,1,09:44,2FGA,2P,2,OUT,False,Missed Two Pointer (0/1 -  0 pt),P011219,"SORKIN, ROMAN",Maccabi Playtika Tel Aviv,TEL,,,,,,,,,,,,,,Q4,40,00:10,3FGM,3P,3,IN,True,Three Pointer (2/4 -  6 pt),P013250,"DeJULIUS, DAVID",Maccabi Playtika Tel Aviv,TEL,6,0,0,0.0,2,4,50.0,0,0,0.0,2,4,50.0,1,LAST_ONLY,False,False,True,False,False
E2024,153,EA7 Emporio Armani Milan vs FC Bayern Munich,78,79,Q1,1,09:44,2FGM,2P,2,IN,True,Two Pointer (1/1 -  2 pt),P007201,"VOIGTMANN, JOHANNES",FC Bayern Munich,MUN,8,4,5,80.0,0,2,0.0,0,0,0.0,4,7,57.1,Q4,40,00:00,2FGA,2P,2,OUT,False,Missed Two Pointer (2/4 -  7 pt),P007831,"SHIELDS, SHAVON",EA7 Emporio Armani Milan,MIL,,,,,,,,,,,,,,1,FIRST_ONLY,False,False,True,False,False
E2024,154,AS Monaco vs Anadolu Efes Istanbul,94,75,Q1,1,09:41,2FGA,2P,2,OUT,False,Missed Two Pointer (0/1 -  0 pt),P009846,"BRYANT, ELIJAH",Anadolu Efes Istanbul,IST,,,,,,,,,,,,,,Q4,40,00:08,3FGA,3P,3,OUT,False,Missed Three Pointer (0/2 -  4 pt),P012710,"OSMANI, ERCAN",Anadolu Efes Istanbul,IST,,,,,,,,,,,,,,0,BOTH_MISSED,False,True,False,False,False
E2024,155,ALBA Berlin vs Real Madrid,69,80,Q1,1,09:38,3FGA,3P,3,OUT,False,Missed Three Pointer (0/1 -  0 pt),P005928,"CAMPAZZO, FACUNDO",Real Madrid,MAD,,,,,,,,,,,,,,Q4,40,00:06,2FGA,2P,2,OUT,False,Missed Two Pointer (0/1 -  9 pt),P005928,"CAMPAZZO, FACUNDO",Real Madrid,MAD,,,,,,,,,,,,,,0,BOTH_MISSED,False,True,False,False,True
E2024,156,EA7 Emporio Armani Milan vs Olympiacos Piraeus,83,84,Q1,1,09:44,2FGM,2P,2,IN,True,Two Pointer (1/1 -  2 pt),P001255,"PAPANIKOLAOU, KOSTAS",Olympiacos Piraeus,OLY,6,3,3,100.0,0,0,0.0,0,0,0.0,3,3,100.0,Q4,40,00:17,3FGA,3P,3,OUT,False,Missed Three Pointer (2/5 -  8 pt),P007947,"VILDOZA, LUCA",Olympiacos Piraeus,OLY,,,,,,,,,,,,,,1,FIRST_ONLY,False,False,True,False,False
E2024,157,Maccabi Playtika Tel Aviv vs Zalgiris Kaunas,95,78,Q1,1,09:41,2FGM,2P,2,IN,True,Two Pointer (1/1 -  2 pt),P007029,"SIRVYDIS, DEIVIDAS",Zalgiris Kaunas,ZAL,15,2,3,66.7,3,9,33.3,2,4,50.0,5,12,41.7,Q4,40,00:01,FTM,FT,1,IN,True,Free Throw In (2/4 -  15 pt),P007029,"SIRVYDIS, DEIVIDAS",Zalgiris Kaunas,ZAL,15,2,3,66.7,3,9,33.3,2,4,50.0,5,12,41.7,2,BOTH_SCORED,True,False,False,False,True
E2024,158,FC Barcelona vs Crvena Zvezda Meridianbet Belgrade,74,78,Q1,1,09:33,2FGM,2P,2,IN,True,Two Pointer (1/1 -  2 pt),P002939,"SATORANSKY, TOMAS",FC Barcelona,BAR,7,2,3,66.7,1,1,100.0,0,0,0.0,3,4,75.0,Q4,40,00:05,3FGA,3P,3,OUT,False,Missed Three Pointer (0/2 -  9 pt),P000925,"VESELY, JAN",FC Barcelona,BAR,,,,,,,,,,,,,,1,FIRST_ONLY,False,False,True,False,False
E2024,159,Partizan Mozzart Bet Belgrade vs Fenerbahce Beko Istanbul,90,81,Q1,1,09:36,2FGM,2P,2,IN,True,Two Pointer (1/1 -  2 pt),P013369,"JONES, CARLIK",Partizan Mozzart Bet Belgrade,PAR,14,4,9,44.4,2,3,66.7,0,0,0.0,6,12,50.0,Q4,40,00:00,3FGM,3P,3,IN,True,Three Pointer (3/4 -  19 pt),P008962,"HAYES-DAVIS, NIGEL",Fenerbahce Beko Istanbul,ULK,19,4,6,66.7,3,4,75.0,2,2,100.0,7,10,70.0,2,BOTH_SCORED,True,False,False,False,False
E2024,160,Baskonia Vitoria-Gasteiz vs Paris Basketball,94,81,Q1,1,09:36,2FGA,2P,2,OUT,False,Missed Two Pointer (0/1 -  0 pt),P012597,"BALDWIN, KAMAR",Baskonia Vitoria-Gasteiz,BAS,,,,,,,,,,,,,,Q4,40,00:05,3FGA,3P,3,OUT,False,Missed Three Pointer (2/8 -  16 pt),P012640,"HIFI, NADIR",Paris Basketball,PRS,,,,,,,,,,,,,,0,BOTH_MISSED,False,True,False,False,False
E2024,161,FC Bayern Munich vs Panathinaikos AKTOR Athens,69,80,Q1,1,09:40,3FGA,3P,3,OUT,False,Missed Three Pointer (0/1 -  0 pt),P007056,"BOOKER, DEVIN",FC Bayern Munich,MUN,,,,,,,,,,,,,,Q4,40,00:00,3FGA,3P,3,OUT,False,Missed Three Pointer (6/11 -  19 pt),P004508,"OBST, ANDREAS",FC Bayern Munich,MUN,,,,,,,,,,,,,,0,BOTH_MISSED,False,True,False,False,False
E2024,162,Virtus Segafredo Bologna vs LDLC ASVEL Villeurbanne,83,69,Q1,1,09:39,3FGM,3P,3,IN,True,Three Pointer (1/1 -  3 pt),P009549,"CORDINIER, ISAIA",Virtus Segafredo Bologna,VIR,9,2,3,66.7,1,4,25.0,2,2,100.0,3,7,42.9,Q4,40,00:08,3FGA,3P,3,OUT,False,Missed Three Pointer (2/5 -  8 pt),P013405,"ROBERSON, ANDRE",LDLC ASVEL Villeurbanne,ASV,,,,,,,,,,,,,,1,FIRST_ONLY,False,False,True,False,False
E2024,163,Zalgiris Kaunas vs Olympiacos Piraeus,85,92,Q1,1,09:41,2FGA,2P,2,OUT,False,Missed Two Pointer (0/1 -  0 pt),P008855,"WALKUP, THOMAS",Olympiacos Piraeus,OLY,,,,,,,,,,,,,,Q4,40,00:01,3FGM,3P,3,IN,True,Three Pointer (3/6 -  17 pt),P007853,"MCKISSIC, SHAQUIELLE",Olympiacos Piraeus,OLY,17,4,6,66.7,3,6,50.0,0,2,0.0,7,12,58.3,1,LAST_ONLY,False,False,True,False,False
E2024,164,ALBA Berlin vs AS Monaco,90,105,Q1,1,09:45,2FGM,2P,2,IN,True,Two Pointer (1/1 -  2 pt),P005985,"JAMES, MIKE",AS Monaco,MCO,23,5,10,50.0,3,7,42.9,4,6,66.7,8,17,47.1,Q4,40,00:07,3FGA,3P,3,OUT,False,Missed Three Pointer (0/2 -  1 pt),P008211,"DELOW, MALTE",ALBA Berlin,BER,,,,,,,,,,,,,,1,FIRST_ONLY,False,False,True,False,False
E2024,165,LDLC ASVEL Villeurbanne vs EA7 Emporio Armani Milan,66,75,Q1,1,09:38,2FGA,2P,2,OUT,False,Missed Two Pointer (0/1 -  0 pt),P000796,"MIROTIC, NIKOLA",EA7 Emporio Armani Milan,MIL,,,,,,,,,,,,,,Q4,40,00:09,FTA,FT,1,OUT,False,Missed Free Throw (0/1 -  4 pt),P010545,"SAKO, NEAL",LDLC ASVEL Villeurbanne,ASV,,,,,,,,,,,,,,0,BOTH_MISSED,False,True,False,False,False
E2024,166,Baskonia Vitoria-Gasteiz vs Crvena Zvezda Meridianbet Belgrade,73,75,Q1,1,09:43,2FGM,2P,2,IN,True,Two Pointer (1/1 -  2 pt),P004866,"KALINIC, NIKOLA",Crvena Zvezda Meridianbet Belgrade,RED,6,3,5,60.0,0,1,0.0,0,0,0.0,3,6,50.0,Q4,40,00:01,2FGA,2P,2,OUT,False,Missed Two Pointer (6/8 -  18 pt),P012201,"MONEKE, CHIMA",Baskonia Vitoria-Gasteiz,BAS,,,,,,,,,,,,,,1,FIRST_ONLY,False,False,True,False,False
E2024,167,Fenerbahce Beko Istanbul vs Anadolu Efes Istanbul,84,76,Q1,1,09:45,2FGA,2P,2,OUT,False,Missed Two Pointer (0/1 -  0 pt),P008962,"HAYES-DAVIS, NIGEL",Fenerbahce Beko Istanbul,ULK,,,,,,,,,,,,,,Q4,40,00:03,2FGM,2P,2,IN,True,Two Pointer (3/5 -  12 pt),P013363,"NWORA, JORDAN",Anadolu Efes Istanbul,IST,12,3,5,60.0,1,3,33.3,3,4,75.0,4,8,50.0,1,LAST_ONLY,False,False,True,False,False
E2024,168,Panathinaikos AKTOR Athens vs Virtus Segafredo Bologna,111,90,Q1,1,09:35,2FGM,2P,2,IN,True,Two Pointer (1/1 -  2 pt),P005353,"YURTSEVEN, OMER",Panathinaikos AKTOR Athens,PAN,27,13,16,81.2,0,0,0.0,1,2,50.0,13,16,81.2,Q4,40,00:22,2FGM,2P,2,IN,True,Two Pointer (7/8 -  15 pt),P013374,"DIOUF, MOUHAMET",Virtus Segafredo Bologna,VIR,15,7,8,87.5,0,0,0.0,1,2,50.0,7,8,87.5,2,BOTH_SCORED,True,False,False,False,False
E2024,169,Paris Basketball vs FC Barcelona,79,90,Q1,1,09:46,2FGA,2P,2,OUT,False,Missed Two Pointer (0/1 -  0 pt),P009862,"PUNTER, KEVIN",FC Barcelona,BAR,,,,,,,,,,,,,,Q4,40,00:00,3FGA,3P,3,OUT,False,Missed Three Pointer (1/8 -  12 pt),P009862,"PUNTER, KEVIN",FC Barcelona,BAR,,,,,,,,,,,,,,0,BOTH_MISSED,False,True,False,False,True
E2024,170,Partizan Mozzart Bet Belgrade vs Maccabi Playtika Tel Aviv,98,75,Q1,1,09:37,2FGA,2P,2,OUT,False,Missed Two Pointer (0/1 -  0 pt),P007870,"DAVIES, BRANDON",Partizan Mozzart Bet Belgrade,PAR,,,,,,,,,,,,,,Q4,40,00:01,3FGA,3P,3,OUT,False,Missed Three Pointer (1/5 -  13 pt),P013370,"WASHINGTON, DUANE",Partizan Mozzart Bet Belgrade,PAR,,,,,,,,,,,,,,0,BOTH_MISSED,False,True,False,False,False
E2024,171,Real Madrid vs FC Bayern Munich,88,76,Q1,1,09:44,2FGM,2P,2,IN,True,Two Pointer (1/1 -  2 pt),P005791,"TAVARES, WALTER",Real Madrid,MAD,8,4,7,57.1,0,0,0.0,0,2,0.0,4,7,57.1,Q4,40,00:00,3FGA,3P,3,OUT,False,Missed Three Pointer (2/4 -  8 pt),P001557,"GIFFEY, NIELS",FC Bayern Munich,MUN,,,,,,,,,,,,,,1,FIRST_ONLY,False,False,True,False,False
E2024,172,Fenerbahce Beko Istanbul vs ALBA Berlin,90,73,Q1,1,09:46,3FGA,3P,3,OUT,False,Missed Three Pointer (0/1 -  0 pt),P008384,"PROCIDA, GABRIELE",ALBA Berlin,BER,,,,,,,,,,,,,,Q4,40,00:02,3FGA,3P,3,OUT,False,Missed Three Pointer (2/5 -  6 pt),P006251,"SCHNEIDER, TIM",ALBA Berlin,BER,,,,,,,,,,,,,,0,BOTH_MISSED,False,True,False,False,False
E2024,173,AS Monaco vs FC Barcelona,84,98,Q1,1,09:41,2FGM,2P,2,IN,True,Two Pointer (1/1 -  2 pt),P012795,"ANDERSON, JUSTIN",FC Barcelona,BAR,8,3,4,75.0,0,1,0.0,2,2,100.0,3,5,60.0,Q4,40,00:12,3FGM,3P,3,IN,True,Three Pointer (3/5 -  11 pt),P003478,"ABRINES, ALEX",FC Barcelona,BAR,11,1,1,100.0,3,5,60.0,0,0,0.0,4,6,66.7,2,BOTH_SCORED,True,False,False,False,False
E2024,174,Panathinaikos AKTOR Athens vs Partizan Mozzart Bet Belgrade,96,84,Q1,1,09:12,2FGA,2P,2,OUT,False,Missed Two Pointer (0/1 -  0 pt),P007870,"DAVIES, BRANDON",Partizan Mozzart Bet Belgrade,PAR,,,,,,,,,,,,,,Q4,40,00:11,2FGA,2P,2,OUT,False,Missed Two Pointer (8/12 -  23 pt),P012720,"BROWN, STERLING",Partizan Mozzart Bet Belgrade,PAR,,,,,,,,,,,,,,0,BOTH_MISSED,False,True,False,False,False
E2024,175,Maccabi Playtika Tel Aviv vs EA7 Emporio Armani Milan,74,107,Q1,1,09:45,3FGM,3P,3,IN,True,Three Pointer (1/1 -  3 pt),P007831,"SHIELDS, SHAVON",EA7 Emporio Armani Milan,MIL,18,2,3,66.7,4,5,80.0,2,2,100.0,6,8,75.0,Q4,40,00:23,3FGM,3P,3,IN,True,Three Pointer (3/6 -  15 pt),P013384,"BROOKS, ARMONI",EA7 Emporio Armani Milan,MIL,15,1,3,33.3,3,6,50.0,4,4,100.0,4,9,44.4,2,BOTH_SCORED,True,False,False,False,False
E2024,176,Anadolu Efes Istanbul vs LDLC ASVEL Villeurbanne,76,82,Q1,1,09:43,3FGA,3P,3,OUT,False,Missed Three Pointer (0/1 -  0 pt),P010316,"AJINCA, MELVIN",LDLC ASVEL Villeurbanne,ASV,,,,,,,,,,,,,,Q4,40,00:07,2FGA,2P,2,OUT,False,Missed Two Pointer (4/8 -  14 pt),P004887,"POIRIER, VINCENT",Anadolu Efes Istanbul,IST,,,,,,,,,,,,,,0,BOTH_MISSED,False,True,False,False,False
E2024,177,Zalgiris Kaunas vs Real Madrid,64,83,Q1,1,09:43,2FGM,2P,2,IN,True,Two Pointer (1/1 -  2 pt),P005928,"CAMPAZZO, FACUNDO",Real Madrid,MAD,13,4,5,80.0,0,4,0.0,5,7,71.4,4,9,44.4,Q4,40,00:16,2FGM,2P,2,IN,True,Two Pointer (2/3 -  4 pt),P007630,"GARUBA, USMAN",Real Madrid,MAD,4,2,3,66.7,0,0,0.0,0,0,0.0,2,3,66.7,2,BOTH_SCORED,True,False,False,False,False
E2024,178,Crvena Zvezda Meridianbet Belgrade vs Paris Basketball,85,69,Q1,1,09:44,2FGA,2P,2,OUT,False,Missed Two Pointer (0/1 -  0 pt),P010390,"HAYES, KEVARRIUS",Paris Basketball,PRS,,,,,,,,,,,,,,Q4,40,00:02,2FGM,2P,2,IN,True,Two Pointer (2/6 -  13 pt),P012640,"HIFI, NADIR",Paris Basketball,PRS,13,2,6,33.3,3,11,27.3,0,0,0.0,5,17,29.4,1,LAST_ONLY,False,False,True,False,False
E2024,179,Olympiacos Piraeus vs FC Bayern Munich,112,69,Q1,1,09:44,3FGA,3P,3,OUT,False,Missed Three Pointer (0/1 -  0 pt),P003469,"VEZENKOV, SASHA",Olympiacos Piraeus,OLY,,,,,,,,,,,,,,Q4,40,00:22,3FGA,3P,3,OUT,False,Missed Three Pointer (0/2 -  2 pt),P007929,"BITIM, ONURALP",FC Bayern Munich,MUN,,,,,,,,,,,,,,0,BOTH_MISSED,False,True,False,False,False
E2024,180,Virtus Segafredo Bologna vs Baskonia Vitoria-Gasteiz,76,74,Q1,1,09:45,2FGM,2P,2,IN,True,Two Pointer (1/1 -  2 pt),P013367,"FORREST, TRENT",Baskonia Vitoria-Gasteiz,BAS,10,3,6,50.0,0,1,0.0,4,6,66.7,3,7,42.9,Q4,40,00:00,3FGA,3P,3,OUT,False,Missed Three Pointer (3/7 -  13 pt),P011085,"ROGKAVOPOULOS, NIKOLAOS",Baskonia Vitoria-Gasteiz,BAS,,,,,,,,,,,,,,1,FIRST_ONLY,False,False,True,False,False
E2024,181,LDLC ASVEL Villeurbanne vs Partizan Mozzart Bet Belgrade,62,93,Q1,1,09:33,2FGM,2P,2,IN,True,Two Pointer (1/1 -  2 pt),P011050,"KOPRIVICA, BALSA",Partizan Mozzart Bet Belgrade,PAR,7,2,6,33.3,0,0,0.0,3,4,75.0,2,6,33.3,Q4,40,00:00,3FGA,3P,3,OUT,False,Missed Three Pointer (0/2 -  2 pt),P000229,"JACKSON, EDWIN",LDLC ASVEL Villeurbanne,ASV,,,,,,,,,,,,,,1,FIRST_ONLY,False,False,True,False,False
E2024,182,Baskonia Vitoria-Gasteiz vs Olympiacos Piraeus,101,102,Q1,1,09:40,2FGM,2P,2,IN,True,Two Pointer (1/1 -  2 pt),P008811,"FALL, MOUSTAPHA",Olympiacos Piraeus,OLY,12,6,7,85.7,0,0,0.0,0,2,0.0,6,7,85.7,OT,45,00:00,2FGM,2P,2,IN,True,Two Pointer (6/10 -  25 pt),P012080,"LUWAWU-CABARROT, TIMOTHE",Baskonia Vitoria-Gasteiz,BAS,25,6,10,60.0,4,6,66.7,1,1,100.0,10,16,62.5,2,BOTH_SCORED,True,False,False,False,False
E2024,183,EA7 Emporio Armani Milan vs ALBA Berlin,100,68,Q1,1,09:39,2FGA,2P,2,OUT,False,Missed Two Pointer (0/1 -  0 pt),P013386,"McCORMACK, DAVID",ALBA Berlin,BER,,,,,,,,,,,,,,Q4,40,00:15,3FGA,3P,3,OUT,False,Missed Three Pointer (0/1 -  3 pt),P011631,"RAPIEQUE, ELIAS",ALBA Berlin,BER,,,,,,,,,,,,,,0,BOTH_MISSED,False,True,False,False,False
E2024,184,Paris Basketball vs Anadolu Efes Istanbul,88,84,Q1,1,09:36,2FGM,2P,2,IN,True,Two Pointer (1/1 -  2 pt),P012610,"WARD, TYSON",Paris Basketball,PRS,6,3,6,50.0,0,5,0.0,0,0,0.0,3,11,27.3,Q4,40,00:03,FTA,FT,1,OUT,False,Missed Free Throw (1/2 -  3 pt),P010390,"HAYES, KEVARRIUS",Paris Basketball,PRS,,,,,,,,,,,,,,1,FIRST_ONLY,False,False,True,False,False
E2024,185,Real Madrid vs Maccabi Playtika Tel Aviv,116,113,Q1,1,09:25,2FGM,2P,2,IN,True,Two Pointer (1/1 -  2 pt),P006540,"MUSA, DZANAN",Real Madrid,MAD,20,3,4,75.0,2,4,50.0,8,8,100.0,5,8,62.5,Q4,40,00:03,3FGA,3P,3,OUT,False,Missed Three Pointer (2/4 -  14 pt),P013382,"RANDOLPH, LEVI",Maccabi Playtika Tel Aviv,TEL,,,,,,,,,,,,,,1,FIRST_ONLY,False,False,True,False,False
E2024,186,Zalgiris Kaunas vs Virtus Segafredo Bologna,77,68,Q1,1,09:28,3FGM,3P,3,IN,True,Three Pointer (1/1 -  3 pt),P007513,"GIEDRAITIS, DOVYDAS",Zalgiris Kaunas,ZAL,10,2,4,50.0,2,5,40.0,0,0,0.0,4,9,44.4,Q4,40,00:01,2FGA,2P,2,OUT,False,Missed Two Pointer (4/5 -  8 pt),P005738,"GRAZULIS, ANDREJS",Virtus Segafredo Bologna,VIR,,,,,,,,,,,,,,1,FIRST_ONLY,False,False,True,False,False
E2024,187,Crvena Zvezda Meridianbet Belgrade vs Fenerbahce Beko Istanbul,91,96,Q1,1,09:36,2FGM,2P,2,IN,True,Two Pointer (1/1 -  2 pt),P007182,"BIRCH, KHEM",Fenerbahce Beko Istanbul,ULK,8,4,4,100.0,0,0,0.0,0,0,0.0,4,4,100.0,Q4,40,00:08,3FGA,3P,3,OUT,False,Missed Three Pointer (1/2 -  12 pt),P011194,"PETRUSEV, FILIP",Crvena Zvezda Meridianbet Belgrade,RED,,,,,,,,,,,,,,1,FIRST_ONLY,False,False,True,False,False
E2024,188,FC Barcelona vs Panathinaikos AKTOR Athens,82,73,Q1,1,09:43,2FGM,2P,2,IN,True,Two Pointer (1/1 -  2 pt),P011204,"GRANT, JERIAN",Panathinaikos AKTOR Athens,PAN,18,4,4,100.0,3,5,60.0,1,2,50.0,7,9,77.8,Q4,40,00:00,2FGA,2P,2,OUT,False,Missed Two Pointer (1/3 -  5 pt),P001926,"SLOUKAS, KOSTAS",Panathinaikos AKTOR Athens,PAN,,,,,,,,,,,,,,1,FIRST_ONLY,False,False,True,False,False
E2024,189,FC Bayern Munich vs AS Monaco,95,94,Q1,1,09:42,2FGA,2P,2,OUT,False,Missed Two Pointer (0/1 -  0 pt),P010391,"WEILER-BABB, NICK",FC Bayern Munich,MUN,,,,,,,,,,,,,,Q4,40,00:00,3FGA,3P,3,OUT,False,Missed Three Pointer (3/8 -  20 pt),P005985,"JAMES, MIKE",AS Monaco,MCO,,,,,,,,,,,,,,0,BOTH_MISSED,False,True,False,False,False
E2024,190,LDLC ASVEL Villeurbanne vs ALBA Berlin,96,89,Q1,1,09:25,2FGA,2P,2,OUT,False,Missed Two Pointer (0/1 -  0 pt),P010545,"SAKO, NEAL",LDLC ASVEL Villeurbanne,ASV,,,,,,,,,,,,,,OT,45,00:03,3FGA,3P,3,OUT,False,Missed Three Pointer (1/5 -  7 pt),P006251,"SCHNEIDER, TIM",ALBA Berlin,BER,,,,,,,,,,,,,,0,BOTH_MISSED,False,True,False,False,False
E2024,191,EA7 Emporio Armani Milan vs Partizan Mozzart Bet Belgrade,70,90,Q1,1,09:33,3FGA,3P,3,OUT,False,Missed Three Pointer (0/1 -  0 pt),P011836,"MIKE, ISIAHA",Partizan Mozzart Bet Belgrade,PAR,,,,,,,,,,,,,,Q4,40,00:04,2FGM,2P,2,IN,True,Two Pointer (9/9 -  22 pt),P011981,"JONES, TYRIQUE",Partizan Mozzart Bet Belgrade,PAR,22,9,9,100.0,0,0,0.0,4,4,100.0,9,9,100.0,1,LAST_ONLY,False,False,True,False,False
E2024,192,Paris Basketball vs Maccabi Playtika Tel Aviv,96,83,Q1,1,09:35,2FGM,2P,2,IN,True,Two Pointer (1/1 -  2 pt),P011202,"SHAYOK, MARIAL",Maccabi Playtika Tel Aviv,TEL,7,2,4,50.0,1,2,50.0,0,0,0.0,3,6,50.0,Q4,40,00:00,2FGA,2P,2,OUT,False,Missed Two Pointer (0/1 -  0 pt),P012612,"SHAHRVIN, ENZO",Paris Basketball,PRS,,,,,,,,,,,,,,1,FIRST_ONLY,False,False,True,False,False
E2024,193,Real Madrid vs Olympiacos Piraeus,86,96,Q1,1,09:41,2FGM,2P,2,IN,True,Two Pointer (1/1 -  2 pt),P005791,"TAVARES, WALTER",Real Madrid,MAD,10,4,4,100.0,0,0,0.0,2,3,66.7,4,4,100.0,Q4,40,00:02,3FGA,3P,3,OUT,False,Missed Three Pointer (1/5 -  14 pt),P006540,"MUSA, DZANAN",Real Madrid,MAD,,,,,,,,,,,,,,1,FIRST_ONLY,False,False,True,False,False
E2024,194,Fenerbahce Beko Istanbul vs Zalgiris Kaunas,98,86,Q1,1,09:38,FTM,FT,1,IN,True,Free Throw In (1/1 -  1 pt),P004004,"GUDURIC, MARKO",Fenerbahce Beko Istanbul,ULK,20,1,1,100.0,3,3,100.0,9,9,100.0,4,4,100.0,Q4,40,00:01,FTM,FT,1,IN,True,Free Throw In (4/4 -  6 pt),P005216,"MCCOLLUM, ERRICK",Fenerbahce Beko Istanbul,ULK,6,1,1,100.0,0,0,0.0,4,4,100.0,1,1,100.0,2,BOTH_SCORED,True,False,False,False,False
E2024,195,Crvena Zvezda Meridianbet Belgrade vs AS Monaco,88,82,Q1,1,09:43,2FGA,2P,2,OUT,False,Missed Two Pointer (0/1 -  0 pt),P004007,"DOBRIC, OGNJEN",Crvena Zvezda Meridianbet Belgrade,RED,,,,,,,,,,,,,,OT,45,00:12,3FGA,3P,3,OUT,False,Missed Three Pointer (3/7 -  20 pt),P010612,"CANAAN, ISAIAH",Crvena Zvezda Meridianbet Belgrade,RED,,,,,,,,,,,,,,0,BOTH_MISSED,False,True,False,False,False
E2024,196,Baskonia Vitoria-Gasteiz vs Panathinaikos AKTOR Athens,91,77,Q1,1,09:43,2FGM,2P,2,IN,True,Two Pointer (1/1 -  2 pt),P012597,"BALDWIN, KAMAR",Baskonia Vitoria-Gasteiz,BAS,15,3,6,50.0,2,4,50.0,3,4,75.0,5,10,50.0,Q4,40,00:00,3FGA,3P,3,OUT,False,Missed Three Pointer (1/5 -  12 pt),P009622,"BROWN, LORENZO",Panathinaikos AKTOR Athens,PAN,,,,,,,,,,,,,,1,FIRST_ONLY,False,False,True,False,False
E2024,197,FC Bayern Munich vs Virtus Segafredo Bologna,72,82,Q1,1,09:40,3FGM,3P,3,IN,True,Three Pointer (1/1 -  3 pt),P001557,"GIFFEY, NIELS",FC Bayern Munich,MUN,11,1,1,100.0,3,4,75.0,0,0,0.0,4,5,80.0,Q4,40,00:01,3FGA,3P,3,OUT,False,Missed Three Pointer (0/1 -  0 pt),P012123,"KHARCHENKOV, IVAN",FC Bayern Munich,MUN,,,,,,,,,,,,,,1,FIRST_ONLY,False,False,True,False,False
E2024,198,FC Barcelona vs Anadolu Efes Istanbul,90,80,Q1,1,09:47,3FGM,3P,3,IN,True,Three Pointer (1/1 -  3 pt),P011078,"THOMPSON, DARIUS",Anadolu Efes Istanbul,IST,10,0,1,0.0,3,5,60.0,1,2,50.0,3,6,50.0,Q4,40,00:06,FTM,FT,1,IN,True,Free Throw In (1/1 -  16 pt),P009846,"BRYANT, ELIJAH",Anadolu Efes Istanbul,IST,16,6,7,85.7,1,4,25.0,1,1,100.0,7,11,63.6,2,BOTH_SCORED,True,False,False,False,False
E2024,199,Anadolu Efes Istanbul vs EA7 Emporio Armani Milan,110,66,Q1,1,09:38,3FGA,3P,3,OUT,False,Missed Three Pointer (0/1 -  0 pt),P008987,"LEDAY, ZACH",EA7 Emporio Armani Milan,MIL,,,,,,,,,,,,,,Q4,40,00:16,3FGA,3P,3,OUT,False,Missed Three Pointer (1/3 -  15 pt),P013363,"NWORA, JORDAN",Anadolu Efes Istanbul,IST,,,,,,,,,,,,,,0,BOTH_MISSED,False,True,False,False,False
E2024,200,Panathinaikos AKTOR Athens vs Zalgiris Kaunas,89,76,Q1,1,09:37,3FGM,3P,3,IN,True,Three Pointer (1/1 -  3 pt),P002676,"BUTKEVICIUS, ARNAS",Zalgiris Kaunas,ZAL,6,0,1,0.0,2,4,50.0,0,0,0.0,2,5,40.0,Q4,40,00:01,3FGA,3P,3,OUT,False,Missed Three Pointer (2/8 -  19 pt),P013403,"WALKER IV, LONNIE",Zalgiris Kaunas,ZAL,,,,,,,,,,,,,,1,FIRST_ONLY,False,False,True,False,False
E2024,201,Virtus Segafredo Bologna vs AS Monaco,80,86,Q1,1,09:32,2FGM,2P,2,IN,True,Two Pointer (1/1 -  2 pt),P005985,"JAMES, MIKE",AS Monaco,MCO,24,3,10,30.0,3,8,37.5,9,11,81.8,6,18,33.3,Q4,40,00:02,2FGM,2P,2,IN,True,Two Pointer (5/8 -  15 pt),P001133,"SHENGELIA, TORNIKE",Virtus Segafredo Bologna,VIR,15,5,8,62.5,0,2,0.0,5,8,62.5,5,10,50.0,2,BOTH_SCORED,True,False,False,False,False
E2024,202,Real Madrid vs Baskonia Vitoria-Gasteiz,90,89,Q1,1,09:46,2FGM,2P,2,IN,True,Two Pointer (1/1 -  2 pt),P006540,"MUSA, DZANAN",Real Madrid,MAD,16,3,6,50.0,1,2,50.0,7,10,70.0,4,8,50.0,Q4,40,00:01,3FGM,3P,3,IN,True,Three Pointer (4/7 -  22 pt),P003108,"HEZONJA, MARIO",Real Madrid,MAD,22,5,9,55.6,4,7,57.1,0,0,0.0,9,16,56.2,2,BOTH_SCORED,True,False,False,False,False
E2024,203,Maccabi Playtika Tel Aviv vs Crvena Zvezda Meridianbet Belgrade,85,73,Q1,1,09:40,2FGM,2P,2,IN,True,Two Pointer (1/1 -  2 pt),P009035,"BOLOMBOY, JOEL",Crvena Zvezda Meridianbet Belgrade,RED,9,4,7,57.1,0,0,0.0,1,2,50.0,4,7,57.1,Q4,40,00:42,2FGA,2P,2,OUT,False,Missed Two Pointer (1/4 -  6 pt),P004866,"KALINIC, NIKOLA",Crvena Zvezda Meridianbet Belgrade,RED,,,,,,,,,,,,,,1,FIRST_ONLY,False,False,True,False,False
E2024,204,ALBA Berlin vs FC Bayern Munich,84,99,Q1,1,09:40,2FGM,2P,2,IN,True,Two Pointer (1/1 -  2 pt),P006251,"SCHNEIDER, TIM",ALBA Berlin,BER,4,2,3,66.7,0,1,0.0,0,2,0.0,2,4,50.0,Q4,40,00:00,3FGA,3P,3,OUT,False,Missed Three Pointer (1/2 -  4 pt),P012123,"KHARCHENKOV, IVAN",FC Bayern Munich,MUN,,,,,,,,,,,,,,1,FIRST_ONLY,False,False,True,False,False
E2024,205,LDLC ASVEL Villeurbanne vs FC Barcelona,100,94,Q1,1,09:59,2FGM,2P,2,IN,True,Two Pointer (1/1 -  2 pt),P013405,"ROBERSON, ANDRE",LDLC ASVEL Villeurbanne,ASV,17,5,6,83.3,2,4,50.0,1,1,100.0,7,10,70.0,Q4,40,00:00,3FGA,3P,3,OUT,False,Missed Three Pointer (4/8 -  14 pt),P011225,"LEE, PARIS",LDLC ASVEL Villeurbanne,ASV,,,,,,,,,,,,,,1,FIRST_ONLY,False,False,True,False,False
E2024,206,Olympiacos Piraeus vs Fenerbahce Beko Istanbul,77,87,Q1,1,09:40,3FGM,3P,3,IN,True,Three Pointer (1/1 -  3 pt),P003469,"VEZENKOV, SASHA",Olympiacos Piraeus,OLY,19,4,6,66.7,1,2,50.0,8,8,100.0,5,8,62.5,Q4,40,00:02,2FGM,2P,2,IN,True,Two Pointer (4/7 -  14 pt),P008962,"HAYES-DAVIS, NIGEL",Fenerbahce Beko Istanbul,ULK,14,4,7,57.1,2,7,28.6,0,0,0.0,6,14,42.9,2,BOTH_SCORED,True,False,False,False,False
E2024,207,Partizan Mozzart Bet Belgrade vs Paris Basketball,92,86,Q1,1,09:37,FTA,FT,1,OUT,False,Missed Free Throw (0/1 -  0 pt),P011050,"KOPRIVICA, BALSA",Partizan Mozzart Bet Belgrade,PAR,,,,,,,,,,,,,,Q4,40,00:00,3FGM,3P,3,IN,True,Three Pointer (2/3 -  10 pt),P012609,"MALCOLM, COLLIN",Paris Basketball,PRS,10,2,3,66.7,2,3,66.7,0,0,0.0,4,6,66.7,1,LAST_ONLY,False,False,True,False,False
E2024,208,Zalgiris Kaunas vs FC Bayern Munich,82,97,Q1,1,09:41,3FGM,3P,3,IN,True,Three Pointer (1/1 -  3 pt),P010391,"WEILER-BABB, NICK",FC Bayern Munich,MUN,14,1,2,50.0,4,4,100.0,0,0,0.0,5,6,83.3,Q4,40,00:05,FTM,FT,1,IN,True,Free Throw In (8/8 -  33 pt),P007975,"FRANCISCO, SYLVAIN",Zalgiris Kaunas,ZAL,33,5,8,62.5,5,8,62.5,8,8,100.0,10,16,62.5,2,BOTH_SCORED,True,False,False,False,False
E2024,209,Baskonia Vitoria-Gasteiz vs FC Barcelona,88,86,Q1,1,09:37,2FGM,2P,2,IN,True,Two Pointer (1/1 -  2 pt),P012597,"BALDWIN, KAMAR",Baskonia Vitoria-Gasteiz,BAS,11,4,5,80.0,1,2,50.0,0,0,0.0,5,7,71.4,Q4,40,00:00,2FGA,2P,2,OUT,False,Missed Two Pointer (1/3 -  11 pt),P009992,"BRIZUELA, DARIO",FC Barcelona,BAR,,,,,,,,,,,,,,1,FIRST_ONLY,False,False,True,False,False
E2024,210,EA7 Emporio Armani Milan vs Panathinaikos AKTOR Athens,87,75,Q1,1,09:42,3FGA,3P,3,OUT,False,Missed Three Pointer (0/1 -  0 pt),P011064,"MANNION, NICCOLO",EA7 Emporio Armani Milan,MIL,,,,,,,,,,,,,,Q4,40,00:18,3FGA,3P,3,OUT,False,Missed Three Pointer (0/3 -  5 pt),P012712,"HERNANGOMEZ, JUANCHO",Panathinaikos AKTOR Athens,PAN,,,,,,,,,,,,,,0,BOTH_MISSED,False,True,False,False,False
E2024,211,Paris Basketball vs LDLC ASVEL Villeurbanne,91,82,Q1,1,09:28,2FGM,2P,2,IN,True,Two Pointer (1/1 -  2 pt),P010390,"HAYES, KEVARRIUS",Paris Basketball,PRS,6,2,5,40.0,0,0,0.0,2,2,100.0,2,5,40.0,Q4,40,00:08,3FGA,3P,3,OUT,False,Missed Three Pointer (2/9 -  10 pt),P002100,"DE COLO, NANDO",LDLC ASVEL Villeurbanne,ASV,,,,,,,,,,,,,,1,FIRST_ONLY,False,False,True,False,False
E2024,212,Maccabi Playtika Tel Aviv vs ALBA Berlin,87,93,Q1,1,09:37,2FGA,2P,2,OUT,False,Missed Two Pointer (0/1 -  0 pt),P013386,"McCORMACK, DAVID",ALBA Berlin,BER,,,,,,,,,,,,,,Q4,40,00:05,2FGA,2P,2,OUT,False,Missed Two Pointer (2/8 -  7 pt),P013382,"RANDOLPH, LEVI",Maccabi Playtika Tel Aviv,TEL,,,,,,,,,,,,,,0,BOTH_MISSED,False,True,False,False,False
E2024,213,Fenerbahce Beko Istanbul vs Virtus Segafredo Bologna,95,81,Q1,1,09:31,3FGA,3P,3,OUT,False,Missed Three Pointer (0/1 -  0 pt),P009783,"COLSON, BONZIE",Fenerbahce Beko Istanbul,ULK,,,,,,,,,,,,,,Q4,40,00:15,2FGM,2P,2,IN,True,Two Pointer (3/3 -  7 pt),P005738,"GRAZULIS, ANDREJS",Virtus Segafredo Bologna,VIR,7,3,3,100.0,0,0,0.0,1,2,50.0,3,3,100.0,1,LAST_ONLY,False,False,True,False,False
E2024,214,AS Monaco vs Real Madrid,77,73,Q1,1,09:46,2FGM,2P,2,IN,True,Two Pointer (1/1 -  2 pt),P005791,"TAVARES, WALTER",Real Madrid,MAD,10,4,7,57.1,0,0,0.0,2,2,100.0,4,7,57.1,Q4,40,00:03,3FGA,3P,3,OUT,False,Missed Three Pointer (0/1 -  4 pt),P013667,"FERNANDO, BRUNO",Real Madrid,MAD,,,,,,,,,,,,,,1,FIRST_ONLY,False,False,True,False,False
E2024,215,Olympiacos Piraeus vs Anadolu Efes Istanbul,92,89,Q1,1,09:40,2FGM,2P,2,IN,True,Two Pointer (1/1 -  2 pt),P008811,"FALL, MOUSTAPHA",Olympiacos Piraeus,OLY,5,2,3,66.7,0,0,0.0,1,4,25.0,2,3,66.7,Q4,40,00:00,2FGM,2P,2,IN,True,Two Pointer (4/6 -  12 pt),P012742,"DOZIER JR, PERRY",Anadolu Efes Istanbul,IST,12,4,6,66.7,1,2,50.0,1,1,100.0,5,8,62.5,2,BOTH_SCORED,True,False,False,False,False
E2024,216,Partizan Mozzart Bet Belgrade vs Crvena Zvezda Meridianbet Belgrade,71,73,Q1,2,08:40,2FGM,2P,2,IN,True,Two Pointer (1/1 -  2 pt),P007870,"DAVIES, BRANDON",Partizan Mozzart Bet Belgrade,PAR,7,2,7,28.6,1,2,50.0,0,1,0.0,3,9,33.3,Q4,40,00:01,FTA,FT,1,OUT,False,Missed Free Throw (2/3 -  5 pt),P000848,"NEDOVIC, NEMANJA",Crvena Zvezda Meridianbet Belgrade,RED,,,,,,,,,,,,,,1,FIRST_ONLY,False,False,True,False,False
E2024,217,Anadolu Efes Istanbul vs Real Madrid,79,73,Q1,1,09:48,2FGM,2P,2,IN,True,Two Pointer (1/1 -  2 pt),P004887,"POIRIER, VINCENT",Anadolu Efes Istanbul,IST,15,7,8,87.5,0,1,0.0,1,2,50.0,7,9,77.8,Q4,40,00:16,3FGA,3P,3,OUT,False,Missed Three Pointer (0/2 -  5 pt),PTGB,"LLULL, SERGIO",Real Madrid,MAD,,,,,,,,,,,,,,1,FIRST_ONLY,False,False,True,False,False
E2024,218,Zalgiris Kaunas vs ALBA Berlin,73,53,Q1,1,09:44,3FGM,3P,3,IN,True,Three Pointer (1/1 -  3 pt),P011983,"BRAZDEIKIS, IGNAS",Zalgiris Kaunas,ZAL,21,4,7,57.1,2,4,50.0,7,7,100.0,6,11,54.5,Q4,40,00:02,2FGM,2P,2,IN,True,Two Pointer (1/2 -  2 pt),P011631,"RAPIEQUE, ELIAS",ALBA Berlin,BER,2,1,2,50.0,0,2,0.0,0,0,0.0,1,4,25.0,2,BOTH_SCORED,True,False,False,False,False
E2024,219,Crvena Zvezda Meridianbet Belgrade vs LDLC ASVEL Villeurbanne,73,66,Q1,1,09:37,3FGM,3P,3,IN,True,Three Pointer (1/1 -  3 pt),P011225,"LEE, PARIS",LDLC ASVEL Villeurbanne,ASV,6,0,4,0.0,2,7,28.6,0,0,0.0,2,11,18.2,Q4,40,00:05,3FGA,3P,3,OUT,False,Missed Three Pointer (0/8 -  13 pt),P007027,"MALEDON, THEO",LDLC ASVEL Villeurbanne,ASV,,,,,,,,,,,,,,1,FIRST_ONLY,False,False,True,False,False
E2024,220,Panathinaikos AKTOR Athens vs Fenerbahce Beko Istanbul,91,90,Q1,1,09:35,2FGA,2P,2,OUT,False,Missed Two Pointer (0/1 -  0 pt),P013383,"GABRIEL, WENYEN",Panathinaikos AKTOR Athens,PAN,,,,,,,,,,,,,,Q4,40,00:00,3FGA,3P,3,OUT,False,Missed Three Pointer (2/6 -  14 pt),P011205,"HALL, DEVON",Fenerbahce Beko Istanbul,ULK,,,,,,,,,,,,,,0,BOTH_MISSED,False,True,False,False,False
E2024,221,FC Bayern Munich vs EA7 Emporio Armani Milan,87,70,Q1,1,09:37,2FGA,2P,2,OUT,False,Missed Two Pointer (0/1 -  0 pt),P008985,"BOLMARO, LEANDRO",EA7 Emporio Armani Milan,MIL,,,,,,,,,,,,,,Q4,40,00:02,3FGA,3P,3,OUT,False,Missed Three Pointer (0/1 -  0 pt),P012123,"KHARCHENKOV, IVAN",FC Bayern Munich,MUN,,,,,,,,,,,,,,0,BOTH_MISSED,False,True,False,False,False
E2024,222,AS Monaco vs Baskonia Vitoria-Gasteiz,92,85,Q1,1,09:56,FTM,FT,1,IN,True,Free Throw In (1/1 -  1 pt),P004790,"CORNELIE, PETR",AS Monaco,MCO,5,1,1,100.0,0,1,0.0,3,4,75.0,1,2,50.0,Q4,40,00:08,3FGA,3P,3,OUT,False,Missed Three Pointer (2/5 -  10 pt),P012080,"LUWAWU-CABARROT, TIMOTHE",Baskonia Vitoria-Gasteiz,BAS,,,,,,,,,,,,,,1,FIRST_ONLY,False,False,True,False,False
E2024,223,FC Barcelona vs Maccabi Playtika Tel Aviv,100,71,Q1,1,09:45,2FGA,2P,2,OUT,False,Missed Two Pointer (0/1 -  0 pt),P002939,"SATORANSKY, TOMAS",FC Barcelona,BAR,,,,,,,,,,,,,,Q4,40,00:35,2FGM,2P,2,IN,True,Two Pointer (1/3 -  2 pt),P007464,"PARRA, JOEL",FC Barcelona,BAR,2,1,3,33.3,0,0,0.0,0,0,0.0,1,3,33.3,1,LAST_ONLY,False,False,True,False,False
E2024,224,Paris Basketball vs Olympiacos Piraeus,73,90,Q1,1,09:42,2FGM,2P,2,IN,True,Two Pointer (1/1 -  2 pt),P003469,"VEZENKOV, SASHA",Olympiacos Piraeus,OLY,23,4,5,80.0,3,5,60.0,6,6,100.0,7,10,70.0,Q4,40,00:19,2FGM,2P,2,IN,True,Two Pointer (4/6 -  10 pt),P003941,"MILUTINOV, NIKOLA",Olympiacos Piraeus,OLY,10,4,6,66.7,0,0,0.0,2,2,100.0,4,6,66.7,2,BOTH_SCORED,True,False,False,False,False
E2024,225,Virtus Segafredo Bologna vs Partizan Mozzart Bet Belgrade,71,81,Q1,1,09:43,2FGM,2P,2,IN,True,Two Pointer (1/1 -  2 pt),P006739,"PAJOLA, ALESSANDRO",Virtus Segafredo Bologna,VIR,5,1,2,50.0,1,2,50.0,0,0,0.0,2,4,50.0,Q4,40,00:18,2FGA,2P,2,OUT,False,Missed Two Pointer (4/8 -  13 pt),P009549,"CORDINIER, ISAIA",Virtus Segafredo Bologna,VIR,,,,,,,,,,,,,,1,FIRST_ONLY,False,False,True,False,False
E2024,226,Fenerbahce Beko Istanbul vs Real Madrid,78,67,Q1,1,09:34,3FGA,3P,3,OUT,False,Missed Three Pointer (0/1 -  0 pt),P003733,"ABALDE, ALBERTO",Real Madrid,MAD,,,,,,,,,,,,,,Q4,40,00:01,2FGM,2P,2,IN,True,Two Pointer (3/5 -  9 pt),P011247,"FELIZ, ANDRES",Real Madrid,MAD,9,3,5,60.0,1,3,33.3,0,0,0.0,4,8,50.0,1,LAST_ONLY,False,False,True,False,False
E2024,227,ALBA Berlin vs Crvena Zvezda Meridianbet Belgrade,71,77,Q1,1,09:29,2FGM,2P,2,IN,True,Two Pointer (1/1 -  2 pt),P011194,"PETRUSEV, FILIP",Crvena Zvezda Meridianbet Belgrade,RED,17,5,10,50.0,0,1,0.0,7,10,70.0,5,11,45.5,Q4,40,00:04,3FGA,3P,3,OUT,False,Missed Three Pointer (0/6 -  2 pt),P006251,"SCHNEIDER, TIM",ALBA Berlin,BER,,,,,,,,,,,,,,1,FIRST_ONLY,False,False,True,False,False
E2024,228,Zalgiris Kaunas vs EA7 Emporio Armani Milan,87,89,Q1,1,09:47,2FGM,2P,2,IN,True,Two Pointer (1/1 -  2 pt),P005504,"BIRUTIS, LAURYNAS",Zalgiris Kaunas,ZAL,2,1,4,25.0,0,0,0.0,0,0,0.0,1,4,25.0,Q4,40,00:01,3FGM,3P,3,IN,True,Three Pointer (3/11 -  22 pt),P013403,"WALKER IV, LONNIE",Zalgiris Kaunas,ZAL,22,4,6,66.7,3,11,27.3,5,5,100.0,7,17,41.2,2,BOTH_SCORED,True,False,False,False,False
E2024,229,Panathinaikos AKTOR Athens vs Anadolu Efes Istanbul,104,89,Q1,1,09:41,3FGA,3P,3,OUT,False,Missed Three Pointer (0/1 -  0 pt),P012774,"NUNN, KENDRICK",Panathinaikos AKTOR Athens,PAN,,,,,,,,,,,,,,Q4,40,01:00,3FGM,3P,3,IN,True,Three Pointer (3/5 -  14 pt),P012712,"HERNANGOMEZ, JUANCHO",Panathinaikos AKTOR Athens,PAN,14,2,6,33.3,3,5,60.0,1,2,50.0,5,11,45.5,1,LAST_ONLY,False,False,True,False,False
E2024,230,FC Bayern Munich vs LDLC ASVEL Villeurbanne,76,67,Q1,1,09:45,3FGA,3P,3,OUT,False,Missed Three Pointer (0/1 -  0 pt),P003526,"LIGHTY, DAVID",LDLC ASVEL Villeurbanne,ASV,,,,,,,,,,,,,,Q4,40,00:17,FTM,FT,1,IN,True,Free Throw In (3/4 -  12 pt),P004194,"LAUVERGNE, JOFFREY",LDLC ASVEL Villeurbanne,ASV,12,3,5,60.0,1,1,100.0,3,4,75.0,4,6,66.7,1,LAST_ONLY,False,False,True,False,False
E2024,231,AS Monaco vs Partizan Mozzart Bet Belgrade,69,86,Q1,1,09:45,2FGM,2P,2,IN,True,Two Pointer (1/1 -  2 pt),P012720,"BROWN, STERLING",Partizan Mozzart Bet Belgrade,PAR,18,5,7,71.4,2,3,66.7,2,2,100.0,7,10,70.0,Q4,40,00:00,3FGA,3P,3,OUT,False,Missed Three Pointer (2/5 -  8 pt),P008099,"STRAZEL, MATTHEW",AS Monaco,MCO,,,,,,,,,,,,,,1,FIRST_ONLY,False,False,True,False,False
E2024,232,Baskonia Vitoria-Gasteiz vs Maccabi Playtika Tel Aviv,89,82,Q1,1,09:44,2FGA,2P,2,OUT,False,Missed Two Pointer (0/1 -  0 pt),P011202,"SHAYOK, MARIAL",Maccabi Playtika Tel Aviv,TEL,,,,,,,,,,,,,,Q4,40,00:13,3FGM,3P,3,IN,True,Three Pointer (2/6 -  10 pt),P013250,"DeJULIUS, DAVID",Maccabi Playtika Tel Aviv,TEL,10,2,4,50.0,2,6,33.3,0,0,0.0,4,10,40.0,1,LAST_ONLY,False,False,True,False,False
E2024,233,FC Barcelona vs Olympiacos Piraeus,88,90,Q1,1,09:41,2FGA,2P,2,OUT,False,Missed Two Pointer (0/1 -  0 pt),P012745,"PARKER, JABARI",FC Barcelona,BAR,,,,,,,,,,,,,,Q4,40,00:00,2FGM,2P,2,IN,True,Two Pointer (4/9 -  18 pt),P013380,"FOURNIER, EVAN",Olympiacos Piraeus,OLY,18,4,9,44.4,3,8,37.5,1,2,50.0,7,17,41.2,1,LAST_ONLY,False,False,True,False,False
E2024,234,Virtus Segafredo Bologna vs Paris Basketball,77,83,Q1,1,09:42,3FGA,3P,3,OUT,False,Missed Three Pointer (0/1 -  0 pt),P012610,"WARD, TYSON",Paris Basketball,PRS,,,,,,,,,,,,,,Q4,40,00:01,FTA,FT,1,OUT,False,Missed Free Throw (8/9 -  23 pt),P012640,"HIFI, NADIR",Paris Basketball,PRS,,,,,,,,,,,,,,0,BOTH_MISSED,False,True,False,False,False
E2024,235,Crvena Zvezda Meridianbet Belgrade vs Zalgiris Kaunas,80,86,Q1,1,09:38,2FGM,2P,2,IN,True,Two Pointer (1/1 -  2 pt),P011051,"SMAILAGIC, ALEN",Zalgiris Kaunas,ZAL,15,3,3,100.0,3,3,100.0,0,0,0.0,6,6,100.0,Q4,40,00:06,3FGA,3P,3,OUT,False,Missed Three Pointer (0/4 -  0 pt),P007960,"DAVIDOVAC, DEJAN",Crvena Zvezda Meridianbet Belgrade,RED,,,,,,,,,,,,,,1,FIRST_ONLY,False,False,True,False,False
E2024,236,EA7 Emporio Armani Milan vs AS Monaco,86,80,Q1,1,09:33,3FGM,3P,3,IN,True,Three Pointer (1/1 -  3 pt),P009754,"LOYD, JORDAN",AS Monaco,MCO,9,0,3,0.0,3,5,60.0,0,0,0.0,3,8,37.5,Q4,40,00:02,3FGA,3P,3,OUT,False,Missed Three Pointer (1/5 -  16 pt),P011212,"OKOBO, ELIE",AS Monaco,MCO,,,,,,,,,,,,,,1,FIRST_ONLY,False,False,True,False,False
E2024,237,Paris Basketball vs FC Bayern Munich,93,88,Q1,1,09:45,2FGA,2P,2,OUT,False,Missed Two Pointer (0/1 -  0 pt),P011987,"EDWARDS, CARSEN",FC Bayern Munich,MUN,,,,,,,,,,,,,,Q4,40,00:07,2FGM,2P,2,IN,True,Two Pointer (10/13 -  29 pt),P011987,"EDWARDS, CARSEN",FC Bayern Munich,MUN,29,10,13,76.9,2,7,28.6,3,6,50.0,12,20,60.0,1,LAST_ONLY,False,False,True,False,True
E2024,238,Real Madrid vs FC Barcelona,96,91,Q1,1,09:36,2FGA,2P,2,OUT,False,Missed Two Pointer (0/1 -  0 pt),P012745,"PARKER, JABARI",FC Barcelona,BAR,,,,,,,,,,,,,,Q4,40,00:02,3FGA,3P,3,OUT,False,Missed Three Pointer (2/4 -  20 pt),P007464,"PARRA, JOEL",FC Barcelona,BAR,,,,,,,,,,,,,,0,BOTH_MISSED,False,True,False,False,False
E2024,239,Maccabi Playtika Tel Aviv vs Fenerbahce Beko Istanbul,94,76,Q1,1,09:31,3FGA,3P,3,OUT,False,Missed Three Pointer (0/1 -  0 pt),P008962,"HAYES-DAVIS, NIGEL",Fenerbahce Beko Istanbul,ULK,,,,,,,,,,,,,,Q4,40,00:07,3FGA,3P,3,OUT,False,Missed Three Pointer (2/4 -  12 pt),P009863,"BALDWIN IV, WADE",Fenerbahce Beko Istanbul,ULK,,,,,,,,,,,,,,0,BOTH_MISSED,False,True,False,False,False
E2024,240,Anadolu Efes Istanbul vs ALBA Berlin,98,73,Q1,1,09:47,2FGM,2P,2,IN,True,Two Pointer (1/1 -  2 pt),P006590,"BEAUBOIS, RODRIGUE",Anadolu Efes Istanbul,IST,2,1,2,50.0,0,3,0.0,0,0,0.0,1,5,20.0,Q4,40,00:05,2FGM,2P,2,IN,True,Two Pointer (6/11 -  20 pt),P011934,"WETZELL, YANNI",ALBA Berlin,BER,20,6,11,54.5,2,2,100.0,2,2,100.0,8,13,61.5,2,BOTH_SCORED,True,False,False,False,False
E2024,241,Virtus Segafredo Bologna vs Olympiacos Piraeus,70,92,Q1,1,09:43,3FGA,3P,3,OUT,False,Missed Three Pointer (0/1 -  0 pt),P013695,"HOLIDAY, JUSTIN",Virtus Segafredo Bologna,VIR,,,,,,,,,,,,,,Q4,40,00:25,3FGA,3P,3,OUT,False,Missed Three Pointer (0/3 -  7 pt),P012585,"MORGAN, MATTHEW",Virtus Segafredo Bologna,VIR,,,,,,,,,,,,,,0,BOTH_MISSED,False,True,False,False,False
E2024,242,Partizan Mozzart Bet Belgrade vs Baskonia Vitoria-Gasteiz,86,73,Q1,1,09:32,2FGA,2P,2,OUT,False,Missed Two Pointer (0/1 -  0 pt),P013367,"FORREST, TRENT",Baskonia Vitoria-Gasteiz,BAS,,,,,,,,,,,,,,Q4,40,00:10,3FGA,3P,3,OUT,False,Missed Three Pointer (1/6 -  11 pt),P012080,"LUWAWU-CABARROT, TIMOTHE",Baskonia Vitoria-Gasteiz,BAS,,,,,,,,,,,,,,0,BOTH_MISSED,False,True,False,False,False
E2024,243,LDLC ASVEL Villeurbanne vs Panathinaikos AKTOR Athens,93,96,Q1,1,09:35,2FGM,2P,2,IN,True,Two Pointer (1/1 -  2 pt),P013383,"GABRIEL, WENYEN",Panathinaikos AKTOR Athens,PAN,6,3,5,60.0,0,0,0.0,0,2,0.0,3,5,60.0,Q4,40,00:07,2FGM,2P,2,IN,True,Two Pointer (7/9 -  17 pt),P010545,"SAKO, NEAL",LDLC ASVEL Villeurbanne,ASV,17,7,9,77.8,0,0,0.0,3,5,60.0,7,9,77.8,2,BOTH_SCORED,True,False,False,False,False
E2024,244,Paris Basketball vs AS Monaco,79,91,Q1,1,09:33,2FGA,2P,2,OUT,False,Missed Two Pointer (0/1 -  0 pt),P012608,"SHORTS, TJ",Paris Basketball,PRS,,,,,,,,,,,,,,Q4,40,00:00,3FGA,3P,3,OUT,False,Missed Three Pointer (2/6 -  12 pt),P011212,"OKOBO, ELIE",AS Monaco,MCO,,,,,,,,,,,,,,0,BOTH_MISSED,False,True,False,False,False
E2024,245,Panathinaikos AKTOR Athens vs Real Madrid,85,70,Q1,1,09:34,3FGA,3P,3,OUT,False,Missed Three Pointer (0/1 -  0 pt),P011204,"GRANT, JERIAN",Panathinaikos AKTOR Athens,PAN,,,,,,,,,,,,,,Q4,40,00:19,FTM,FT,1,IN,True,Free Throw In (2/3 -  12 pt),P006540,"MUSA, DZANAN",Real Madrid,MAD,12,5,8,62.5,0,3,0.0,2,3,66.7,5,11,45.5,1,LAST_ONLY,False,False,True,False,False
E2024,246,Baskonia Vitoria-Gasteiz vs Zalgiris Kaunas,66,65,Q1,1,09:17,2FGM,2P,2,IN,True,Two Pointer (1/1 -  2 pt),P012201,"MONEKE, CHIMA",Baskonia Vitoria-Gasteiz,BAS,13,3,6,50.0,0,5,0.0,7,8,87.5,3,11,27.3,Q4,40,00:01,3FGA,3P,3,OUT,False,Missed Three Pointer (0/3 -  1 pt),P007029,"SIRVYDIS, DEIVIDAS",Zalgiris Kaunas,ZAL,,,,,,,,,,,,,,1,FIRST_ONLY,False,False,True,False,False
E2024,247,EA7 Emporio Armani Milan vs Fenerbahce Beko Istanbul,76,100,Q1,1,09:36,3FGM,3P,3,IN,True,Three Pointer (1/1 -  3 pt),P007831,"SHIELDS, SHAVON",EA7 Emporio Armani Milan,MIL,17,4,6,66.7,2,5,40.0,3,3,100.0,6,11,54.5,Q4,40,00:25,2FGM,2P,2,IN,True,Two Pointer (3/4 -  6 pt),P006509,"TONUT, STEFANO",EA7 Emporio Armani Milan,MIL,6,3,4,75.0,0,2,0.0,0,0,0.0,3,6,50.0,2,BOTH_SCORED,True,False,False,False,False
E2024,248,FC Bayern Munich vs Crvena Zvezda Meridianbet Belgrade,100,82,Q1,1,09:46,2FGA,2P,2,OUT,False,Missed Two Pointer (0/1 -  0 pt),P009048,"MILLER-MCINTYRE, CODI",Crvena Zvezda Meridianbet Belgrade,RED,,,,,,,,,,,,,,Q4,40,00:00,2FGM,2P,2,IN,True,Two Pointer (4/7 -  30 pt),P011987,"EDWARDS, CARSEN",FC Bayern Munich,MUN,30,4,7,57.1,6,10,60.0,4,5,80.0,10,17,58.8,1,LAST_ONLY,False,False,True,False,False
E2024,249,Anadolu Efes Istanbul vs Virtus Segafredo Bologna,89,68,Q1,1,09:46,2FGA,2P,2,OUT,False,Missed Two Pointer (0/1 -  0 pt),P012710,"OSMANI, ERCAN",Anadolu Efes Istanbul,IST,,,,,,,,,,,,,,Q4,40,00:11,2FGM,2P,2,IN,True,Two Pointer (4/4 -  8 pt),P012788,"OTURU, DAN",Anadolu Efes Istanbul,IST,8,4,4,100.0,0,0,0.0,0,0,0.0,4,4,100.0,1,LAST_ONLY,False,False,True,False,False
E2024,250,LDLC ASVEL Villeurbanne vs Maccabi Playtika Tel Aviv,95,102,Q1,1,09:39,3FGA,3P,3,OUT,False,Missed Three Pointer (0/1 -  0 pt),P007027,"MALEDON, THEO",LDLC ASVEL Villeurbanne,ASV,,,,,,,,,,,,,,Q4,40,00:02,FTM,FT,1,IN,True,Free Throw In (3/5 -  13 pt),P012604,"WILLIAMS, TREVION",Maccabi Playtika Tel Aviv,TEL,13,5,6,83.3,0,1,0.0,3,5,60.0,5,7,71.4,1,LAST_ONLY,False,False,True,False,False
E2024,251,Olympiacos Piraeus vs Partizan Mozzart Bet Belgrade,82,70,Q1,1,09:46,3FGA,3P,3,OUT,False,Missed Three Pointer (0/1 -  0 pt),P003469,"VEZENKOV, SASHA",Olympiacos Piraeus,OLY,,,,,,,,,,,,,,Q4,40,00:24,2FGA,2P,2,OUT,False,Missed Two Pointer (5/7 -  10 pt),P003941,"MILUTINOV, NIKOLA",Olympiacos Piraeus,OLY,,,,,,,,,,,,,,0,BOTH_MISSED,False,True,False,False,False
E2024,252,ALBA Berlin vs FC Barcelona,85,99,Q1,1,09:44,3FGA,3P,3,OUT,False,Missed Three Pointer (0/1 -  0 pt),P003478,"ABRINES, ALEX",FC Barcelona,BAR,,,,,,,,,,,,,,Q4,40,00:28,2FGM,2P,2,IN,True,Two Pointer (4/5 -  9 pt),P007464,"PARRA, JOEL",FC Barcelona,BAR,9,4,5,80.0,0,0,0.0,1,2,50.0,4,5,80.0,1,LAST_ONLY,False,False,True,False,False
E2024,253,Fenerbahce Beko Istanbul vs LDLC ASVEL Villeurbanne,92,82,Q1,1,09:41,2FGM,2P,2,IN,True,Two Pointer (1/1 -  2 pt),P011225,"LEE, PARIS",LDLC ASVEL Villeurbanne,ASV,7,2,6,33.3,1,4,25.0,0,0,0.0,3,10,30.0,Q4,40,00:16,2FGM,2P,2,IN,True,Two Pointer (5/5 -  10 pt),P010545,"SAKO, NEAL",LDLC ASVEL Villeurbanne,ASV,10,5,5,100.0,0,0,0.0,0,1,0.0,5,5,100.0,2,BOTH_SCORED,True,False,False,False,False
E2024,254,Zalgiris Kaunas vs Paris Basketball,83,81,Q1,1,09:38,2FGM,2P,2,IN,True,Two Pointer (1/1 -  2 pt),P002676,"BUTKEVICIUS, ARNAS",Zalgiris Kaunas,ZAL,4,2,4,50.0,0,2,0.0,0,0,0.0,2,6,33.3,Q4,40,00:01,3FGA,3P,3,OUT,False,Missed Three Pointer (5/7 -  17 pt),P012640,"HIFI, NADIR",Paris Basketball,PRS,,,,,,,,,,,,,,1,FIRST_ONLY,False,False,True,False,False
E2024,255,ALBA Berlin vs Baskonia Vitoria-Gasteiz,97,90,Q1,1,09:44,2FGM,2P,2,IN,True,Two Pointer (1/1 -  2 pt),P013367,"FORREST, TRENT",Baskonia Vitoria-Gasteiz,BAS,5,2,6,33.3,0,3,0.0,1,1,100.0,2,9,22.2,Q4,40,00:02,3FGA,3P,3,OUT,False,Missed Three Pointer (0/1 -  2 pt),P008173,"SPAGNOLO, MATTEO",ALBA Berlin,BER,,,,,,,,,,,,,,1,FIRST_ONLY,False,False,True,False,False
E2024,256,Virtus Segafredo Bologna vs Real Madrid,67,80,Q1,1,09:46,3FGA,3P,3,OUT,False,Missed Three Pointer (0/1 -  0 pt),P001133,"SHENGELIA, TORNIKE",Virtus Segafredo Bologna,VIR,,,,,,,,,,,,,,Q4,40,00:15,2FGM,2P,2,IN,True,Two Pointer (2/2 -  4 pt),P011816,"AKELE, NICOLA",Virtus Segafredo Bologna,VIR,4,2,2,100.0,0,0,0.0,0,0,0.0,2,2,100.0,1,LAST_ONLY,False,False,True,False,False
E2024,257,Maccabi Playtika Tel Aviv vs AS Monaco,91,88,Q1,1,09:45,2FGM,2P,2,IN,True,Two Pointer (1/1 -  2 pt),P012604,"WILLIAMS, TREVION",Maccabi Playtika Tel Aviv,TEL,15,6,14,42.9,0,1,0.0,3,5,60.0,6,15,40.0,Q4,40,00:02,3FGA,3P,3,OUT,False,Missed Three Pointer (1/6 -  26 pt),P005985,"JAMES, MIKE",AS Monaco,MCO,,,,,,,,,,,,,,1,FIRST_ONLY,False,False,True,False,False
E2024,258,Crvena Zvezda Meridianbet Belgrade vs EA7 Emporio Armani Milan,80,82,Q1,1,09:48,2FGA,2P,2,OUT,False,Missed Two Pointer (0/1 -  0 pt),P009048,"MILLER-MCINTYRE, CODI",Crvena Zvezda Meridianbet Belgrade,RED,,,,,,,,,,,,,,Q4,40,00:04,FTA,FT,1,OUT,False,Missed Free Throw (7/9 -  19 pt),P000796,"MIROTIC, NIKOLA",EA7 Emporio Armani Milan,MIL,,,,,,,,,,,,,,0,BOTH_MISSED,False,True,False,False,False
E2024,259,Olympiacos Piraeus vs Panathinaikos AKTOR Athens,76,74,Q1,1,09:47,2FGA,2P,2,OUT,False,Missed Two Pointer (0/1 -  0 pt),P008811,"FALL, MOUSTAPHA",Olympiacos Piraeus,OLY,,,,,,,,,,,,,,Q4,40,00:00,3FGA,3P,3,OUT,False,Missed Three Pointer (0/4 -  9 pt),P001926,"SLOUKAS, KOSTAS",Panathinaikos AKTOR Athens,PAN,,,,,,,,,,,,,,0,BOTH_MISSED,False,True,False,False,False
E2024,260,FC Bayern Munich vs Anadolu Efes Istanbul,92,97,Q1,1,09:48,3FGM,3P,3,IN,True,Three Pointer (1/1 -  3 pt),P007201,"VOIGTMANN, JOHANNES",FC Bayern Munich,MUN,16,3,4,75.0,2,5,40.0,4,4,100.0,5,9,55.6,Q4,40,00:00,2FGM,2P,2,IN,True,Two Pointer (1/2 -  8 pt),P012742,"DOZIER JR, PERRY",Anadolu Efes Istanbul,IST,8,1,2,50.0,2,4,50.0,0,0,0.0,3,6,50.0,2,BOTH_SCORED,True,False,False,False,False
E2024,261,FC Barcelona vs Partizan Mozzart Bet Belgrade,87,80,Q1,1,09:41,2FGA,2P,2,OUT,False,Missed Two Pointer (0/1 -  0 pt),P012720,"BROWN, STERLING",Partizan Mozzart Bet Belgrade,PAR,,,,,,,,,,,,,,Q4,40,00:12,3FGA,3P,3,OUT,False,Missed Three Pointer (1/4 -  14 pt),P013369,"JONES, CARLIK",Partizan Mozzart Bet Belgrade,PAR,,,,,,,,,,,,,,0,BOTH_MISSED,False,True,False,False,False
E2024,262,Paris Basketball vs EA7 Emporio Armani Milan,92,79,Q1,1,09:16,2FGA,2P,2,OUT,False,Missed Two Pointer (0/1 -  0 pt),P007831,"SHIELDS, SHAVON",EA7 Emporio Armani Milan,MIL,,,,,,,,,,,,,,Q4,40,00:25,3FGA,3P,3,OUT,False,Missed Three Pointer (3/7 -  18 pt),P001392,"CAUSEUR, FABIEN",EA7 Emporio Armani Milan,MIL,,,,,,,,,,,,,,0,BOTH_MISSED,False,True,False,False,False
E2024,263,AS Monaco vs Fenerbahce Beko Istanbul,91,82,Q1,1,09:45,2FGM,2P,2,IN,True,Two Pointer (1/1 -  2 pt),P005985,"JAMES, MIKE",AS Monaco,MCO,29,5,11,45.5,5,8,62.5,4,5,80.0,10,19,52.6,Q4,36,04:17,3FGA,3P,3,OUT,False,Missed Three Pointer (1/5 -  3 pt),P008099,"STRAZEL, MATTHEW",AS Monaco,MCO,,,,,,,,,,,,,,1,FIRST_ONLY,False,False,True,False,False
E2024,264,Olympiacos Piraeus vs Crvena Zvezda Meridianbet Belgrade,73,81,Q1,1,09:45,3FGM,3P,3,IN,True,Three Pointer (1/1 -  3 pt),P007960,"DAVIDOVAC, DEJAN",Crvena Zvezda Meridianbet Belgrade,RED,13,3,5,60.0,1,1,100.0,4,4,100.0,4,6,66.7,Q4,40,00:11,3FGA,3P,3,OUT,False,Missed Three Pointer (1/2 -  9 pt),P008829,"PETERS, ALEC",Olympiacos Piraeus,OLY,,,,,,,,,,,,,,1,FIRST_ONLY,False,False,True,False,False
E2024,265,Baskonia Vitoria-Gasteiz vs FC Bayern Munich,112,89,Q1,1,09:35,2FGA,2P,2,OUT,False,Missed Two Pointer (0/1 -  0 pt),P012080,"LUWAWU-CABARROT, TIMOTHE",Baskonia Vitoria-Gasteiz,BAS,,,,,,,,,,,,,,Q4,40,00:00,3FGA,3P,3,OUT,False,Missed Three Pointer (0/1 -  0 pt),P010788,"QUEREJETA, JOSEBA",Baskonia Vitoria-Gasteiz,BAS,,,,,,,,,,,,,,0,BOTH_MISSED,False,True,False,False,False
E2024,266,Real Madrid vs LDLC ASVEL Villeurbanne,81,70,Q1,1,09:41,2FGA,2P,2,OUT,False,Missed Two Pointer (0/1 -  0 pt),P007027,"MALEDON, THEO",LDLC ASVEL Villeurbanne,ASV,,,,,,,,,,,,,,Q4,35,05:52,2FGM,2P,2,IN,True,Two Pointer (4/6 -  22 pt),P007027,"MALEDON, THEO",LDLC ASVEL Villeurbanne,ASV,25,4,6,66.7,2,4,50.0,11,11,100.0,6,10,60.0,1,LAST_ONLY,False,False,True,False,True
E2024,267,Maccabi Playtika Tel Aviv vs Virtus Segafredo Bologna,77,67,Q1,1,09:35,3FGM,3P,3,IN,True,Three Pointer (1/1 -  3 pt),P009549,"CORDINIER, ISAIA",Virtus Segafredo Bologna,VIR,6,0,3,0.0,2,3,66.7,0,0,0.0,2,6,33.3,Q4,40,00:19,FTM,FT,1,IN,True,Free Throw In (3/4 -  11 pt),P004554,"ZIZIC, ANTE",Virtus Segafredo Bologna,VIR,11,4,9,44.4,0,0,0.0,3,4,75.0,4,9,44.4,2,BOTH_SCORED,True,False,False,False,False
E2024,268,Panathinaikos AKTOR Athens vs ALBA Berlin,91,81,Q1,1,09:39,2FGM,2P,2,IN,True,Two Pointer (1/1 -  2 pt),P012774,"NUNN, KENDRICK",Panathinaikos AKTOR Athens,PAN,18,7,9,77.8,1,5,20.0,1,2,50.0,8,14,57.1,Q4,40,00:00,2FGM,2P,2,IN,True,Two Pointer (5/6 -  11 pt),P011934,"WETZELL, YANNI",ALBA Berlin,BER,11,5,6,83.3,0,0,0.0,1,4,25.0,5,6,83.3,2,BOTH_SCORED,True,False,False,False,False
E2024,269,FC Barcelona vs Zalgiris Kaunas,82,70,Q1,1,09:38,2FGA,2P,2,OUT,False,Missed Two Pointer (0/1 -  0 pt),P011051,"SMAILAGIC, ALEN",Zalgiris Kaunas,ZAL,,,,,,,,,,,,,,Q4,40,00:00,2FGA,2P,2,OUT,False,Missed Two Pointer (0/2 -  3 pt),P012745,"PARKER, JABARI",FC Barcelona,BAR,,,,,,,,,,,,,,0,BOTH_MISSED,False,True,False,False,False
E2024,270,Partizan Mozzart Bet Belgrade vs Anadolu Efes Istanbul,65,97,Q1,1,09:43,2FGM,2P,2,IN,True,Two Pointer (1/1 -  2 pt),P011981,"JONES, TYRIQUE",Partizan Mozzart Bet Belgrade,PAR,11,5,7,71.4,0,0,0.0,1,1,100.0,5,7,71.4,Q4,40,00:06,3FGA,3P,3,OUT,False,Missed Three Pointer (0/4 -  0 pt),P004761,"MARINKOVIC, VANJA",Partizan Mozzart Bet Belgrade,PAR,,,,,,,,,,,,,,1,FIRST_ONLY,False,False,True,False,False
E2024,271,Fenerbahce Beko Istanbul vs Paris Basketball,101,100,Q1,1,09:53,3FGA,3P,3,OUT,False,Missed Three Pointer (0/1 -  0 pt),P004004,"GUDURIC, MARKO",Fenerbahce Beko Istanbul,ULK,,,,,,,,,,,,,,Q4,40,00:01,3FGM,3P,3,IN,True,Three Pointer (3/9 -  19 pt),P008962,"HAYES-DAVIS, NIGEL",Fenerbahce Beko Istanbul,ULK,19,3,7,42.9,3,9,33.3,4,4,100.0,6,16,37.5,1,LAST_ONLY,False,False,True,False,False
E2024,272,AS Monaco vs Zalgiris Kaunas,96,86,Q1,1,09:42,3FGA,3P,3,OUT,False,Missed Three Pointer (0/1 -  0 pt),P011051,"SMAILAGIC, ALEN",Zalgiris Kaunas,ZAL,,,,,,,,,,,,,,OT,45,00:08,2FGA,2P,2,OUT,False,Missed Two Pointer (5/9 -  15 pt),P011231,"BLOSSOMGAME, JARON",AS Monaco,MCO,,,,,,,,,,,,,,0,BOTH_MISSED,False,True,False,False,False
E2024,273,FC Barcelona vs FC Bayern Munich,101,102,Q1,1,09:48,2FGA,2P,2,OUT,False,Missed Two Pointer (0/1 -  0 pt),P007201,"VOIGTMANN, JOHANNES",FC Bayern Munich,MUN,,,,,,,,,,,,,,Q4,40,00:01,3FGA,3P,3,OUT,False,Missed Three Pointer (2/5 -  20 pt),P009862,"PUNTER, KEVIN",FC Barcelona,BAR,,,,,,,,,,,,,,0,BOTH_MISSED,False,True,False,False,False
E2024,274,LDLC ASVEL Villeurbanne vs Olympiacos Piraeus,81,70,Q1,1,09:37,2FGA,2P,2,OUT,False,Missed Two Pointer (0/1 -  0 pt),P008811,"FALL, MOUSTAPHA",Olympiacos Piraeus,OLY,,,,,,,,,,,,,,Q4,40,00:30,2FGA,2P,2,OUT,False,Missed Two Pointer (0/4 -  2 pt),P008829,"PETERS, ALEC",Olympiacos Piraeus,OLY,,,,,,,,,,,,,,0,BOTH_MISSED,False,True,False,False,False
E2024,275,Partizan Mozzart Bet Belgrade vs ALBA Berlin,85,71,Q1,1,09:45,2FGA,2P,2,OUT,False,Missed Two Pointer (0/1 -  0 pt),P004761,"MARINKOVIC, VANJA",Partizan Mozzart Bet Belgrade,PAR,,,,,,,,,,,,,,Q4,40,00:05,3FGA,3P,3,OUT,False,Missed Three Pointer (0/3 -  4 pt),P006251,"SCHNEIDER, TIM",ALBA Berlin,BER,,,,,,,,,,,,,,0,BOTH_MISSED,False,True,False,False,False
E2024,276,Real Madrid vs EA7 Emporio Armani Milan,96,89,Q1,1,09:38,2FGA,2P,2,OUT,False,Missed Two Pointer (0/1 -  0 pt),P005928,"CAMPAZZO, FACUNDO",Real Madrid,MAD,,,,,,,,,,,,,,Q4,40,00:00,3FGM,3P,3,IN,True,Three Pointer (2/8 -  14 pt),P000796,"MIROTIC, NIKOLA",EA7 Emporio Armani Milan,MIL,14,1,4,25.0,2,8,25.0,6,8,75.0,3,12,25.0,1,LAST_ONLY,False,False,True,False,False
E2024,277,Anadolu Efes Istanbul vs Baskonia Vitoria-Gasteiz,92,76,Q1,1,09:43,2FGA,2P,2,OUT,False,Missed Two Pointer (0/1 -  0 pt),P011078,"THOMPSON, DARIUS",Anadolu Efes Istanbul,IST,,,,,,,,,,,,,,Q4,40,00:05,2FGA,2P,2,OUT,False,Missed Two Pointer (3/5 -  15 pt),P011948,"HOWARD, MARKUS",Baskonia Vitoria-Gasteiz,BAS,,,,,,,,,,,,,,0,BOTH_MISSED,False,True,False,False,False
E2024,278,Crvena Zvezda Meridianbet Belgrade vs Virtus Segafredo Bologna,88,52,Q1,1,09:41,2FGA,2P,2,OUT,False,Missed Two Pointer (0/1 -  0 pt),P011194,"PETRUSEV, FILIP",Crvena Zvezda Meridianbet Belgrade,RED,,,,,,,,,,,,,,Q4,40,00:01,3FGA,3P,3,OUT,False,Missed Three Pointer (1/5 -  5 pt),P012585,"MORGAN, MATTHEW",Virtus Segafredo Bologna,VIR,,,,,,,,,,,,,,0,BOTH_MISSED,False,True,False,False,False
E2024,279,Maccabi Playtika Tel Aviv vs Panathinaikos AKTOR Athens,92,99,Q1,1,09:41,3FGA,3P,3,OUT,False,Missed Three Pointer (0/1 -  0 pt),P012774,"NUNN, KENDRICK",Panathinaikos AKTOR Athens,PAN,,,,,,,,,,,,,,Q4,40,00:08,2FGA,2P,2,OUT,False,Missed Two Pointer (1/5 -  8 pt),P013699,"CLARK III, JIMMY",Maccabi Playtika Tel Aviv,TEL,,,,,,,,,,,,,,0,BOTH_MISSED,False,True,False,False,False
E2024,280,LDLC ASVEL Villeurbanne vs Zalgiris Kaunas,88,79,Q1,1,09:44,2FGA,2P,2,OUT,False,Missed Two Pointer (0/1 -  0 pt),P011983,"BRAZDEIKIS, IGNAS",Zalgiris Kaunas,ZAL,,,,,,,,,,,,,,Q4,40,00:02,2FGA,2P,2,OUT,False,Missed Two Pointer (6/8 -  19 pt),P007975,"FRANCISCO, SYLVAIN",Zalgiris Kaunas,ZAL,,,,,,,,,,,,,,0,BOTH_MISSED,False,True,False,False,False
E2024,281,Olympiacos Piraeus vs AS Monaco,77,80,Q1,1,09:47,2FGA,2P,2,OUT,False,Missed Two Pointer (0/1 -  0 pt),P005985,"JAMES, MIKE",AS Monaco,MCO,,,,,,,,,,,,,,Q4,40,00:06,2FGM,2P,2,IN,True,Two Pointer (7/11 -  21 pt),P003469,"VEZENKOV, SASHA",Olympiacos Piraeus,OLY,21,7,11,63.6,1,5,20.0,4,6,66.7,8,16,50.0,1,LAST_ONLY,False,False,True,False,False
E2024,282,EA7 Emporio Armani Milan vs FC Barcelona,88,98,Q1,1,09:41,3FGA,3P,3,OUT,False,Missed Three Pointer (0/1 -  0 pt),P008987,"LEDAY, ZACH",EA7 Emporio Armani Milan,MIL,,,,,,,,,,,,,,Q4,40,00:04,3FGM,3P,3,IN,True,Three Pointer (1/1 -  5 pt),P006509,"TONUT, STEFANO",EA7 Emporio Armani Milan,MIL,5,1,2,50.0,1,1,100.0,0,0,0.0,2,3,66.7,1,LAST_ONLY,False,False,True,False,False
E2024,283,FC Bayern Munich vs Partizan Mozzart Bet Belgrade,89,74,Q1,1,09:35,3FGA,3P,3,OUT,False,Missed Three Pointer (0/1 -  0 pt),P004761,"MARINKOVIC, VANJA",Partizan Mozzart Bet Belgrade,PAR,,,,,,,,,,,,,,Q4,40,00:16,3FGA,3P,3,OUT,False,Missed Three Pointer (1/4 -  7 pt),P004761,"MARINKOVIC, VANJA",Partizan Mozzart Bet Belgrade,PAR,,,,,,,,,,,,,,0,BOTH_MISSED,False,True,False,False,True
E2024,284,Anadolu Efes Istanbul vs Maccabi Playtika Tel Aviv,90,88,Q1,1,09:59,2FGA,2P,2,OUT,False,Missed Two Pointer (0/1 -  0 pt),P006590,"BEAUBOIS, RODRIGUE",Anadolu Efes Istanbul,IST,,,,,,,,,,,,,,Q4,40,00:00,FTA,FT,1,OUT,False,Missed Free Throw (1/2 -  11 pt),P007200,"LARKIN, SHANE",Anadolu Efes Istanbul,IST,,,,,,,,,,,,,,0,BOTH_MISSED,False,True,False,False,False
E2024,285,Fenerbahce Beko Istanbul vs Baskonia Vitoria-Gasteiz,82,77,Q1,1,09:45,2FGA,2P,2,OUT,False,Missed Two Pointer (0/1 -  0 pt),P013367,"FORREST, TRENT",Baskonia Vitoria-Gasteiz,BAS,,,,,,,,,,,,,,Q4,40,00:01,FTM,FT,1,IN,True,Free Throw In (6/8 -  12 pt),P012201,"MONEKE, CHIMA",Baskonia Vitoria-Gasteiz,BAS,12,3,3,100.0,0,1,0.0,6,8,75.0,3,4,75.0,1,LAST_ONLY,False,False,True,False,False
E2024,286,ALBA Berlin vs Virtus Segafredo Bologna,64,108,Q1,1,09:45,2FGM,2P,2,IN,True,Two Pointer (1/1 -  2 pt),P009549,"CORDINIER, ISAIA",Virtus Segafredo Bologna,VIR,9,4,4,100.0,0,2,0.0,1,1,100.0,4,6,66.7,Q4,40,00:08,2FGM,2P,2,IN,True,Two Pointer (3/11 -  9 pt),P011631,"RAPIEQUE, ELIAS",ALBA Berlin,BER,9,3,11,27.3,0,3,0.0,3,3,100.0,3,14,21.4,2,BOTH_SCORED,True,False,False,False,False
E2024,287,Crvena Zvezda Meridianbet Belgrade vs Real Madrid,72,78,Q1,1,09:35,3FGM,3P,3,IN,True,Three Pointer (1/1 -  3 pt),P003733,"ABALDE, ALBERTO",Real Madrid,MAD,8,0,2,0.0,2,2,100.0,2,2,100.0,2,4,50.0,Q4,40,00:07,3FGA,3P,3,OUT,False,Missed Three Pointer (1/4 -  3 pt),P000848,"NEDOVIC, NEMANJA",Crvena Zvezda Meridianbet Belgrade,RED,,,,,,,,,,,,,,1,FIRST_ONLY,False,False,True,False,False
E2024,288,Panathinaikos AKTOR Athens vs Paris Basketball,98,101,Q1,1,09:37,2FGA,2P,2,OUT,False,Missed Two Pointer (0/1 -  0 pt),P011204,"GRANT, JERIAN",Panathinaikos AKTOR Athens,PAN,,,,,,,,,,,,,,Q4,40,00:00,3FGA,3P,3,OUT,False,Missed Three Pointer (2/7 -  10 pt),P012712,"HERNANGOMEZ, JUANCHO",Panathinaikos AKTOR Athens,PAN,,,,,,,,,,,,,,0,BOTH_MISSED,False,True,False,False,False
E2024,289,AS Monaco vs Panathinaikos AKTOR Athens,76,88,Q1,1,09:44,2FGM,2P,2,IN,True,Two Pointer (1/1 -  2 pt),P004132,"THEIS, DANIEL",AS Monaco,MCO,18,5,11,45.5,1,2,50.0,5,6,83.3,6,13,46.2,Q4,38,02:23,2FGA,2P,2,OUT,False,Missed Two Pointer (2/6 -  4 pt),P002581,"JAITEH, MAM",AS Monaco,MCO,,,,,,,,,,,,,,1,FIRST_ONLY,False,False,True,False,False
E2024,290,Fenerbahce Beko Istanbul vs FC Barcelona,75,83,Q1,1,09:45,FTM,FT,1,IN,True,Free Throw In (1/1 -  1 pt),P002939,"SATORANSKY, TOMAS",FC Barcelona,BAR,15,1,3,33.3,3,3,100.0,4,4,100.0,4,6,66.7,Q4,40,00:56,2FGA,2P,2,OUT,False,Missed Two Pointer (5/10 -  20 pt),P008962,"HAYES-DAVIS, NIGEL",Fenerbahce Beko Istanbul,ULK,,,,,,,,,,,,,,1,FIRST_ONLY,False,False,True,False,False
E2024,291,Zalgiris Kaunas vs Partizan Mozzart Bet Belgrade,70,66,Q1,1,09:46,2FGM,2P,2,IN,True,Two Pointer (1/1 -  2 pt),P005504,"BIRUTIS, LAURYNAS",Zalgiris Kaunas,ZAL,9,3,3,100.0,0,0,0.0,3,4,75.0,3,3,100.0,Q4,40,00:04,3FGA,3P,3,OUT,False,Missed Three Pointer (1/4 -  23 pt),P013369,"JONES, CARLIK",Partizan Mozzart Bet Belgrade,PAR,,,,,,,,,,,,,,1,FIRST_ONLY,False,False,True,False,False
E2024,292,Real Madrid vs Paris Basketball,105,104,Q1,1,09:11,2FGM,2P,2,IN,True,Two Pointer (1/1 -  2 pt),P012608,"SHORTS, TJ",Paris Basketball,PRS,24,6,10,60.0,3,6,50.0,3,3,100.0,9,16,56.2,Q4,40,00:00,3FGM,3P,3,IN,True,Three Pointer (5/9 -  23 pt),P012640,"HIFI, NADIR",Paris Basketball,PRS,23,4,6,66.7,5,9,55.6,0,0,0.0,9,15,60.0,2,BOTH_SCORED,True,False,False,False,False
E2024,293,Maccabi Playtika Tel Aviv vs FC Bayern Munich,93,90,Q1,1,09:32,3FGM,3P,3,IN,True,Three Pointer (1/1 -  3 pt),P007056,"BOOKER, DEVIN",FC Bayern Munich,MUN,8,1,6,16.7,2,2,100.0,0,0,0.0,3,8,37.5,Q4,40,00:01,3FGA,3P,3,OUT,False,Missed Three Pointer (9/18 -  33 pt),P011987,"EDWARDS, CARSEN",FC Bayern Munich,MUN,,,,,,,,,,,,,,1,FIRST_ONLY,False,False,True,False,False
E2024,294,ALBA Berlin vs Olympiacos Piraeus,92,100,Q1,1,09:44,2FGA,2P,2,OUT,False,Missed Two Pointer (0/1 -  0 pt),P013386,"McCORMACK, DAVID",ALBA Berlin,BER,,,,,,,,,,,,,,Q4,40,00:00,3FGA,3P,3,OUT,False,Missed Three Pointer (1/5 -  3 pt),P008211,"DELOW, MALTE",ALBA Berlin,BER,,,,,,,,,,,,,,0,BOTH_MISSED,False,True,False,False,False
E2024,295,Crvena Zvezda Meridianbet Belgrade vs Anadolu Efes Istanbul,96,97,Q1,1,09:44,2FGA,2P,2,OUT,False,Missed Two Pointer (0/1 -  0 pt),P007960,"DAVIDOVAC, DEJAN",Crvena Zvezda Meridianbet Belgrade,RED,,,,,,,,,,,,,,OT,45,00:03,2FGA,2P,2,OUT,False,Missed Two Pointer (3/5 -  15 pt),P009048,"MILLER-MCINTYRE, CODI",Crvena Zvezda Meridianbet Belgrade,RED,,,,,,,,,,,,,,0,BOTH_MISSED,False,True,False,False,False
E2024,296,Baskonia Vitoria-Gasteiz vs LDLC ASVEL Villeurbanne,111,75,Q1,1,09:44,2FGA,2P,2,OUT,False,Missed Two Pointer (0/1 -  0 pt),P007027,"MALEDON, THEO",LDLC ASVEL Villeurbanne,ASV,,,,,,,,,,,,,,Q4,40,00:01,3FGA,3P,3,OUT,False,Missed Three Pointer (0/1 -  2 pt),P008850,"RAIESTE, SANDER",Baskonia Vitoria-Gasteiz,BAS,,,,,,,,,,,,,,0,BOTH_MISSED,False,True,False,False,False
E2024,297,Virtus Segafredo Bologna vs EA7 Emporio Armani Milan,90,70,Q1,1,09:43,3FGA,3P,3,OUT,False,Missed Three Pointer (0/1 -  0 pt),P009549,"CORDINIER, ISAIA",Virtus Segafredo Bologna,VIR,,,,,,,,,,,,,,Q4,40,00:09,3FGA,3P,3,OUT,False,Missed Three Pointer (2/5 -  16 pt),P012585,"MORGAN, MATTHEW",Virtus Segafredo Bologna,VIR,,,,,,,,,,,,,,0,BOTH_MISSED,False,True,False,False,False
E2024,298,FC Bayern Munich vs Fenerbahce Beko Istanbul,77,89,Q1,1,09:26,3FGM,3P,3,IN,True,Three Pointer (1/1 -  3 pt),P005216,"MCCOLLUM, ERRICK",Fenerbahce Beko Istanbul,ULK,11,1,2,50.0,3,7,42.9,0,0,0.0,4,9,44.4,Q4,40,00:04,3FGM,3P,3,IN,True,Three Pointer (5/9 -  26 pt),P011987,"EDWARDS, CARSEN",FC Bayern Munich,MUN,26,4,7,57.1,5,9,55.6,3,4,75.0,9,16,56.2,2,BOTH_SCORED,True,False,False,False,False
E2024,299,Olympiacos Piraeus vs Maccabi Playtika Tel Aviv,99,93,Q1,1,09:45,2FGA,2P,2,OUT,False,Missed Two Pointer (0/1 -  0 pt),P009849,"DORSEY, TYLER",Olympiacos Piraeus,OLY,,,,,,,,,,,,,,Q4,40,00:01,3FGA,3P,3,OUT,False,Missed Three Pointer (1/4 -  17 pt),P012604,"WILLIAMS, TREVION",Maccabi Playtika Tel Aviv,TEL,,,,,,,,,,,,,,0,BOTH_MISSED,False,True,False,False,False
E2024,300,EA7 Emporio Armani Milan vs Baskonia Vitoria-Gasteiz,111,89,Q1,1,09:39,2FGA,2P,2,OUT,False,Missed Two Pointer (0/1 -  0 pt),P008987,"LEDAY, ZACH",EA7 Emporio Armani Milan,MIL,,,,,,,,,,,,,,Q4,40,00:06,2FGM,2P,2,IN,True,Two Pointer (2/2 -  4 pt),P006721,"CARUSO, GUGLIELMO",EA7 Emporio Armani Milan,MIL,4,2,2,100.0,0,0,0.0,0,0,0.0,2,2,100.0,1,LAST_ONLY,False,False,True,False,False
E2024,301,Partizan Mozzart Bet Belgrade vs Real Madrid,89,91,Q1,1,09:40,2FGA,2P,2,OUT,False,Missed Two Pointer (0/1 -  0 pt),P003108,"HEZONJA, MARIO",Real Madrid,MAD,,,,,,,,,,,,,,Q4,40,00:01,2FGM,2P,2,IN,True,Two Pointer (7/9 -  14 pt),P005791,"TAVARES, WALTER",Real Madrid,MAD,14,7,9,77.8,0,0,0.0,0,3,0.0,7,9,77.8,1,LAST_ONLY,False,False,True,False,False
E2024,302,Paris Basketball vs ALBA Berlin,72,63,Q1,1,09:40,2FGA,2P,2,OUT,False,Missed Two Pointer (0/1 -  0 pt),P011934,"WETZELL, YANNI",ALBA Berlin,BER,,,,,,,,,,,,,,Q4,40,00:23,2FGA,2P,2,OUT,False,Missed Two Pointer (1/3 -  2 pt),P004197,"OUATTARA, YAKUBA",Paris Basketball,PRS,,,,,,,,,,,,,,0,BOTH_MISSED,False,True,False,False,False
E2024,303,Anadolu Efes Istanbul vs Zalgiris Kaunas,87,77,Q1,1,09:24,2FGM,2P,2,IN,True,Two Pointer (1/1 -  2 pt),P012710,"OSMANI, ERCAN",Anadolu Efes Istanbul,IST,10,5,5,100.0,0,0,0.0,0,0,0.0,5,5,100.0,Q4,40,00:03,3FGA,3P,3,OUT,False,Missed Three Pointer (1/6 -  11 pt),P011983,"BRAZDEIKIS, IGNAS",Zalgiris Kaunas,ZAL,,,,,,,,,,,,,,1,FIRST_ONLY,False,False,True,False,False
E2024,304,LDLC ASVEL Villeurbanne vs AS Monaco,78,83,Q1,1,09:39,2FGA,2P,2,OUT,False,Missed Two Pointer (0/1 -  0 pt),P011231,"BLOSSOMGAME, JARON",AS Monaco,MCO,,,,,,,,,,,,,,Q4,40,00:01,FTM,FT,1,IN,True,Free Throw In (8/8 -  20 pt),P005985,"JAMES, MIKE",AS Monaco,MCO,20,3,6,50.0,2,5,40.0,8,8,100.0,5,11,45.5,1,LAST_ONLY,False,False,True,False,False
E2024,305,Panathinaikos AKTOR Athens vs Crvena Zvezda Meridianbet Belgrade,111,104,Q1,1,09:52,FTM,FT,1,IN,True,Free Throw In (1/1 -  1 pt),P004088,"OSMAN, CEDI",Panathinaikos AKTOR Athens,PAN,9,1,1,100.0,1,4,25.0,4,6,66.7,2,5,40.0,OT,45,00:14,3FGA,3P,3,OUT,False,Missed Three Pointer (5/9 -  26 pt),P009048,"MILLER-MCINTYRE, CODI",Crvena Zvezda Meridianbet Belgrade,RED,,,,,,,,,,,,,,1,FIRST_ONLY,False,False,True,False,False
E2024,306,FC Barcelona vs Virtus Segafredo Bologna,91,87,Q1,1,09:38,3FGM,3P,3,IN,True,Three Pointer (1/1 -  3 pt),P012795,"ANDERSON, JUSTIN",FC Barcelona,BAR,12,4,7,57.1,1,1,100.0,1,1,100.0,5,8,62.5,Q4,40,00:05,2FGA,2P,2,OUT,False,Missed Two Pointer (0/1 -  15 pt),P004888,"CLYBURN, WILL",Virtus Segafredo Bologna,VIR,,,,,,,,,,,,,,1,FIRST_ONLY,False,False,True,False,False
E2024,307,Real Madrid vs Paris Basketball,73,81,Q1,1,09:42,3FGM,3P,3,IN,True,Three Pointer (1/1 -  3 pt),P012608,"SHORTS, TJ",Paris Basketball,PRS,23,7,12,58.3,1,5,20.0,6,7,85.7,8,17,47.1,Q4,40,00:08,3FGA,3P,3,OUT,False,Missed Three Pointer (2/9 -  17 pt),P005928,"CAMPAZZO, FACUNDO",Real Madrid,MAD,,,,,,,,,,,,,,1,FIRST_ONLY,False,False,True,False,False
E2024,308,FC Bayern Munich vs Crvena Zvezda Meridianbet Belgrade,97,93,Q1,1,09:28,3FGM,3P,3,IN,True,Three Pointer (1/1 -  3 pt),P011987,"EDWARDS, CARSEN",FC Bayern Munich,MUN,17,5,9,55.6,2,9,22.2,1,1,100.0,7,18,38.9,OT,45,00:01,FTM,FT,1,IN,True,Free Throw In (2/2 -  11 pt),P001557,"GIFFEY, NIELS",FC Bayern Munich,MUN,11,0,1,0.0,3,4,75.0,2,2,100.0,3,5,60.0,2,BOTH_SCORED,True,False,False,False,False
E2024,309,Real Madrid vs FC Bayern Munich,93,71,Q1,1,09:38,3FGM,3P,3,IN,True,Three Pointer (1/1 -  3 pt),P009005,"DECK, GABRIEL",Real Madrid,MAD,7,2,3,66.7,1,3,33.3,0,0,0.0,3,6,50.0,Q4,40,00:00,2FGM,2P,2,IN,True,Two Pointer (2/3 -  4 pt),P012123,"KHARCHENKOV, IVAN",FC Bayern Munich,MUN,4,2,3,66.7,0,1,0.0,0,0,0.0,2,4,50.0,2,BOTH_SCORED,True,False,False,False,False
E2024,310,Olympiacos Piraeus vs Real Madrid,84,72,Q1,1,09:43,2FGA,2P,2,OUT,False,Missed Two Pointer (0/1 -  0 pt),P007982,"WILLIAMS-GOSS, NIGEL",Olympiacos Piraeus,OLY,,,,,,,,,,,,,,Q4,40,00:12,3FGA,3P,3,OUT,False,Missed Three Pointer (0/1 -  0 pt),P007630,"GARUBA, USMAN",Real Madrid,MAD,,,,,,,,,,,,,,0,BOTH_MISSED,False,True,False,False,False
E2024,311,AS Monaco vs FC Barcelona,97,80,Q1,1,09:36,2FGA,2P,2,OUT,False,Missed Two Pointer (0/1 -  0 pt),P004132,"THEIS, DANIEL",AS Monaco,MCO,,,,,,,,,,,,,,Q4,40,00:00,3FGA,3P,3,OUT,False,Missed Three Pointer (0/1 -  2 pt),P012103,"GRUJICIC, MATHIEU",FC Barcelona,BAR,,,,,,,,,,,,,,0,BOTH_MISSED,False,True,False,False,False
E2024,312,Panathinaikos AKTOR Athens vs Anadolu Efes Istanbul,87,83,Q1,1,09:29,2FGA,2P,2,OUT,False,Missed Two Pointer (0/1 -  0 pt),P004887,"POIRIER, VINCENT",Anadolu Efes Istanbul,IST,,,,,,,,,,,,,,Q4,40,00:05,3FGM,3P,3,IN,True,Three Pointer (3/9 -  17 pt),P007200,"LARKIN, SHANE",Anadolu Efes Istanbul,IST,17,2,4,50.0,3,9,33.3,4,5,80.0,5,13,38.5,1,LAST_ONLY,False,False,True,False,False
E2024,313,Fenerbahce Beko Istanbul vs Paris Basketball,83,78,Q1,1,09:50,3FGA,3P,3,OUT,False,Missed Three Pointer (0/1 -  0 pt),P012610,"WARD, TYSON",Paris Basketball,PRS,,,,,,,,,,,,,,Q4,40,00:02,3FGA,3P,3,OUT,False,Missed Three Pointer (5/9 -  21 pt),P012640,"HIFI, NADIR",Paris Basketball,PRS,,,,,,,,,,,,,,0,BOTH_MISSED,False,True,False,False,False
E2024,314,Olympiacos Piraeus vs Real Madrid,77,71,Q1,1,09:42,2FGA,2P,2,OUT,False,Missed Two Pointer (0/1 -  0 pt),P007982,"WILLIAMS-GOSS, NIGEL",Olympiacos Piraeus,OLY,,,,,,,,,,,,,,Q4,40,00:00,2FGM,2P,2,IN,True,Two Pointer (3/5 -  6 pt),P005791,"TAVARES, WALTER",Real Madrid,MAD,6,3,5,60.0,0,0,0.0,0,0,0.0,3,5,60.0,1,LAST_ONLY,False,False,True,False,False
E2024,315,AS Monaco vs FC Barcelona,92,79,Q1,1,09:54,2FGA,2P,2,OUT,False,Missed Two Pointer (0/1 -  0 pt),P002939,"SATORANSKY, TOMAS",FC Barcelona,BAR,,,,,,,,,,,,,,Q4,40,00:06,2FGM,2P,2,IN,True,Two Pointer (1/1 -  2 pt),P012317,"VILLAR, RAUL",FC Barcelona,BAR,2,1,1,100.0,0,0,0.0,0,0,0.0,1,1,100.0,1,LAST_ONLY,False,False,True,False,False
E2024,316,Panathinaikos AKTOR Athens vs Anadolu Efes Istanbul,76,79,Q1,1,09:53,2FGA,2P,2,OUT,False,Missed Two Pointer (0/1 -  0 pt),P004887,"POIRIER, VINCENT",Anadolu Efes Istanbul,IST,,,,,,,,,,,,,,Q4,40,00:00,3FGA,3P,3,OUT,False,Missed Three Pointer (1/6 -  14 pt),P012774,"NUNN, KENDRICK",Panathinaikos AKTOR Athens,PAN,,,,,,,,,,,,,,0,BOTH_MISSED,False,True,False,False,False
E2024,317,Fenerbahce Beko Istanbul vs Paris Basketball,89,72,Q1,1,09:41,FTM,FT,1,IN,True,Free Throw In (1/1 -  1 pt),P012608,"SHORTS, TJ",Paris Basketball,PRS,18,5,13,38.5,0,1,0.0,8,10,80.0,5,14,35.7,Q4,40,00:09,3FGM,3P,3,IN,True,Three Pointer (2/6 -  8 pt),P012609,"MALCOLM, COLLIN",Paris Basketball,PRS,8,1,3,33.3,2,6,33.3,0,0,0.0,3,9,33.3,2,BOTH_SCORED,True,False,False,False,False
E2024,318,Real Madrid vs Olympiacos Piraeus,80,72,Q1,1,09:34,2FGA,2P,2,OUT,False,Missed Two Pointer (0/1 -  0 pt),P007982,"WILLIAMS-GOSS, NIGEL",Olympiacos Piraeus,OLY,,,,,,,,,,,,,,Q4,40,00:02,3FGA,3P,3,OUT,False,Missed Three Pointer (1/3 -  5 pt),P007947,"VILDOZA, LUCA",Olympiacos Piraeus,OLY,,,,,,,,,,,,,,0,BOTH_MISSED,False,True,False,False,False
E2024,319,FC Barcelona vs AS Monaco,100,89,Q1,1,09:40,2FGM,2P,2,IN,True,Two Pointer (1/1 -  2 pt),P002939,"SATORANSKY, TOMAS",FC Barcelona,BAR,6,3,5,60.0,0,2,0.0,0,0,0.0,3,7,42.9,Q4,40,00:16,2FGM,2P,2,IN,True,Two Pointer (3/6 -  14 pt),P009862,"PUNTER, KEVIN",FC Barcelona,BAR,14,3,6,50.0,1,6,16.7,5,5,100.0,4,12,33.3,2,BOTH_SCORED,True,False,False,False,False
E2024,320,Anadolu Efes Istanbul vs Panathinaikos AKTOR Athens,77,81,Q1,1,09:34,2FGM,2P,2,IN,True,Two Pointer (1/1 -  2 pt),P004088,"OSMAN, CEDI",Panathinaikos AKTOR Athens,PAN,9,2,3,66.7,1,3,33.3,2,2,100.0,3,6,50.0,Q4,40,00:01,3FGA,3P,3,OUT,False,Missed Three Pointer (3/6 -  17 pt),P007200,"LARKIN, SHANE",Anadolu Efes Istanbul,IST,,,,,,,,,,,,,,1,FIRST_ONLY,False,False,True,False,False
E2024,321,Paris Basketball vs Fenerbahce Beko Istanbul,88,98,Q1,1,09:33,3FGA,3P,3,OUT,False,Missed Three Pointer (0/1 -  0 pt),P009783,"COLSON, BONZIE",Fenerbahce Beko Istanbul,ULK,,,,,,,,,,,,,,OT,45,00:15,2FGA,2P,2,OUT,False,Missed Two Pointer (3/5 -  8 pt),P010560,"PIERRE, DYSHAWN",Fenerbahce Beko Istanbul,ULK,,,,,,,,,,,,,,0,BOTH_MISSED,False,True,False,False,False
E2024,322,Real Madrid vs Olympiacos Piraeus,84,86,Q1,1,09:37,2FGA,2P,2,OUT,False,Missed Two Pointer (0/1 -  0 pt),P011247,"FELIZ, ANDRES",Real Madrid,MAD,,,,,,,,,,,,,,Q4,40,00:00,3FGA,3P,3,OUT,False,Missed Three Pointer (1/4 -  7 pt),P003733,"ABALDE, ALBERTO",Real Madrid,MAD,,,,,,,,,,,,,,0,BOTH_MISSED,False,True,False,False,False
E2024,323,FC Barcelona vs AS Monaco,79,72,Q1,2,08:44,2FGM,2P,2,IN,True,Two Pointer (1/1 -  2 pt),P009862,"PUNTER, KEVIN",FC Barcelona,BAR,11,1,4,25.0,1,5,20.0,6,6,100.0,2,9,22.2,Q4,40,00:05,3FGA,3P,3,OUT,False,Missed Three Pointer (2/7 -  10 pt),P008099,"STRAZEL, MATTHEW",AS Monaco,MCO,,,,,,,,,,,,,,1,FIRST_ONLY,False,False,True,False,False
E2024,324,Anadolu Efes Istanbul vs Panathinaikos AKTOR Athens,85,82,Q1,1,09:44,3FGM,3P,3,IN,True,Three Pointer (1/1 -  3 pt),P011204,"GRANT, JERIAN",Panathinaikos AKTOR Athens,PAN,3,0,0,0.0,1,1,100.0,0,0,0.0,1,1,100.0,Q4,40,00:01,3FGM,3P,3,IN,True,Three Pointer (1/1 -  14 pt),P001926,"SLOUKAS, KOSTAS",Panathinaikos AKTOR Athens,PAN,14,2,4,50.0,1,1,100.0,7,7,100.0,3,5,60.0,2,BOTH_SCORED,True,False,False,False,False
E2024,325,AS Monaco vs FC Barcelona,85,84,Q1,1,09:21,2FGA,2P,2,OUT,False,Missed Two Pointer (0/1 -  0 pt),P004132,"THEIS, DANIEL",AS Monaco,MCO,,,,,,,,,,,,,,Q4,40,00:00,3FGA,3P,3,OUT,False,Missed Three Pointer (2/8 -  19 pt),P009862,"PUNTER, KEVIN",FC Barcelona,BAR,,,,,,,,,,,,,,0,BOTH_MISSED,False,True,False,False,False
E2024,326,Panathinaikos AKTOR Athens vs Anadolu Efes Istanbul,75,67,Q1,1,09:36,2FGA,2P,2,OUT,False,Missed Two Pointer (0/1 -  0 pt),P012742,"DOZIER JR, PERRY",Anadolu Efes Istanbul,IST,,,,,,,,,,,,,,Q4,38,02:29,3FGA,3P,3,OUT,False,Missed Three Pointer (2/11 -  12 pt),P012774,"NUNN, KENDRICK",Panathinaikos AKTOR Athens,PAN,,,,,,,,,,,,,,0,BOTH_MISSED,False,True,False,False,False
E2024,327,Olympiacos Piraeus vs AS Monaco,68,78,Q1,1,09:40,3FGA,3P,3,OUT,False,Missed Three Pointer (0/1 -  0 pt),P003469,"VEZENKOV, SASHA",Olympiacos Piraeus,OLY,,,,,,,,,,,,,,Q4,40,00:22,3FGA,3P,3,OUT,False,Missed Three Pointer (0/6 -  7 pt),P003469,"VEZENKOV, SASHA",Olympiacos Piraeus,OLY,,,,,,,,,,,,,,0,BOTH_MISSED,False,True,False,False,True
E2024,328,Fenerbahce Beko Istanbul vs Panathinaikos AKTOR Athens,82,76,Q1,1,09:09,2FGM,2P,2,IN,True,Two Pointer (1/1 -  2 pt),P004088,"OSMAN, CEDI",Panathinaikos AKTOR Athens,PAN,22,4,7,57.1,3,7,42.9,5,7,71.4,7,14,50.0,Q4,40,00:00,3FGA,3P,3,OUT,False,Missed Three Pointer (0/2 -  10 pt),P009863,"BALDWIN IV, WADE",Fenerbahce Beko Istanbul,ULK,,,,,,,,,,,,,,1,FIRST_ONLY,False,False,True,False,False
E2024,329,Olympiacos Piraeus vs Panathinaikos AKTOR Athens,97,93,Q1,1,09:40,3FGA,3P,3,OUT,False,Missed Three Pointer (0/1 -  0 pt),P008855,"WALKUP, THOMAS",Olympiacos Piraeus,OLY,,,,,,,,,,,,,,Q4,40,00:04,FTM,FT,1,IN,True,Free Throw In (4/4 -  32 pt),P008829,"PETERS, ALEC",Olympiacos Piraeus,OLY,32,5,7,71.4,6,11,54.5,4,4,100.0,11,18,61.1,1,LAST_ONLY,False,False,True,False,False
E2024,330,AS Monaco vs Fenerbahce Beko Istanbul,70,81,Q1,1,09:30,2FGA,2P,2,OUT,False,Missed Two Pointer (0/1 -  0 pt),P011205,"HALL, DEVON",Fenerbahce Beko Istanbul,ULK,,,,,,,,,,,,,,Q4,40,00:05,2FGM,2P,2,IN,True,Two Pointer (4/12 -  17 pt),P005985,"JAMES, MIKE",AS Monaco,MCO,17,4,12,33.3,2,7,28.6,3,4,75.0,6,19,31.6,1,LAST_ONLY,False,False,True,False,False
E2025,1,Anadolu Efes Istanbul vs Maccabi Rapyd Tel Aviv,85,78,Q1,1,09:39,2FGM,2P,2,IN,True,Two Pointer (1/1 -  2 pt),P014102,"JONES, KAI",Anadolu Efes Istanbul,IST,6,2,2,100.0,0,0,0.0,2,2,100.0,2,2,100.0,Q4,40,00:14,3FGA,3P,3,OUT,False,Missed Three Pointer (1/3 -  9 pt),P014127,"BRISSETT, O'SHAE J",Maccabi Rapyd Tel Aviv,TEL,,,,,,,,,,,,,,1,FIRST_ONLY,False,False,True,False,False
E2025,2,Baskonia Vitoria-Gasteiz vs Olympiacos Piraeus,96,102,Q1,1,09:33,3FGA,3P,3,OUT,False,Missed Three Pointer (0/1 -  0 pt),P011948,"HOWARD, MARKUS",Baskonia Vitoria-Gasteiz,BAS,,,,,,,,,,,,,,Q4,40,00:05,3FGA,3P,3,OUT,False,Missed Three Pointer (0/2 -  15 pt),P014086,"DIALLO, HAMIDOU",Baskonia Vitoria-Gasteiz,BAS,,,,,,,,,,,,,,0,BOTH_MISSED,False,True,False,False,False
E2025,3,Crvena Zvezda Meridianbet Belgrade vs EA7 Emporio Armani Milan,82,92,Q1,1,09:39,2FGA,2P,2,OUT,False,Missed Two Pointer (0/1 -  0 pt),P008985,"BOLMARO, LEANDRO",EA7 Emporio Armani Milan,MIL,,,,,,,,,,,,,,Q4,40,00:01,3FGA,3P,3,OUT,False,Missed Three Pointer (2/6 -  19 pt),P013363,"NWORA, JORDAN",Crvena Zvezda Meridianbet Belgrade,RED,,,,,,,,,,,,,,0,BOTH_MISSED,False,True,False,False,False
E2025,4,Dubai Basketball vs Partizan Mozzart Bet Belgrade,89,76,Q1,1,09:33,2FGM,2P,2,IN,True,Two Pointer (1/1 -  2 pt),P003458,"BERTANS, DAVIS",Dubai Basketball,DUB,20,1,1,100.0,5,7,71.4,3,4,75.0,6,8,75.0,Q4,40,00:01,2FGM,2P,2,IN,True,Two Pointer (4/7 -  11 pt),P011286,"BACON, DWAYNE",Dubai Basketball,DUB,11,4,7,57.1,1,2,50.0,0,0,0.0,5,9,55.6,2,BOTH_SCORED,True,False,False,False,False
E2025,5,Hapoel IBI Tel Aviv vs FC Barcelona,103,87,Q1,1,09:39,2FGA,2P,2,OUT,False,Missed Two Pointer (0/1 -  0 pt),P002939,"SATORANSKY, TOMAS",FC Barcelona,BAR,,,,,,,,,,,,,,Q4,40,00:00,2FGM,2P,2,IN,True,Two Pointer (3/7 -  11 pt),P009846,"BRYANT, ELIJAH",Hapoel IBI Tel Aviv,HTA,11,3,7,42.9,1,2,50.0,2,2,100.0,4,9,44.4,1,LAST_ONLY,False,False,True,False,False
E2025,6,Panathinaikos AKTOR Athens vs FC Bayern Munich,87,79,Q1,1,09:40,2FGA,2P,2,OUT,False,Missed Two Pointer (0/1 -  0 pt),P012608,"SHORTS, TJ",Panathinaikos AKTOR Athens,PAN,,,,,,,,,,,,,,Q4,40,00:04,FTM,FT,1,IN,True,Free Throw In (8/11 -  18 pt),P013378,"RATHAN-MAYES, XAVIER",FC Bayern Munich,MUN,18,2,7,28.6,2,5,40.0,8,11,72.7,4,12,33.3,1,LAST_ONLY,False,False,True,False,False
E2025,7,Virtus Bologna vs Real Madrid,74,68,Q1,1,09:44,FTM,FT,1,IN,True,Free Throw In (1/1 -  1 pt),P014006,"OKEKE, CHUMA",Real Madrid,MAD,6,1,3,33.3,1,5,20.0,1,2,50.0,2,8,25.0,Q4,40,00:01,3FGA,3P,3,OUT,False,Missed Three Pointer (0/1 -  4 pt),P011247,"FELIZ, ANDRES",Real Madrid,MAD,,,,,,,,,,,,,,1,FIRST_ONLY,False,False,True,False,False
E2025,8,Fenerbahce Beko Istanbul vs Paris Basketball,96,77,Q1,1,09:20,2FGM,2P,2,IN,True,Two Pointer (1/1 -  2 pt),P014008,"ROBINSON, JUSTIN",Paris Basketball,PRS,17,3,8,37.5,3,6,50.0,2,6,33.3,6,14,42.9,Q4,40,00:01,3FGM,3P,3,IN,True,Three Pointer (3/6 -  9 pt),P006961,"BIBEROVIC, TARIK",Fenerbahce Beko Istanbul,ULK,9,0,2,0.0,3,6,50.0,0,0,0.0,3,8,37.5,2,BOTH_SCORED,True,False,False,False,False
E2025,9,AS Monaco vs Zalgiris Kaunas,84,89,Q1,1,09:46,2FGM,2P,2,IN,True,Two Pointer (1/1 -  2 pt),P005985,"JAMES, MIKE",AS Monaco,MCO,24,8,12,66.7,2,7,28.6,2,2,100.0,10,19,52.6,Q4,38,02:44,3FGA,3P,3,OUT,False,Missed Three Pointer (2/6 -  18 pt),P005985,"JAMES, MIKE",AS Monaco,MCO,,,,,,,,,,,,,,1,FIRST_ONLY,False,False,True,False,True
E2025,10,LDLC ASVEL Villeurbanne vs Valencia Basket,77,80,Q1,1,09:47,3FGA,3P,3,OUT,False,Missed Three Pointer (0/1 -  0 pt),P010316,"AJINCA, MELVIN",LDLC ASVEL Villeurbanne,ASV,,,,,,,,,,,,,,Q4,40,00:05,FTM,FT,1,IN,True,Free Throw In (4/6 -  13 pt),P012738,"REUVERS, NATHAN",Valencia Basket,PAM,13,0,2,0.0,3,6,50.0,4,6,66.7,3,8,37.5,1,LAST_ONLY,False,False,True,False,False
E2025,11,FC Bayern Munich vs Crvena Zvezda Meridianbet Belgrade,97,88,Q1,1,09:36,2FGA,2P,2,OUT,False,Missed Two Pointer (0/1 -  0 pt),P009048,"MILLER-MCINTYRE, CODI",Crvena Zvezda Meridianbet Belgrade,RED,,,,,,,,,,,,,,Q4,40,00:18,3FGA,3P,3,OUT,False,Missed Three Pointer (2/6 -  13 pt),P011305,"CARTER, TYSON",Crvena Zvezda Meridianbet Belgrade,RED,,,,,,,,,,,,,,0,BOTH_MISSED,False,True,False,False,False
E2025,12,Partizan Mozzart Bet Belgrade vs EA7 Emporio Armani Milan,80,78,Q1,1,09:18,3FGM,3P,3,IN,True,Three Pointer (1/1 -  3 pt),P012720,"BROWN, STERLING",Partizan Mozzart Bet Belgrade,PAR,20,4,5,80.0,3,5,60.0,3,4,75.0,7,10,70.0,Q4,40,00:01,3FGA,3P,3,OUT,False,Missed Three Pointer (2/6 -  12 pt),P004004,"GUDURIC, MARKO",EA7 Emporio Armani Milan,MIL,,,,,,,,,,,,,,1,FIRST_ONLY,False,False,True,False,False
E2025,13,Real Madrid vs Olympiacos Piraeus,89,77,Q1,1,09:32,3FGA,3P,3,OUT,False,Missed Three Pointer (0/1 -  0 pt),P011247,"FELIZ, ANDRES",Real Madrid,MAD,,,,,,,,,,,,,,Q4,40,00:00,3FGM,3P,3,IN,True,Three Pointer (1/2 -  13 pt),P009005,"DECK, GABRIEL",Real Madrid,MAD,13,3,5,60.0,1,2,50.0,4,4,100.0,4,7,57.1,1,LAST_ONLY,False,False,True,False,False
E2025,14,Anadolu Efes Istanbul vs Hapoel IBI Tel Aviv,81,87,Q1,1,09:48,3FGA,3P,3,OUT,False,Missed Three Pointer (0/1 -  0 pt),P012609,"MALCOLM, COLLIN",Hapoel IBI Tel Aviv,HTA,,,,,,,,,,,,,,Q4,40,00:00,2FGA,2P,2,OUT,False,Missed Two Pointer (4/9 -  12 pt),P012788,"OTURU, DAN",Hapoel IBI Tel Aviv,HTA,,,,,,,,,,,,,,0,BOTH_MISSED,False,True,False,False,False
E2025,15,Maccabi Rapyd Tel Aviv vs Paris Basketball,94,101,Q1,1,09:47,3FGA,3P,3,OUT,False,Missed Three Pointer (0/1 -  0 pt),P014008,"ROBINSON, JUSTIN",Paris Basketball,PRS,,,,,,,,,,,,,,Q4,40,00:00,3FGM,3P,3,IN,True,Three Pointer (4/5 -  16 pt),P014123,"DOWTIN JR, JEFFREY",Maccabi Rapyd Tel Aviv,TEL,16,1,5,20.0,4,5,80.0,2,4,50.0,5,10,50.0,1,LAST_ONLY,False,False,True,False,False
E2025,16,AS Monaco vs Dubai Basketball,103,81,Q1,1,09:41,3FGA,3P,3,OUT,False,Missed Three Pointer (0/1 -  0 pt),P004132,"THEIS, DANIEL",AS Monaco,MCO,,,,,,,,,,,,,,Q4,32,08:00,FTM,FT,1,IN,True,Free Throw In (3/3 -  10 pt),P011194,"PETRUSEV, FILIP",Dubai Basketball,DUB,14,2,4,50.0,1,2,50.0,7,7,100.0,3,6,50.0,1,LAST_ONLY,False,False,True,False,False
E2025,17,LDLC ASVEL Villeurbanne vs Baskonia Vitoria-Gasteiz,102,95,Q1,1,09:39,2FGM,2P,2,IN,True,Two Pointer (1/1 -  2 pt),P013367,"FORREST, TRENT",Baskonia Vitoria-Gasteiz,BAS,11,3,6,50.0,1,3,33.3,2,2,100.0,4,9,44.4,Q4,40,00:00,3FGA,3P,3,OUT,False,Missed Three Pointer (0/3 -  11 pt),P003526,"LIGHTY, DAVID",LDLC ASVEL Villeurbanne,ASV,,,,,,,,,,,,,,1,FIRST_ONLY,False,False,True,False,False
E2025,18,Panathinaikos AKTOR Athens vs FC Barcelona,96,103,Q1,1,09:46,3FGM,3P,3,IN,True,Three Pointer (1/1 -  3 pt),P004888,"CLYBURN, WILL",FC Barcelona,BAR,23,5,9,55.6,4,5,80.0,1,2,50.0,9,14,64.3,Q4,40,00:00,3FGM,3P,3,IN,True,Three Pointer (2/3 -  18 pt),P001926,"SLOUKAS, KOSTAS",Panathinaikos AKTOR Athens,PAN,18,2,9,22.2,2,3,66.7,8,8,100.0,4,12,33.3,2,BOTH_SCORED,True,False,False,False,False
E2025,19,Valencia Basket vs Virtus Bologna,103,94,Q1,1,09:42,2FGA,2P,2,OUT,False,Missed Two Pointer (0/1 -  0 pt),P010750,"DE LARREA, SERGIO",Valencia Basket,PAM,,,,,,,,,,,,,,Q4,40,00:05,2FGM,2P,2,IN,True,Two Pointer (7/9 -  24 pt),P012585,"MORGAN, MATTHEW",Virtus Bologna,VIR,24,7,9,77.8,3,7,42.9,1,1,100.0,10,16,62.5,1,LAST_ONLY,False,False,True,False,False
E2025,20,Zalgiris Kaunas vs Fenerbahce Beko Istanbul,84,81,Q1,1,09:34,FTM,FT,1,IN,True,Free Throw In (1/1 -  1 pt),P007982,"WILLIAMS-GOSS, NIGEL",Zalgiris Kaunas,ZAL,20,7,8,87.5,0,3,0.0,6,7,85.7,7,11,63.6,Q4,40,00:03,3FGA,3P,3,OUT,False,Missed Three Pointer (1/6 -  5 pt),P002849,"MELLI, NICOLO",Fenerbahce Beko Istanbul,ULK,,,,,,,,,,,,,,1,FIRST_ONLY,False,False,True,False,False
E2025,21,Hapoel IBI Tel Aviv vs Maccabi Rapyd Tel Aviv,90,103,Q1,1,09:46,3FGA,3P,3,OUT,False,Missed Three Pointer (0/1 -  0 pt),P013284,"WAINRIGHT, ISH",Hapoel IBI Tel Aviv,HTA,,,,,,,,,,,,,,Q4,40,00:00,3FGA,3P,3,OUT,False,Missed Three Pointer (1/6 -  18 pt),P009846,"BRYANT, ELIJAH",Hapoel IBI Tel Aviv,HTA,,,,,,,,,,,,,,0,BOTH_MISSED,False,True,False,False,False
E2025,22,Baskonia Vitoria-Gasteiz vs Panathinaikos AKTOR Athens,84,86,Q1,1,09:43,2FGA,2P,2,OUT,False,Missed Two Pointer (0/1 -  0 pt),P012774,"NUNN, KENDRICK",Panathinaikos AKTOR Athens,PAN,,,,,,,,,,,,,,Q4,40,00:00,2FGM,2P,2,IN,True,Two Pointer (9/13 -  30 pt),P012774,"NUNN, KENDRICK",Panathinaikos AKTOR Athens,PAN,30,9,13,69.2,3,7,42.9,3,3,100.0,12,20,60.0,1,LAST_ONLY,False,False,True,False,True
E2025,23,EA7 Emporio Armani Milan vs AS Monaco,79,82,Q1,1,09:51,2FGA,2P,2,OUT,False,Missed Two Pointer (0/1 -  0 pt),P008985,"BOLMARO, LEANDRO",EA7 Emporio Armani Milan,MIL,,,,,,,,,,,,,,Q4,40,00:00,3FGA,3P,3,OUT,False,Missed Three Pointer (1/3 -  12 pt),P009622,"BROWN, LORENZO",EA7 Emporio Armani Milan,MIL,,,,,,,,,,,,,,0,BOTH_MISSED,False,True,False,False,False
E2025,24,Paris Basketball vs Virtus Bologna,90,79,Q1,1,09:45,3FGA,3P,3,OUT,False,Missed Three Pointer (0/1 -  0 pt),P011987,"EDWARDS, CARSEN",Virtus Bologna,VIR,,,,,,,,,,,,,,Q4,40,00:01,2FGM,2P,2,IN,True,Two Pointer (5/6 -  21 pt),P012585,"MORGAN, MATTHEW",Virtus Bologna,VIR,21,5,6,83.3,3,7,42.9,2,2,100.0,8,13,61.5,1,LAST_ONLY,False,False,True,False,False
E2025,25,Real Madrid vs LDLC ASVEL Villeurbanne,85,72,Q1,1,09:44,2FGM,2P,2,IN,True,Two Pointer (1/1 -  2 pt),P005791,"TAVARES, WALTER",Real Madrid,MAD,8,3,3,100.0,0,0,0.0,2,2,100.0,3,3,100.0,Q4,40,00:00,2FGM,2P,2,IN,True,Two Pointer (3/8 -  12 pt),P009556,"NGOUAMA, MEHDY",LDLC ASVEL Villeurbanne,ASV,12,3,8,37.5,2,5,40.0,0,0,0.0,5,13,38.5,2,BOTH_SCORED,True,False,False,False,False
E2025,26,Partizan Mozzart Bet Belgrade vs Anadolu Efes Istanbul,93,87,Q1,1,09:47,2FGM,2P,2,IN,True,Two Pointer (1/1 -  2 pt),P011981,"JONES, TYRIQUE",Partizan Mozzart Bet Belgrade,PAR,16,6,9,66.7,0,0,0.0,4,5,80.0,6,9,66.7,Q4,40,00:01,3FGA,3P,3,OUT,False,Missed Three Pointer (1/4 -  6 pt),P009754,"LOYD, JORDAN",Anadolu Efes Istanbul,IST,,,,,,,,,,,,,,1,FIRST_ONLY,False,False,True,False,False
E2025,27,Olympiacos Piraeus vs Dubai Basketball,86,67,Q1,1,09:42,3FGA,3P,3,OUT,False,Missed Three Pointer (0/1 -  0 pt),P003458,"BERTANS, DAVIS",Dubai Basketball,DUB,,,,,,,,,,,,,,Q4,40,00:01,2FGM,2P,2,IN,True,Two Pointer (1/3 -  5 pt),P012610,"WARD, TYSON",Olympiacos Piraeus,OLY,5,1,3,33.3,1,2,50.0,0,2,0.0,2,5,40.0,1,LAST_ONLY,False,False,True,False,False
E2025,28,FC Barcelona vs Valencia Basket,108,102,Q1,1,09:48,2FGM,2P,2,IN,True,Two Pointer (1/1 -  2 pt),P014115,"MOORE, OMARI",Valencia Basket,PAM,21,6,7,85.7,2,5,40.0,3,4,75.0,8,12,66.7,Q4,40,00:00,2FGA,2P,2,OUT,False,Missed Two Pointer (4/5 -  19 pt),P011078,"THOMPSON, DARIUS",Valencia Basket,PAM,,,,,,,,,,,,,,1,FIRST_ONLY,False,False,True,False,False
E2025,29,FC Bayern Munich vs Zalgiris Kaunas,70,98,Q1,1,09:43,2FGM,2P,2,IN,True,Two Pointer (1/1 -  2 pt),P013378,"RATHAN-MAYES, XAVIER",FC Bayern Munich,MUN,13,5,11,45.5,1,3,33.3,0,0,0.0,6,14,42.9,Q4,40,00:06,2FGM,2P,2,IN,True,Two Pointer (1/3 -  2 pt),P011983,"BRAZDEIKIS, IGNAS",Zalgiris Kaunas,ZAL,2,1,3,33.3,0,1,0.0,0,0,0.0,1,4,25.0,2,BOTH_SCORED,True,False,False,False,False
E2025,30,Fenerbahce Beko Istanbul vs Crvena Zvezda Meridianbet Belgrade,81,86,Q1,1,09:39,2FGM,2P,2,IN,True,Two Pointer (1/1 -  2 pt),PLCZ,"MOTIEJUNAS, DONATAS",Crvena Zvezda Meridianbet Belgrade,RED,13,5,5,100.0,0,0,0.0,3,6,50.0,5,5,100.0,Q4,40,00:01,FTM,FT,1,IN,True,Free Throw In (3/4 -  11 pt),P013363,"NWORA, JORDAN",Crvena Zvezda Meridianbet Belgrade,RED,11,4,5,80.0,0,3,0.0,3,4,75.0,4,8,50.0,2,BOTH_SCORED,True,False,False,False,False
E2025,31,Crvena Zvezda Meridianbet Belgrade vs Zalgiris Kaunas,88,79,Q1,1,09:43,2FGM,2P,2,IN,True,Two Pointer (1/1 -  2 pt),P011927,"SLEVA, DUSTIN",Zalgiris Kaunas,ZAL,2,1,2,50.0,0,2,0.0,0,2,0.0,1,4,25.0,Q4,40,00:01,3FGM,3P,3,IN,True,Three Pointer (2/4 -  14 pt),P002676,"BUTKEVICIUS, ARNAS",Zalgiris Kaunas,ZAL,14,4,4,100.0,2,4,50.0,0,0,0.0,6,8,75.0,2,BOTH_SCORED,True,False,False,False,False
E2025,32,FC Bayern Munich vs EA7 Emporio Armani Milan,64,53,Q1,1,09:37,3FGA,3P,3,OUT,False,Missed Three Pointer (0/1 -  0 pt),P001288,"LUCIC, VLADIMIR",FC Bayern Munich,MUN,,,,,,,,,,,,,,Q4,40,00:02,2FGM,2P,2,IN,True,Two Pointer (1/3 -  3 pt),P004004,"GUDURIC, MARKO",EA7 Emporio Armani Milan,MIL,3,1,3,33.3,0,2,0.0,1,2,50.0,1,5,20.0,1,LAST_ONLY,False,False,True,False,False
E2025,33,Fenerbahce Beko Istanbul vs Dubai Basketball,69,93,Q1,1,09:44,2FGM,2P,2,IN,True,Two Pointer (1/1 -  2 pt),P011205,"HALL, DEVON",Fenerbahce Beko Istanbul,ULK,10,2,2,100.0,0,1,0.0,6,6,100.0,2,3,66.7,Q4,40,00:47,2FGA,2P,2,OUT,False,Missed Two Pointer (4/7 -  11 pt),P011194,"PETRUSEV, FILIP",Dubai Basketball,DUB,,,,,,,,,,,,,,1,FIRST_ONLY,False,False,True,False,False
E2025,34,Olympiacos Piraeus vs Anadolu Efes Istanbul,78,82,Q1,1,09:44,2FGA,2P,2,OUT,False,Missed Two Pointer (0/1 -  0 pt),P012710,"OSMANI, ERCAN",Anadolu Efes Istanbul,IST,,,,,,,,,,,,,,Q4,40,00:01,3FGA,3P,3,OUT,False,Missed Three Pointer (0/4 -  9 pt),P006591,"NTILIKINA, FRANK",Olympiacos Piraeus,OLY,,,,,,,,,,,,,,0,BOTH_MISSED,False,True,False,False,False
E2025,35,Maccabi Rapyd Tel Aviv vs FC Barcelona,71,92,Q1,1,09:48,2FGM,2P,2,IN,True,Two Pointer (1/1 -  2 pt),P012885,"KEITA, SAYON",FC Barcelona,BAR,4,2,3,66.7,0,0,0.0,0,0,0.0,2,3,66.7,Q4,40,00:10,2FGM,2P,2,IN,True,Two Pointer (1/2 -  18 pt),P013289,"SANTOS, MARCIO",Maccabi Rapyd Tel Aviv,TEL,18,1,2,50.0,4,4,100.0,4,4,100.0,5,6,83.3,2,BOTH_SCORED,True,False,False,False,False
E2025,36,Panathinaikos AKTOR Athens vs LDLC ASVEL Villeurbanne,91,85,Q1,1,09:34,2FGM,2P,2,IN,True,Two Pointer (1/1 -  2 pt),P012618,"MASSA, BODIAN",LDLC ASVEL Villeurbanne,ASV,5,2,7,28.6,0,0,0.0,1,1,100.0,2,7,28.6,Q4,40,00:03,FTA,FT,1,OUT,False,Missed Free Throw (0/2 -  2 pt),P012731,"NDIAYE, MBAYE",LDLC ASVEL Villeurbanne,ASV,,,,,,,,,,,,,,1,FIRST_ONLY,False,False,True,False,False
E2025,37,Paris Basketball vs Baskonia Vitoria-Gasteiz,105,87,Q1,1,09:43,2FGM,2P,2,IN,True,Two Pointer (1/1 -  2 pt),P012403,"FAYE, MOUHAMED",Paris Basketball,PRS,6,3,4,75.0,0,0,0.0,0,2,0.0,3,4,75.0,Q4,40,00:00,3FGA,3P,3,OUT,False,Missed Three Pointer (0/4 -  15 pt),P014086,"DIALLO, HAMIDOU",Baskonia Vitoria-Gasteiz,BAS,,,,,,,,,,,,,,1,FIRST_ONLY,False,False,True,False,False
E2025,38,Real Madrid vs Partizan Mozzart Bet Belgrade,93,86,Q1,1,09:38,2FGA,2P,2,OUT,False,Missed Two Pointer (0/1 -  0 pt),P006760,"BONGA, ISAAC",Partizan Mozzart Bet Belgrade,PAR,,,,,,,,,,,,,,Q4,35,05:50,3FGM,3P,3,IN,True,Three Pointer (3/5 -  17 pt),P012745,"PARKER, JABARI",Partizan Mozzart Bet Belgrade,PAR,23,5,7,71.4,3,5,60.0,4,4,100.0,8,12,66.7,1,LAST_ONLY,False,False,True,False,False
E2025,39,Valencia Basket vs Hapoel IBI Tel Aviv,93,100,Q1,1,09:43,3FGA,3P,3,OUT,False,Missed Three Pointer (0/1 -  0 pt),P011078,"THOMPSON, DARIUS",Valencia Basket,PAM,,,,,,,,,,,,,,Q4,40,00:02,3FGA,3P,3,OUT,False,Missed Three Pointer (1/7 -  13 pt),P011078,"THOMPSON, DARIUS",Valencia Basket,PAM,,,,,,,,,,,,,,0,BOTH_MISSED,False,True,False,False,True
E2025,40,Virtus Bologna vs AS Monaco,77,73,Q1,1,09:42,3FGM,3P,3,IN,True,Three Pointer (1/1 -  3 pt),P011987,"EDWARDS, CARSEN",Virtus Bologna,VIR,24,4,5,80.0,3,10,30.0,7,7,100.0,7,15,46.7,Q4,40,00:04,3FGA,3P,3,OUT,False,Missed Three Pointer (1/4 -  10 pt),P005985,"JAMES, MIKE",AS Monaco,MCO,,,,,,,,,,,,,,1,FIRST_ONLY,False,False,True,False,False
E2025,41,Dubai Basketball vs FC Barcelona,83,78,Q1,1,09:36,2FGM,2P,2,IN,True,Two Pointer (1/1 -  2 pt),P012796,"KABENGELE, MFIONDU",Dubai Basketball,DUB,10,4,8,50.0,0,2,0.0,2,2,100.0,4,10,40.0,Q4,40,00:01,2FGA,2P,2,OUT,False,Missed Two Pointer (3/5 -  19 pt),P009992,"BRIZUELA, DARIO",FC Barcelona,BAR,,,,,,,,,,,,,,1,FIRST_ONLY,False,False,True,False,False
E2025,42,Fenerbahce Beko Istanbul vs FC Bayern Munich,88,73,Q1,1,09:37,2FGM,2P,2,IN,True,Two Pointer (1/1 -  2 pt),P011836,"MIKE, ISIAHA",FC Bayern Munich,MUN,13,4,6,66.7,0,1,0.0,5,7,71.4,4,7,57.1,Q4,34,06:57,3FGA,3P,3,OUT,False,Missed Three Pointer (1/4 -  10 pt),P011205,"HALL, DEVON",Fenerbahce Beko Istanbul,ULK,,,,,,,,,,,,,,1,FIRST_ONLY,False,False,True,False,False
E2025,43,Maccabi Rapyd Tel Aviv vs Olympiacos Piraeus,94,95,Q1,1,09:46,2FGA,2P,2,OUT,False,Missed Two Pointer (0/1 -  0 pt),P013403,"WALKER IV, LONNIE",Maccabi Rapyd Tel Aviv,TEL,,,,,,,,,,,,,,Q4,40,00:01,3FGA,3P,3,OUT,False,Missed Three Pointer (1/5 -  15 pt),P013403,"WALKER IV, LONNIE",Maccabi Rapyd Tel Aviv,TEL,,,,,,,,,,,,,,0,BOTH_MISSED,False,True,False,False,True
E2025,44,Zalgiris Kaunas vs EA7 Emporio Armani Milan,78,89,Q1,1,09:47,3FGM,3P,3,IN,True,Three Pointer (1/1 -  3 pt),P008985,"BOLMARO, LEANDRO",EA7 Emporio Armani Milan,MIL,10,1,4,25.0,2,2,100.0,2,2,100.0,3,6,50.0,Q4,40,00:05,2FGA,2P,2,OUT,False,Missed Two Pointer (1/4 -  10 pt),P008985,"BOLMARO, LEANDRO",EA7 Emporio Armani Milan,MIL,,,,,,,,,,,,,,1,FIRST_ONLY,False,False,True,False,True
E2025,45,Anadolu Efes Istanbul vs Panathinaikos AKTOR Athens,81,95,Q1,1,09:49,2FGA,2P,2,OUT,False,Missed Two Pointer (0/1 -  0 pt),P005353,"YURTSEVEN, OMER",Panathinaikos AKTOR Athens,PAN,,,,,,,,,,,,,,Q4,40,00:01,3FGA,3P,3,OUT,False,Missed Three Pointer (0/3 -  3 pt),P011209,"KALAITZAKIS, PANAGIOTIS",Panathinaikos AKTOR Athens,PAN,,,,,,,,,,,,,,0,BOTH_MISSED,False,True,False,False,False
E2025,46,AS Monaco vs Valencia Basket,90,84,Q1,1,09:35,2FGA,2P,2,OUT,False,Missed Two Pointer (0/1 -  0 pt),P011231,"BLOSSOMGAME, JARON",AS Monaco,MCO,,,,,,,,,,,,,,Q4,40,00:00,3FGA,3P,3,OUT,False,Missed Three Pointer (0/6 -  9 pt),P005985,"JAMES, MIKE",AS Monaco,MCO,,,,,,,,,,,,,,0,BOTH_MISSED,False,True,False,False,False
E2025,47,Baskonia Vitoria-Gasteiz vs Partizan Mozzart Bet Belgrade,79,91,Q1,1,09:34,2FGA,2P,2,OUT,False,Missed Two Pointer (0/1 -  0 pt),P011981,"JONES, TYRIQUE",Partizan Mozzart Bet Belgrade,PAR,,,,,,,,,,,,,,Q4,40,00:00,3FGA,3P,3,OUT,False,Missed Three Pointer (3/10 -  19 pt),P012080,"LUWAWU-CABARROT, TIMOTHE",Baskonia Vitoria-Gasteiz,BAS,,,,,,,,,,,,,,0,BOTH_MISSED,False,True,False,False,False
E2025,48,Crvena Zvezda Meridianbet Belgrade vs Real Madrid,90,75,Q1,1,09:56,2FGM,2P,2,IN,True,Two Pointer (1/1 -  2 pt),P013363,"NWORA, JORDAN",Crvena Zvezda Meridianbet Belgrade,RED,18,4,9,44.4,1,2,50.0,7,7,100.0,5,11,45.5,Q4,40,00:00,2FGM,2P,2,IN,True,Two Pointer (4/9 -  18 pt),P013363,"NWORA, JORDAN",Crvena Zvezda Meridianbet Belgrade,RED,18,4,9,44.4,1,2,50.0,7,7,100.0,5,11,45.5,2,BOTH_SCORED,True,False,False,False,True
E2025,49,LDLC ASVEL Villeurbanne vs Virtus Bologna,83,90,Q1,1,09:42,3FGA,3P,3,OUT,False,Missed Three Pointer (0/1 -  0 pt),P011987,"EDWARDS, CARSEN",Virtus Bologna,VIR,,,,,,,,,,,,,,Q4,35,05:01,2FGM,2P,2,IN,True,Two Pointer (4/5 -  11 pt),P012731,"NDIAYE, MBAYE",LDLC ASVEL Villeurbanne,ASV,11,4,5,80.0,1,4,25.0,0,0,0.0,5,9,55.6,1,LAST_ONLY,False,False,True,False,False
E2025,50,Paris Basketball vs Hapoel IBI Tel Aviv,88,89,Q1,1,09:42,3FGA,3P,3,OUT,False,Missed Three Pointer (0/1 -  0 pt),P011949,"HOMMES, DAULTON",Paris Basketball,PRS,,,,,,,,,,,,,,Q4,40,00:00,2FGA,2P,2,OUT,False,Missed Two Pointer (5/14 -  23 pt),P012640,"HIFI, NADIR",Paris Basketball,PRS,,,,,,,,,,,,,,0,BOTH_MISSED,False,True,False,False,False
E2025,51,Maccabi Rapyd Tel Aviv vs Real Madrid,92,91,Q1,1,09:42,2FGA,2P,2,OUT,False,Missed Two Pointer (0/1 -  0 pt),P003108,"HEZONJA, MARIO",Real Madrid,MAD,,,,,,,,,,,,,,Q4,40,00:03,2FGA,2P,2,OUT,False,Missed Two Pointer (7/11 -  24 pt),P003108,"HEZONJA, MARIO",Real Madrid,MAD,,,,,,,,,,,,,,0,BOTH_MISSED,False,True,False,False,True
E2025,52,Crvena Zvezda Meridianbet Belgrade vs Baskonia Vitoria-Gasteiz,90,72,Q1,1,09:36,2FGM,2P,2,IN,True,Two Pointer (1/1 -  2 pt),P013363,"NWORA, JORDAN",Crvena Zvezda Meridianbet Belgrade,RED,19,4,8,50.0,2,3,66.7,5,8,62.5,6,11,54.5,Q4,40,00:02,3FGA,3P,3,OUT,False,Missed Three Pointer (0/5 -  2 pt),P007230,"SEDEKERSKIS, TADAS",Baskonia Vitoria-Gasteiz,BAS,,,,,,,,,,,,,,1,FIRST_ONLY,False,False,True,False,False
E2025,53,EA7 Emporio Armani Milan vs Valencia Basket,100,103,Q1,1,09:37,3FGA,3P,3,OUT,False,Missed Three Pointer (0/1 -  0 pt),P007831,"SHIELDS, SHAVON",EA7 Emporio Armani Milan,MIL,,,,,,,,,,,,,,Q4,40,00:03,3FGA,3P,3,OUT,False,Missed Three Pointer (4/7 -  16 pt),P013384,"BROOKS, ARMONI",EA7 Emporio Armani Milan,MIL,,,,,,,,,,,,,,0,BOTH_MISSED,False,True,False,False,False
E2025,54,FC Barcelona vs Zalgiris Kaunas,73,88,Q1,1,09:41,2FGA,2P,2,OUT,False,Missed Two Pointer (0/1 -  0 pt),P007982,"WILLIAMS-GOSS, NIGEL",Zalgiris Kaunas,ZAL,,,,,,,,,,,,,,Q4,40,00:03,3FGA,3P,3,OUT,False,Missed Three Pointer (3/5 -  9 pt),P009948,"MARCOS, JUANI",FC Barcelona,BAR,,,,,,,,,,,,,,0,BOTH_MISSED,False,True,False,False,False
E2025,55,Hapoel IBI Tel Aviv vs AS Monaco,85,77,Q1,1,09:48,3FGM,3P,3,IN,True,Three Pointer (1/1 -  3 pt),P012609,"MALCOLM, COLLIN",Hapoel IBI Tel Aviv,HTA,11,1,3,33.3,3,3,100.0,0,0,0.0,4,6,66.7,Q4,40,00:02,2FGA,2P,2,OUT,False,Missed Two Pointer (2/3 -  6 pt),P009846,"BRYANT, ELIJAH",Hapoel IBI Tel Aviv,HTA,,,,,,,,,,,,,,1,FIRST_ONLY,False,False,True,False,False
E2025,56,LDLC ASVEL Villeurbanne vs Dubai Basketball,85,79,Q1,1,09:47,3FGA,3P,3,OUT,False,Missed Three Pointer (0/1 -  0 pt),P012796,"KABENGELE, MFIONDU",Dubai Basketball,DUB,,,,,,,,,,,,,,Q4,40,00:00,2FGM,2P,2,IN,True,Two Pointer (1/2 -  8 pt),P014088,"SELJAAS, ZACHARY",LDLC ASVEL Villeurbanne,ASV,8,1,2,50.0,2,6,33.3,0,0,0.0,3,8,37.5,1,LAST_ONLY,False,False,True,False,False
E2025,57,Anadolu Efes Istanbul vs Fenerbahce Beko Istanbul,69,79,Q1,1,09:29,3FGM,3P,3,IN,True,Three Pointer (1/1 -  3 pt),P007200,"LARKIN, SHANE",Anadolu Efes Istanbul,IST,13,2,3,66.7,2,5,40.0,3,4,75.0,4,8,50.0,Q4,40,00:01,3FGA,3P,3,OUT,False,Missed Three Pointer (0/3 -  10 pt),P009549,"CORDINIER, ISAIA",Anadolu Efes Istanbul,IST,,,,,,,,,,,,,,1,FIRST_ONLY,False,False,True,False,False
E2025,58,FC Bayern Munich vs Olympiacos Piraeus,71,96,Q1,1,09:43,2FGM,2P,2,IN,True,Two Pointer (1/1 -  2 pt),P004508,"OBST, ANDREAS",FC Bayern Munich,MUN,15,3,4,75.0,3,6,50.0,0,0,0.0,6,10,60.0,Q4,40,00:00,3FGA,3P,3,OUT,False,Missed Three Pointer (3/7 -  19 pt),P009849,"DORSEY, TYLER",Olympiacos Piraeus,OLY,,,,,,,,,,,,,,1,FIRST_ONLY,False,False,True,False,False
E2025,59,Partizan Mozzart Bet Belgrade vs Paris Basketball,83,101,Q1,1,09:41,2FGM,2P,2,IN,True,Two Pointer (1/1 -  2 pt),P012720,"BROWN, STERLING",Partizan Mozzart Bet Belgrade,PAR,25,4,5,80.0,5,13,38.5,2,2,100.0,9,18,50.0,Q4,40,00:01,3FGA,3P,3,OUT,False,Missed Three Pointer (0/2 -  2 pt),P007736,"LAKIC, ARIJAN",Partizan Mozzart Bet Belgrade,PAR,,,,,,,,,,,,,,1,FIRST_ONLY,False,False,True,False,False
E2025,60,Virtus Bologna vs Panathinaikos AKTOR Athens,92,75,Q1,1,09:44,2FGA,2P,2,OUT,False,Missed Two Pointer (0/1 -  0 pt),P005422,"JALLOW, KARIM",Virtus Bologna,VIR,,,,,,,,,,,,,,Q4,40,00:09,FTM,FT,1,IN,True,Free Throw In (6/6 -  19 pt),P012774,"NUNN, KENDRICK",Panathinaikos AKTOR Athens,PAN,19,5,11,45.5,1,3,33.3,6,6,100.0,6,14,42.9,1,LAST_ONLY,False,False,True,False,False
E2025,61,Baskonia Vitoria-Gasteiz vs Dubai Basketball,92,85,Q1,1,09:41,3FGM,3P,3,IN,True,Three Pointer (1/1 -  3 pt),P014031,"KONDIC, KOSTA",Dubai Basketball,DUB,10,0,0,0.0,3,5,60.0,1,1,100.0,3,5,60.0,Q4,40,00:03,3FGA,3P,3,OUT,False,Missed Three Pointer (6/12 -  19 pt),P003458,"BERTANS, DAVIS",Dubai Basketball,DUB,,,,,,,,,,,,,,1,FIRST_ONLY,False,False,True,False,False
E2025,62,Crvena Zvezda Meridianbet Belgrade vs LDLC ASVEL Villeurbanne,79,65,Q1,1,09:37,3FGM,3P,3,IN,True,Three Pointer (1/1 -  3 pt),P003526,"LIGHTY, DAVID",LDLC ASVEL Villeurbanne,ASV,3,0,2,0.0,1,2,50.0,0,0,0.0,1,4,25.0,Q4,40,00:26,3FGA,3P,3,OUT,False,Missed Three Pointer (1/4 -  3 pt),P012268,"ATAMNA, ADAM",LDLC ASVEL Villeurbanne,ASV,,,,,,,,,,,,,,1,FIRST_ONLY,False,False,True,False,False
E2025,63,FC Barcelona vs EA7 Emporio Armani Milan,74,72,Q1,1,09:47,3FGA,3P,3,OUT,False,Missed Three Pointer (0/1 -  0 pt),P007056,"BOOKER, DEVIN",EA7 Emporio Armani Milan,MIL,,,,,,,,,,,,,,Q4,40,00:00,3FGA,3P,3,OUT,False,Missed Three Pointer (1/6 -  12 pt),P007831,"SHIELDS, SHAVON",EA7 Emporio Armani Milan,MIL,,,,,,,,,,,,,,0,BOTH_MISSED,False,True,False,False,False
E2025,64,FC Bayern Munich vs Real Madrid,90,84,Q1,1,09:39,3FGM,3P,3,IN,True,Three Pointer (1/1 -  3 pt),P007201,"VOIGTMANN, JOHANNES",FC Bayern Munich,MUN,3,0,1,0.0,1,2,50.0,0,0,0.0,1,3,33.3,Q4,40,00:00,3FGM,3P,3,IN,True,Three Pointer (2/4 -  15 pt),P007027,"MALEDON, THEO",Real Madrid,MAD,15,2,3,66.7,2,4,50.0,5,5,100.0,4,7,57.1,2,BOTH_SCORED,True,False,False,False,False
E2025,65,Panathinaikos AKTOR Athens vs Maccabi Rapyd Tel Aviv,99,85,Q1,1,09:34,2FGM,2P,2,IN,True,Two Pointer (1/1 -  2 pt),P005353,"YURTSEVEN, OMER",Panathinaikos AKTOR Athens,PAN,16,6,9,66.7,0,0,0.0,4,6,66.7,6,9,66.7,Q4,40,00:01,2FGM,2P,2,IN,True,Two Pointer (2/2 -  4 pt),P011209,"KALAITZAKIS, PANAGIOTIS",Panathinaikos AKTOR Athens,PAN,4,2,2,100.0,0,0,0.0,0,0,0.0,2,2,100.0,2,BOTH_SCORED,True,False,False,False,False
E2025,66,Paris Basketball vs Anadolu Efes Istanbul,80,90,Q1,1,09:47,2FGA,2P,2,OUT,False,Missed Two Pointer (0/1 -  0 pt),P012640,"HIFI, NADIR",Paris Basketball,PRS,,,,,,,,,,,,,,Q4,40,00:06,FTM,FT,1,IN,True,Free Throw In (4/6 -  18 pt),P012710,"OSMANI, ERCAN",Anadolu Efes Istanbul,IST,18,7,10,70.0,0,2,0.0,4,6,66.7,7,12,58.3,1,LAST_ONLY,False,False,True,False,False
E2025,67,Valencia Basket vs Fenerbahce Beko Istanbul,94,79,Q1,1,09:47,2FGA,2P,2,OUT,False,Missed Two Pointer (0/1 -  0 pt),P010042,"MONTERO, JEAN",Valencia Basket,PAM,,,,,,,,,,,,,,Q4,40,00:47,2FGM,2P,2,IN,True,Two Pointer (3/3 -  9 pt),P010393,"PRADILLA, JAIME",Valencia Basket,PAM,9,3,3,100.0,1,2,50.0,0,0,0.0,4,5,80.0,1,LAST_ONLY,False,False,True,False,False
E2025,68,Zalgiris Kaunas vs Virtus Bologna,86,65,Q1,1,09:42,2FGM,2P,2,IN,True,Two Pointer (1/1 -  2 pt),P007975,"FRANCISCO, SYLVAIN",Zalgiris Kaunas,ZAL,23,4,5,80.0,3,6,50.0,6,8,75.0,7,11,63.6,Q4,40,00:04,3FGM,3P,3,IN,True,Three Pointer (3/6 -  23 pt),P007975,"FRANCISCO, SYLVAIN",Zalgiris Kaunas,ZAL,23,4,5,80.0,3,6,50.0,6,8,75.0,7,11,63.6,2,BOTH_SCORED,True,False,False,False,True
E2025,69,Hapoel IBI Tel Aviv vs Partizan Mozzart Bet Belgrade,97,84,Q1,1,09:47,2FGM,2P,2,IN,True,Two Pointer (1/1 -  2 pt),P012609,"MALCOLM, COLLIN",Hapoel IBI Tel Aviv,HTA,17,4,4,100.0,3,4,75.0,0,0,0.0,7,8,87.5,Q4,40,00:08,2FGM,2P,2,IN,True,Two Pointer (2/5 -  12 pt),P010568,"JONES, CHRIS",Hapoel IBI Tel Aviv,HTA,12,2,5,40.0,2,2,100.0,2,2,100.0,4,7,57.1,2,BOTH_SCORED,True,False,False,False,False
E2025,70,Olympiacos Piraeus vs AS Monaco,87,92,Q1,1,09:50,2FGA,2P,2,OUT,False,Missed Two Pointer (0/1 -  0 pt),P009849,"DORSEY, TYLER",Olympiacos Piraeus,OLY,,,,,,,,,,,,,,Q4,40,00:02,2FGM,2P,2,IN,True,Two Pointer (8/9 -  27 pt),P011226,"DIALLO, ALPHA",AS Monaco,MCO,27,8,9,88.9,3,4,75.0,2,2,100.0,11,13,84.6,1,LAST_ONLY,False,False,True,False,False
E2025,71,EA7 Emporio Armani Milan vs Paris Basketball,86,77,Q1,1,09:35,3FGA,3P,3,OUT,False,Missed Three Pointer (0/1 -  0 pt),P012640,"HIFI, NADIR",Paris Basketball,PRS,,,,,,,,,,,,,,Q4,40,00:00,3FGA,3P,3,OUT,False,Missed Three Pointer (1/3 -  11 pt),P014008,"ROBINSON, JUSTIN",Paris Basketball,PRS,,,,,,,,,,,,,,0,BOTH_MISSED,False,True,False,False,False
E2025,72,FC Bayern Munich vs Virtus Bologna,86,70,Q1,1,09:45,3FGA,3P,3,OUT,False,Missed Three Pointer (0/1 -  0 pt),P011987,"EDWARDS, CARSEN",Virtus Bologna,VIR,,,,,,,,,,,,,,Q4,40,00:06,2FGA,2P,2,OUT,False,Missed Two Pointer (0/3 -  1 pt),P013374,"DIOUF, MOUHAMET",Virtus Bologna,VIR,,,,,,,,,,,,,,0,BOTH_MISSED,False,True,False,False,False
E2025,73,Maccabi Rapyd Tel Aviv vs Crvena Zvezda Meridianbet Belgrade,92,99,Q1,1,09:46,2FGA,2P,2,OUT,False,Missed Two Pointer (0/1 -  0 pt),PLCZ,"MOTIEJUNAS, DONATAS",Crvena Zvezda Meridianbet Belgrade,RED,,,,,,,,,,,,,,Q4,40,00:00,2FGA,2P,2,OUT,False,Missed Two Pointer (7/13 -  23 pt),P009048,"MILLER-MCINTYRE, CODI",Crvena Zvezda Meridianbet Belgrade,RED,,,,,,,,,,,,,,0,BOTH_MISSED,False,True,False,False,False
E2025,74,Real Madrid vs Fenerbahce Beko Istanbul,84,58,Q1,1,09:33,2FGA,2P,2,OUT,False,Missed Two Pointer (0/1 -  0 pt),P009863,"BALDWIN IV, WADE",Fenerbahce Beko Istanbul,ULK,,,,,,,,,,,,,,Q4,40,00:06,2FGM,2P,2,IN,True,Two Pointer (1/1 -  5 pt),P007929,"BITIM, ONURALP",Fenerbahce Beko Istanbul,ULK,5,1,1,100.0,1,2,50.0,0,0,0.0,2,3,66.7,1,LAST_ONLY,False,False,True,False,False
E2025,75,Valencia Basket vs Dubai Basketball,80,78,Q1,1,09:44,3FGM,3P,3,IN,True,Three Pointer (1/1 -  3 pt),P010042,"MONTERO, JEAN",Valencia Basket,PAM,7,0,1,0.0,1,5,20.0,4,4,100.0,1,6,16.7,Q4,40,00:00,2FGA,2P,2,OUT,False,Missed Two Pointer (0/2 -  6 pt),P003458,"BERTANS, DAVIS",Dubai Basketball,DUB,,,,,,,,,,,,,,1,FIRST_ONLY,False,False,True,False,False
E2025,76,Zalgiris Kaunas vs LDLC ASVEL Villeurbanne,96,59,Q1,1,09:40,3FGA,3P,3,OUT,False,Missed Three Pointer (0/1 -  0 pt),P002100,"DE COLO, NANDO",LDLC ASVEL Villeurbanne,ASV,,,,,,,,,,,,,,Q4,40,00:02,2FGA,2P,2,OUT,False,Missed Two Pointer (1/6 -  5 pt),P009556,"NGOUAMA, MEHDY",LDLC ASVEL Villeurbanne,ASV,,,,,,,,,,,,,,0,BOTH_MISSED,False,True,False,False,False
E2025,77,AS Monaco vs Panathinaikos AKTOR Athens,92,84,Q1,1,09:44,2FGA,2P,2,OUT,False,Missed Two Pointer (0/1 -  0 pt),P004132,"THEIS, DANIEL",AS Monaco,MCO,,,,,,,,,,,,,,Q4,40,00:00,2FGM,2P,2,IN,True,Two Pointer (3/7 -  9 pt),P004088,"OSMAN, CEDI",Panathinaikos AKTOR Athens,PAN,9,3,7,42.9,1,4,25.0,0,0,0.0,4,11,36.4,1,LAST_ONLY,False,False,True,False,False
E2025,78,Baskonia Vitoria-Gasteiz vs Anadolu Efes Istanbul,86,75,Q1,1,09:11,3FGM,3P,3,IN,True,Three Pointer (1/1 -  3 pt),P007200,"LARKIN, SHANE",Anadolu Efes Istanbul,IST,23,3,7,42.9,4,10,40.0,5,5,100.0,7,17,41.2,Q4,40,00:19,2FGM,2P,2,IN,True,Two Pointer (2/4 -  10 pt),P009549,"CORDINIER, ISAIA",Anadolu Efes Istanbul,IST,10,2,4,50.0,2,4,50.0,0,1,0.0,4,8,50.0,2,BOTH_SCORED,True,False,False,False,False
E2025,79,Olympiacos Piraeus vs Hapoel IBI Tel Aviv,62,58,Q1,1,09:38,3FGA,3P,3,OUT,False,Missed Three Pointer (0/1 -  0 pt),P013284,"WAINRIGHT, ISH",Hapoel IBI Tel Aviv,HTA,,,,,,,,,,,,,,Q4,40,00:01,3FGA,3P,3,OUT,False,Missed Three Pointer (2/7 -  13 pt),P013402,"BLAKENEY, ANTONIO",Hapoel IBI Tel Aviv,HTA,,,,,,,,,,,,,,0,BOTH_MISSED,False,True,False,False,False
E2025,80,Partizan Mozzart Bet Belgrade vs FC Barcelona,76,78,Q1,1,09:24,3FGA,3P,3,OUT,False,Missed Three Pointer (0/1 -  0 pt),P004761,"MARINKOVIC, VANJA",Partizan Mozzart Bet Belgrade,PAR,,,,,,,,,,,,,,Q4,40,00:01,FTA,FT,1,OUT,False,Missed Free Throw (4/6 -  14 pt),P004888,"CLYBURN, WILL",FC Barcelona,BAR,,,,,,,,,,,,,,0,BOTH_MISSED,False,True,False,False,False
E2025,81,Paris Basketball vs FC Bayern Munich,82,86,Q1,1,09:47,3FGA,3P,3,OUT,False,Missed Three Pointer (0/1 -  0 pt),P007993,"M'BAYE, AMATH",Paris Basketball,PRS,,,,,,,,,,,,,,Q4,40,00:01,3FGA,3P,3,OUT,False,Missed Three Pointer (1/6 -  21 pt),P012640,"HIFI, NADIR",Paris Basketball,PRS,,,,,,,,,,,,,,0,BOTH_MISSED,False,True,False,False,False
E2025,82,Baskonia Vitoria-Gasteiz vs Virtus Bologna,87,76,Q1,1,09:51,3FGA,3P,3,OUT,False,Missed Three Pointer (0/1 -  0 pt),P014152,"SIMMONS, KOBI",Baskonia Vitoria-Gasteiz,BAS,,,,,,,,,,,,,,Q4,40,00:03,2FGM,2P,2,IN,True,Two Pointer (3/5 -  10 pt),P013374,"DIOUF, MOUHAMET",Virtus Bologna,VIR,10,3,5,60.0,0,0,0.0,4,6,66.7,3,5,60.0,1,LAST_ONLY,False,False,True,False,False
E2025,83,Crvena Zvezda Meridianbet Belgrade vs Panathinaikos AKTOR Athens,86,68,Q1,1,09:30,2FGA,2P,2,OUT,False,Missed Two Pointer (0/1 -  0 pt),P014094,"MILJENOVIC, STEFAN",Crvena Zvezda Meridianbet Belgrade,RED,,,,,,,,,,,,,,Q4,40,00:04,2FGA,2P,2,OUT,False,Missed Two Pointer (3/7 -  7 pt),P012608,"SHORTS, TJ",Panathinaikos AKTOR Athens,PAN,,,,,,,,,,,,,,0,BOTH_MISSED,False,True,False,False,False
E2025,84,Dubai Basketball vs Hapoel IBI Tel Aviv,97,109,Q1,1,09:39,2FGA,2P,2,OUT,False,Missed Two Pointer (0/1 -  0 pt),P012788,"OTURU, DAN",Hapoel IBI Tel Aviv,HTA,,,,,,,,,,,,,,Q4,40,00:02,3FGA,3P,3,OUT,False,Missed Three Pointer (1/7 -  36 pt),P011286,"BACON, DWAYNE",Dubai Basketball,DUB,,,,,,,,,,,,,,0,BOTH_MISSED,False,True,False,False,False
E2025,85,Fenerbahce Beko Istanbul vs LDLC ASVEL Villeurbanne,81,67,Q1,1,09:29,2FGA,2P,2,OUT,False,Missed Two Pointer (0/1 -  0 pt),P014124,"HORTON TUCKER, TALEN",Fenerbahce Beko Istanbul,ULK,,,,,,,,,,,,,,Q4,40,00:22,FTM,FT,1,IN,True,Free Throw In (5/6 -  5 pt),P012268,"ATAMNA, ADAM",LDLC ASVEL Villeurbanne,ASV,5,0,4,0.0,0,6,0.0,5,6,83.3,0,10,0.0,1,LAST_ONLY,False,False,True,False,False
E2025,86,Maccabi Rapyd Tel Aviv vs AS Monaco,107,112,Q1,1,09:41,2FGM,2P,2,IN,True,Two Pointer (1/1 -  2 pt),P004132,"THEIS, DANIEL",AS Monaco,MCO,17,5,7,71.4,2,2,100.0,1,2,50.0,7,9,77.8,OT,45,00:01,3FGA,3P,3,OUT,False,Missed Three Pointer (4/12 -  19 pt),P013403,"WALKER IV, LONNIE",Maccabi Rapyd Tel Aviv,TEL,,,,,,,,,,,,,,1,FIRST_ONLY,False,False,True,False,False
E2025,87,Anadolu Efes Istanbul vs EA7 Emporio Armani Milan,93,97,Q1,1,09:41,3FGA,3P,3,OUT,False,Missed Three Pointer (0/1 -  0 pt),P004004,"GUDURIC, MARKO",EA7 Emporio Armani Milan,MIL,,,,,,,,,,,,,,OT,50,00:01,3FGA,3P,3,OUT,False,Missed Three Pointer (2/9 -  12 pt),P007200,"LARKIN, SHANE",Anadolu Efes Istanbul,IST,,,,,,,,,,,,,,0,BOTH_MISSED,False,True,False,False,False
E2025,88,FC Barcelona vs Real Madrid,92,101,Q1,1,09:34,3FGM,3P,3,IN,True,Three Pointer (1/1 -  3 pt),P005928,"CAMPAZZO, FACUNDO",Real Madrid,MAD,15,0,0,0.0,4,7,57.1,3,3,100.0,4,7,57.1,Q4,40,00:06,3FGA,3P,3,OUT,False,Missed Three Pointer (4/6 -  29 pt),P014117,"LYLES, TREY",Real Madrid,MAD,,,,,,,,,,,,,,1,FIRST_ONLY,False,False,True,False,False
E2025,89,Olympiacos Piraeus vs Partizan Mozzart Bet Belgrade,80,71,Q1,1,09:50,2FGM,2P,2,IN,True,Two Pointer (1/1 -  2 pt),P003469,"VEZENKOV, SASHA",Olympiacos Piraeus,OLY,14,2,4,50.0,2,3,66.7,4,4,100.0,4,7,57.1,Q4,40,00:00,3FGA,3P,3,OUT,False,Missed Three Pointer (1/7 -  11 pt),P009849,"DORSEY, TYLER",Olympiacos Piraeus,OLY,,,,,,,,,,,,,,1,FIRST_ONLY,False,False,True,False,False
E2025,90,Zalgiris Kaunas vs Valencia Basket,86,77,Q1,1,09:41,2FGA,2P,2,OUT,False,Missed Two Pointer (0/1 -  0 pt),P008192,"TUBELIS, AZUOLAS",Zalgiris Kaunas,ZAL,,,,,,,,,,,,,,Q4,40,00:01,3FGA,3P,3,OUT,False,Missed Three Pointer (2/5 -  15 pt),P010042,"MONTERO, JEAN",Valencia Basket,PAM,,,,,,,,,,,,,,0,BOTH_MISSED,False,True,False,False,False
E2025,91,Fenerbahce Beko Istanbul vs Maccabi Rapyd Tel Aviv,84,75,Q1,1,09:39,2FGA,2P,2,OUT,False,Missed Two Pointer (0/1 -  0 pt),P014124,"HORTON TUCKER, TALEN",Fenerbahce Beko Istanbul,ULK,,,,,,,,,,,,,,Q4,40,00:00,3FGA,3P,3,OUT,False,Missed Three Pointer (2/5 -  17 pt),P009863,"BALDWIN IV, WADE",Fenerbahce Beko Istanbul,ULK,,,,,,,,,,,,,,0,BOTH_MISSED,False,True,False,False,False
E2025,92,Hapoel IBI Tel Aviv vs Baskonia Vitoria-Gasteiz,114,89,Q1,1,09:42,2FGM,2P,2,IN,True,Two Pointer (1/1 -  2 pt),P010035,"VILLAR, RAFA",Baskonia Vitoria-Gasteiz,BAS,2,1,1,100.0,0,0,0.0,0,0,0.0,1,1,100.0,Q4,40,00:01,3FGA,3P,3,OUT,False,Missed Three Pointer (2/8 -  8 pt),P011948,"HOWARD, MARKUS",Baskonia Vitoria-Gasteiz,BAS,,,,,,,,,,,,,,1,FIRST_ONLY,False,False,True,False,False
E2025,93,Paris Basketball vs Panathinaikos AKTOR Athens,95,101,Q1,1,09:43,2FGM,2P,2,IN,True,Two Pointer (1/1 -  2 pt),P012608,"SHORTS, TJ",Panathinaikos AKTOR Athens,PAN,13,5,9,55.6,0,1,0.0,3,4,75.0,5,10,50.0,Q4,34,06:36,2FGM,2P,2,IN,True,Two Pointer (4/4 -  15 pt),P007866,"MITOGLOU, KONSTANTINOS",Panathinaikos AKTOR Athens,PAN,17,5,5,100.0,1,1,100.0,4,4,100.0,6,6,100.0,2,BOTH_SCORED,True,False,False,False,False
E2025,94,Valencia Basket vs Real Madrid,89,76,Q1,1,09:35,3FGA,3P,3,OUT,False,Missed Three Pointer (0/1 -  0 pt),P010042,"MONTERO, JEAN",Valencia Basket,PAM,,,,,,,,,,,,,,Q4,40,00:01,3FGA,3P,3,OUT,False,Missed Three Pointer (0/4 -  0 pt),PTGB,"LLULL, SERGIO",Real Madrid,MAD,,,,,,,,,,,,,,0,BOTH_MISSED,False,True,False,False,False
E2025,95,Virtus Bologna vs Anadolu Efes Istanbul,99,89,Q1,1,09:37,3FGM,3P,3,IN,True,Three Pointer (1/1 -  3 pt),P005422,"JALLOW, KARIM",Virtus Bologna,VIR,12,4,6,66.7,1,1,100.0,1,2,50.0,5,7,71.4,Q4,40,00:02,2FGM,2P,2,IN,True,Two Pointer (3/3 -  25 pt),P007200,"LARKIN, SHANE",Anadolu Efes Istanbul,IST,25,3,3,100.0,5,9,55.6,4,4,100.0,8,12,66.7,2,BOTH_SCORED,True,False,False,False,False
E2025,96,Dubai Basketball vs Crvena Zvezda Meridianbet Belgrade,102,86,Q1,1,09:38,2FGA,2P,2,OUT,False,Missed Two Pointer (0/1 -  0 pt),P008325,"KAMENJAS, KENAN",Dubai Basketball,DUB,,,,,,,,,,,,,,Q4,40,00:02,3FGA,3P,3,OUT,False,Missed Three Pointer (2/5 -  16 pt),P011286,"BACON, DWAYNE",Dubai Basketball,DUB,,,,,,,,,,,,,,0,BOTH_MISSED,False,True,False,False,False
E2025,97,Partizan Mozzart Bet Belgrade vs AS Monaco,78,76,Q1,1,09:15,3FGA,3P,3,OUT,False,Missed Three Pointer (0/1 -  0 pt),P011231,"BLOSSOMGAME, JARON",AS Monaco,MCO,,,,,,,,,,,,,,Q4,40,00:03,3FGA,3P,3,OUT,False,Missed Three Pointer (0/3 -  13 pt),P005985,"JAMES, MIKE",AS Monaco,MCO,,,,,,,,,,,,,,0,BOTH_MISSED,False,True,False,False,False
E2025,98,EA7 Emporio Armani Milan vs LDLC ASVEL Villeurbanne,80,72,Q1,1,09:44,2FGA,2P,2,OUT,False,Missed Two Pointer (0/1 -  0 pt),P011199,"NEBO, JOSH",EA7 Emporio Armani Milan,MIL,,,,,,,,,,,,,,Q4,40,00:00,2FGM,2P,2,IN,True,Two Pointer (6/10 -  15 pt),P008985,"BOLMARO, LEANDRO",EA7 Emporio Armani Milan,MIL,15,6,10,60.0,1,3,33.3,0,0,0.0,7,13,53.8,1,LAST_ONLY,False,False,True,False,False
E2025,99,FC Bayern Munich vs FC Barcelona,74,75,Q1,1,09:38,2FGM,2P,2,IN,True,Two Pointer (1/1 -  2 pt),P007464,"PARRA, JOEL",FC Barcelona,BAR,5,2,3,66.7,0,0,0.0,1,1,100.0,2,3,66.7,Q4,40,00:01,FTA,FT,1,OUT,False,Missed Free Throw (5/8 -  17 pt),P014162,"DINWIDDIE, SPENCER",FC Bayern Munich,MUN,,,,,,,,,,,,,,1,FIRST_ONLY,False,False,True,False,False
E2025,100,Olympiacos Piraeus vs Zalgiris Kaunas,95,78,Q1,1,09:31,2FGM,2P,2,IN,True,Two Pointer (1/1 -  2 pt),P009849,"DORSEY, TYLER",Olympiacos Piraeus,OLY,30,6,9,66.7,5,9,55.6,3,5,60.0,11,18,61.1,Q4,40,00:02,3FGA,3P,3,OUT,False,Missed Three Pointer (0/3 -  4 pt),P012610,"WARD, TYSON",Olympiacos Piraeus,OLY,,,,,,,,,,,,,,1,FIRST_ONLY,False,False,True,False,False
E2025,101,Fenerbahce Beko Istanbul vs Hapoel IBI Tel Aviv,74,68,Q1,1,09:41,2FGA,2P,2,OUT,False,Missed Two Pointer (0/1 -  0 pt),P009846,"BRYANT, ELIJAH",Hapoel IBI Tel Aviv,HTA,,,,,,,,,,,,,,Q4,40,00:03,2FGA,2P,2,OUT,False,Missed Two Pointer (1/7 -  19 pt),P009846,"BRYANT, ELIJAH",Hapoel IBI Tel Aviv,HTA,,,,,,,,,,,,,,0,BOTH_MISSED,False,True,False,False,True
E2025,102,Maccabi Rapyd Tel Aviv vs Baskonia Vitoria-Gasteiz,89,83,Q1,1,09:55,FTM,FT,1,IN,True,Free Throw In (1/1 -  1 pt),P013403,"WALKER IV, LONNIE",Maccabi Rapyd Tel Aviv,TEL,10,2,5,40.0,1,2,50.0,3,6,50.0,3,7,42.9,Q4,40,00:01,2FGA,2P,2,OUT,False,Missed Two Pointer (5/8 -  17 pt),P006835,"HOARD, JAYLEN",Maccabi Rapyd Tel Aviv,TEL,,,,,,,,,,,,,,1,FIRST_ONLY,False,False,True,False,False
E2025,103,Paris Basketball vs Valencia Basket,90,86,Q1,1,09:44,3FGA,3P,3,OUT,False,Missed Three Pointer (0/1 -  0 pt),P007993,"M'BAYE, AMATH",Paris Basketball,PRS,,,,,,,,,,,,,,Q4,40,00:03,3FGA,3P,3,OUT,False,Missed Three Pointer (2/5 -  13 pt),P011217,"TAYLOR, KAMERON",Valencia Basket,PAM,,,,,,,,,,,,,,0,BOTH_MISSED,False,True,False,False,False
E2025,104,Real Madrid vs Panathinaikos AKTOR Athens,77,87,Q1,1,09:36,2FGM,2P,2,IN,True,Two Pointer (1/1 -  2 pt),P011085,"ROGKAVOPOULOS, NIKOLAOS",Panathinaikos AKTOR Athens,PAN,7,2,2,100.0,1,3,33.3,0,0,0.0,3,5,60.0,Q4,40,00:00,3FGA,3P,3,OUT,False,Missed Three Pointer (0/4 -  4 pt),P005928,"CAMPAZZO, FACUNDO",Real Madrid,MAD,,,,,,,,,,,,,,1,FIRST_ONLY,False,False,True,False,False
E2025,105,Crvena Zvezda Meridianbet Belgrade vs AS Monaco,91,79,Q1,1,09:35,2FGM,2P,2,IN,True,Two Pointer (1/1 -  2 pt),P011982,"OJELEYE, SEMI",Crvena Zvezda Meridianbet Belgrade,RED,14,5,9,55.6,1,2,50.0,1,2,50.0,6,11,54.5,Q4,40,00:02,3FGA,3P,3,OUT,False,Missed Three Pointer (1/5 -  18 pt),P005985,"JAMES, MIKE",AS Monaco,MCO,,,,,,,,,,,,,,1,FIRST_ONLY,False,False,True,False,False
E2025,106,Anadolu Efes Istanbul vs FC Bayern Munich,74,72,Q1,1,09:27,2FGM,2P,2,IN,True,Two Pointer (1/1 -  2 pt),P014162,"DINWIDDIE, SPENCER",FC Bayern Munich,MUN,11,2,3,66.7,2,8,25.0,1,1,100.0,4,11,36.4,Q4,40,00:01,2FGA,2P,2,OUT,False,Missed Two Pointer (4/5 -  9 pt),P001288,"LUCIC, VLADIMIR",FC Bayern Munich,MUN,,,,,,,,,,,,,,1,FIRST_ONLY,False,False,True,False,False
E2025,107,Dubai Basketball vs Zalgiris Kaunas,95,89,Q1,1,09:45,2FGM,2P,2,IN,True,Two Pointer (1/1 -  2 pt),P005504,"BIRUTIS, LAURYNAS",Zalgiris Kaunas,ZAL,4,2,2,100.0,0,0,0.0,0,0,0.0,2,2,100.0,Q4,40,00:01,2FGM,2P,2,IN,True,Two Pointer (2/5 -  15 pt),P007975,"FRANCISCO, SYLVAIN",Zalgiris Kaunas,ZAL,15,2,5,40.0,3,9,33.3,2,4,50.0,5,14,35.7,2,BOTH_SCORED,True,False,False,False,False
E2025,108,EA7 Emporio Armani Milan vs Olympiacos Piraeus,88,87,Q1,1,09:41,2FGA,2P,2,OUT,False,Missed Two Pointer (0/1 -  0 pt),P003941,"MILUTINOV, NIKOLA",Olympiacos Piraeus,OLY,,,,,,,,,,,,,,Q4,40,00:00,3FGM,3P,3,IN,True,Three Pointer (3/8 -  25 pt),P009849,"DORSEY, TYLER",Olympiacos Piraeus,OLY,25,5,6,83.3,3,8,37.5,6,7,85.7,8,14,57.1,1,LAST_ONLY,False,False,True,False,False
E2025,109,FC Barcelona vs Virtus Bologna,88,81,Q1,1,09:46,2FGM,2P,2,IN,True,Two Pointer (1/1 -  2 pt),P000925,"VESELY, JAN",FC Barcelona,BAR,12,5,10,50.0,0,0,0.0,2,2,100.0,5,10,50.0,Q4,40,00:06,FTM,FT,1,IN,True,Free Throw In (5/6 -  10 pt),P001133,"SHENGELIA, TORNIKE",FC Barcelona,BAR,10,1,4,25.0,1,4,25.0,5,6,83.3,2,8,25.0,2,BOTH_SCORED,True,False,False,False,False
E2025,110,LDLC ASVEL Villeurbanne vs Partizan Mozzart Bet Belgrade,88,87,Q1,1,09:59,2FGA,2P,2,OUT,False,Missed Two Pointer (0/1 -  0 pt),P013371,"HARRISON, SHAQUILLE",LDLC ASVEL Villeurbanne,ASV,,,,,,,,,,,,,,Q4,40,00:01,3FGM,3P,3,IN,True,Three Pointer (4/12 -  19 pt),P013370,"WASHINGTON, DUANE",Partizan Mozzart Bet Belgrade,PAR,19,3,5,60.0,4,12,33.3,1,1,100.0,7,17,41.2,1,LAST_ONLY,False,False,True,False,False
E2025,111,LDLC ASVEL Villeurbanne vs AS Monaco,52,84,Q1,1,09:43,2FGA,2P,2,OUT,False,Missed Two Pointer (0/1 -  0 pt),P013371,"HARRISON, SHAQUILLE",LDLC ASVEL Villeurbanne,ASV,,,,,,,,,,,,,,Q4,40,00:00,2FGM,2P,2,IN,True,Two Pointer (1/1 -  2 pt),P008161,"BEGARIN, JUHANN",AS Monaco,MCO,2,1,1,100.0,0,4,0.0,0,0,0.0,1,5,20.0,1,LAST_ONLY,False,False,True,False,False
E2025,112,Anadolu Efes Istanbul vs FC Barcelona,74,73,Q1,1,09:29,2FGA,2P,2,OUT,False,Missed Two Pointer (0/1 -  0 pt),P007109,"SMITS, ROLANDS",Anadolu Efes Istanbul,IST,,,,,,,,,,,,,,Q4,40,00:01,FTM,FT,1,IN,True,Free Throw In (8/8 -  14 pt),P009549,"CORDINIER, ISAIA",Anadolu Efes Istanbul,IST,14,3,5,60.0,0,1,0.0,8,8,100.0,3,6,50.0,1,LAST_ONLY,False,False,True,False,False
E2025,113,EA7 Emporio Armani Milan vs Hapoel IBI Tel Aviv,83,105,Q1,1,09:33,2FGM,2P,2,IN,True,Two Pointer (1/1 -  2 pt),P012788,"OTURU, DAN",Hapoel IBI Tel Aviv,HTA,20,10,14,71.4,0,0,0.0,0,0,0.0,10,14,71.4,Q4,40,00:16,3FGA,3P,3,OUT,False,Missed Three Pointer (3/4 -  15 pt),P012593,"ELLIS, QUINN",EA7 Emporio Armani Milan,MIL,,,,,,,,,,,,,,1,FIRST_ONLY,False,False,True,False,False
E2025,114,Panathinaikos AKTOR Athens vs Dubai Basketball,103,82,Q1,1,09:43,FTM,FT,1,IN,True,Free Throw In (1/1 -  1 pt),P011194,"PETRUSEV, FILIP",Dubai Basketball,DUB,12,3,6,50.0,0,2,0.0,6,7,85.7,3,8,37.5,Q4,40,00:16,FTA,FT,1,OUT,False,Missed Free Throw (1/2 -  1 pt),P014031,"KONDIC, KOSTA",Dubai Basketball,DUB,,,,,,,,,,,,,,1,FIRST_ONLY,False,False,True,False,False
E2025,115,Real Madrid vs Zalgiris Kaunas,100,99,Q1,1,09:54,2FGA,2P,2,OUT,False,Missed Two Pointer (0/1 -  0 pt),P007975,"FRANCISCO, SYLVAIN",Zalgiris Kaunas,ZAL,,,,,,,,,,,,,,Q4,40,00:01,3FGA,3P,3,OUT,False,Missed Three Pointer (0/1 -  10 pt),P011983,"BRAZDEIKIS, IGNAS",Zalgiris Kaunas,ZAL,,,,,,,,,,,,,,0,BOTH_MISSED,False,True,False,False,False
E2025,116,Kosner Baskonia Vitoria-Gasteiz vs FC Bayern Munich,95,73,Q1,1,09:44,3FGA,3P,3,OUT,False,Missed Three Pointer (0/1 -  0 pt),P014027,"DIAKITE, MAMADI",Kosner Baskonia Vitoria-Gasteiz,BAS,,,,,,,,,,,,,,Q4,40,00:00,2FGM,2P,2,IN,True,Two Pointer (1/1 -  5 pt),P014026,"FRISCH, CLEMENT",Kosner Baskonia Vitoria-Gasteiz,BAS,5,1,1,100.0,1,1,100.0,0,0,0.0,2,2,100.0,1,LAST_ONLY,False,False,True,False,False
E2025,117,Olympiacos Piraeus vs Paris Basketball,98,86,Q1,1,09:26,3FGA,3P,3,OUT,False,Missed Three Pointer (0/1 -  0 pt),P009664,"WILLIS, DEREK",Paris Basketball,PRS,,,,,,,,,,,,,,Q4,40,00:05,2FGM,2P,2,IN,True,Two Pointer (3/4 -  13 pt),P004197,"OUATTARA, YAKUBA",Paris Basketball,PRS,13,3,4,75.0,2,7,28.6,1,1,100.0,5,11,45.5,1,LAST_ONLY,False,False,True,False,False
E2025,118,Partizan Mozzart Bet Belgrade vs Fenerbahce Beko Istanbul,87,99,Q1,1,09:40,2FGA,2P,2,OUT,False,Missed Two Pointer (0/1 -  0 pt),P007182,"BIRCH, KHEM",Fenerbahce Beko Istanbul,ULK,,,,,,,,,,,,,,Q4,40,00:01,3FGA,3P,3,OUT,False,Missed Three Pointer (1/4 -  15 pt),P009863,"BALDWIN IV, WADE",Fenerbahce Beko Istanbul,ULK,,,,,,,,,,,,,,0,BOTH_MISSED,False,True,False,False,False
E2025,119,Valencia Basket vs Crvena Zvezda Meridianbet Belgrade,76,73,Q1,1,09:40,3FGM,3P,3,IN,True,Three Pointer (1/1 -  3 pt),P010444,"COSTELLO, MATTHEW",Valencia Basket,PAM,8,2,4,50.0,1,3,33.3,1,2,50.0,3,7,42.9,Q4,40,00:02,FTM,FT,1,IN,True,Free Throw In (1/2 -  8 pt),P010444,"COSTELLO, MATTHEW",Valencia Basket,PAM,8,2,4,50.0,1,3,33.3,1,2,50.0,3,7,42.9,2,BOTH_SCORED,True,False,False,False,True
E2025,120,Virtus Bologna vs Maccabi Rapyd Tel Aviv,99,89,Q1,1,09:43,2FGM,2P,2,IN,True,Two Pointer (1/1 -  2 pt),P005422,"JALLOW, KARIM",Virtus Bologna,VIR,9,2,3,66.7,1,1,100.0,2,2,100.0,3,4,75.0,Q4,40,00:04,3FGM,3P,3,IN,True,Three Pointer (3/6 -  15 pt),P014005,"ALSTON JR. , DERRICK",Virtus Bologna,VIR,15,2,3,66.7,3,6,50.0,2,2,100.0,5,9,55.6,2,BOTH_SCORED,True,False,False,False,False
E2025,121,Dubai Basketball vs Paris Basketball,90,89,Q1,1,09:36,2FGA,2P,2,OUT,False,Missed Two Pointer (0/1 -  0 pt),P014157,"ELLIS, BOOGIE",Dubai Basketball,DUB,,,,,,,,,,,,,,Q4,40,00:01,3FGM,3P,3,IN,True,Three Pointer (2/8 -  13 pt),P012640,"HIFI, NADIR",Paris Basketball,PRS,13,2,8,25.0,2,8,25.0,3,5,60.0,4,16,25.0,1,LAST_ONLY,False,False,True,False,False
E2025,122,Hapoel IBI Tel Aviv vs Real Madrid,74,75,Q1,1,09:32,2FGM,2P,2,IN,True,Two Pointer (1/1 -  2 pt),P003108,"HEZONJA, MARIO",Real Madrid,MAD,19,5,6,83.3,2,5,40.0,3,4,75.0,7,11,63.6,Q4,40,00:00,3FGA,3P,3,OUT,False,Missed Three Pointer (0/5 -  8 pt),P002580,"MICIC, VASILIJE",Hapoel IBI Tel Aviv,HTA,,,,,,,,,,,,,,1,FIRST_ONLY,False,False,True,False,False
E2025,123,Panathinaikos AKTOR Athens vs Partizan Mozzart Bet Belgrade,91,69,Q1,1,09:39,3FGA,3P,3,OUT,False,Missed Three Pointer (0/1 -  0 pt),P014007,"MILTON, SHAKE",Partizan Mozzart Bet Belgrade,PAR,,,,,,,,,,,,,,Q4,40,00:04,3FGA,3P,3,OUT,False,Missed Three Pointer (0/2 -  0 pt),P002328,"GRIGONIS, MARIUS",Panathinaikos AKTOR Athens,PAN,,,,,,,,,,,,,,0,BOTH_MISSED,False,True,False,False,False
E2025,124,Valencia Basket vs FC Bayern Munich,90,64,Q1,1,09:36,3FGA,3P,3,OUT,False,Missed Three Pointer (0/1 -  0 pt),P007201,"VOIGTMANN, JOHANNES",FC Bayern Munich,MUN,,,,,,,,,,,,,,Q4,40,00:11,3FGA,3P,3,OUT,False,Missed Three Pointer (1/8 -  3 pt),P004508,"OBST, ANDREAS",FC Bayern Munich,MUN,,,,,,,,,,,,,,0,BOTH_MISSED,False,True,False,False,False
E2025,125,Zalgiris Kaunas vs Kosner Baskonia Vitoria-Gasteiz,82,67,Q1,1,09:43,2FGA,2P,2,OUT,False,Missed Two Pointer (0/1 -  0 pt),P014152,"SIMMONS, KOBI",Kosner Baskonia Vitoria-Gasteiz,BAS,,,,,,,,,,,,,,Q4,40,00:01,2FGA,2P,2,OUT,False,Missed Two Pointer (3/12 -  15 pt),P008192,"TUBELIS, AZUOLAS",Zalgiris Kaunas,ZAL,,,,,,,,,,,,,,0,BOTH_MISSED,False,True,False,False,False
E2025,126,Fenerbahce Beko Istanbul vs Virtus Bologna,66,64,Q1,1,09:44,3FGA,3P,3,OUT,False,Missed Three Pointer (0/1 -  0 pt),P011987,"EDWARDS, CARSEN",Virtus Bologna,VIR,,,,,,,,,,,,,,Q4,40,00:01,3FGA,3P,3,OUT,False,Missed Three Pointer (2/6 -  8 pt),P006961,"BIBEROVIC, TARIK",Fenerbahce Beko Istanbul,ULK,,,,,,,,,,,,,,0,BOTH_MISSED,False,True,False,False,False
E2025,127,AS Monaco vs Anadolu Efes Istanbul,102,66,Q1,1,09:43,2FGM,2P,2,IN,True,Two Pointer (1/1 -  2 pt),P011231,"BLOSSOMGAME, JARON",AS Monaco,MCO,6,2,5,40.0,0,0,0.0,2,2,100.0,2,5,40.0,Q4,40,00:13,FTM,FT,1,IN,True,Free Throw In (5/5 -  9 pt),P011935,"MAKOUNDOU, YOAN",AS Monaco,MCO,9,2,3,66.7,0,0,0.0,5,5,100.0,2,3,66.7,2,BOTH_SCORED,True,False,False,False,False
E2025,128,Crvena Zvezda Meridianbet Belgrade vs Olympiacos Piraeus,91,80,Q1,1,09:45,3FGM,3P,3,IN,True,Three Pointer (1/1 -  3 pt),PLCZ,"MOTIEJUNAS, DONATAS",Crvena Zvezda Meridianbet Belgrade,RED,8,1,2,50.0,1,2,50.0,3,3,100.0,2,4,50.0,Q4,40,00:00,3FGA,3P,3,OUT,False,Missed Three Pointer (1/5 -  3 pt),P001255,"PAPANIKOLAOU, KOSTAS",Olympiacos Piraeus,OLY,,,,,,,,,,,,,,1,FIRST_ONLY,False,False,True,False,False
E2025,129,FC Barcelona vs LDLC ASVEL Villeurbanne,88,78,Q1,1,09:40,2FGM,2P,2,IN,True,Two Pointer (1/1 -  2 pt),P010319,"TRAORE, ARMEL",LDLC ASVEL Villeurbanne,ASV,6,3,4,75.0,0,1,0.0,0,0,0.0,3,5,60.0,Q4,40,00:02,3FGA,3P,3,OUT,False,Missed Three Pointer (1/3 -  6 pt),P002939,"SATORANSKY, TOMAS",FC Barcelona,BAR,,,,,,,,,,,,,,1,FIRST_ONLY,False,False,True,False,False
E2025,130,Maccabi Rapyd Tel Aviv vs EA7 Emporio Armani Milan,88,102,Q1,1,09:40,2FGM,2P,2,IN,True,Two Pointer (1/1 -  2 pt),P007831,"SHIELDS, SHAVON",EA7 Emporio Armani Milan,MIL,26,4,4,100.0,3,7,42.9,9,9,100.0,7,11,63.6,Q4,40,00:01,3FGM,3P,3,IN,True,Three Pointer (2/3 -  6 pt),P007990,"DIBARTOLOMEO, JOHN",Maccabi Rapyd Tel Aviv,TEL,6,0,0,0.0,2,3,66.7,0,0,0.0,2,3,66.7,2,BOTH_SCORED,True,False,False,False,False
E2025,131,AS Monaco vs Paris Basketball,125,104,Q1,1,09:49,2FGA,2P,2,OUT,False,Missed Two Pointer (0/1 -  0 pt),P012640,"HIFI, NADIR",Paris Basketball,PRS,,,,,,,,,,,,,,Q4,40,00:01,2FGA,2P,2,OUT,False,Missed Two Pointer (3/6 -  9 pt),P011949,"HOMMES, DAULTON",Paris Basketball,PRS,,,,,,,,,,,,,,0,BOTH_MISSED,False,True,False,False,False
E2025,132,Partizan Mozzart Bet Belgrade vs FC Bayern Munich,92,85,Q1,1,09:45,2FGA,2P,2,OUT,False,Missed Two Pointer (0/1 -  0 pt),P007201,"VOIGTMANN, JOHANNES",FC Bayern Munich,MUN,,,,,,,,,,,,,,Q4,40,00:01,3FGA,3P,3,OUT,False,Missed Three Pointer (2/8 -  25 pt),P014162,"DINWIDDIE, SPENCER",FC Bayern Munich,MUN,,,,,,,,,,,,,,0,BOTH_MISSED,False,True,False,False,False
E2025,133,Hapoel IBI Tel Aviv vs LDLC ASVEL Villeurbanne,87,80,Q1,1,09:42,2FGA,2P,2,OUT,False,Missed Two Pointer (0/1 -  0 pt),P012731,"NDIAYE, MBAYE",LDLC ASVEL Villeurbanne,ASV,,,,,,,,,,,,,,Q4,40,00:00,2FGM,2P,2,IN,True,Two Pointer (2/5 -  6 pt),P012609,"MALCOLM, COLLIN",Hapoel IBI Tel Aviv,HTA,6,2,5,40.0,0,1,0.0,2,2,100.0,2,6,33.3,1,LAST_ONLY,False,False,True,False,False
E2025,134,Olympiacos Piraeus vs Fenerbahce Beko Istanbul,104,87,Q1,1,09:37,2FGA,2P,2,OUT,False,Missed Two Pointer (0/1 -  0 pt),P014016,"BOSTON JR., BRANDON",Fenerbahce Beko Istanbul,ULK,,,,,,,,,,,,,,Q4,40,00:00,2FGA,2P,2,OUT,False,Missed Two Pointer (2/3 -  6 pt),P012610,"WARD, TYSON",Olympiacos Piraeus,OLY,,,,,,,,,,,,,,0,BOTH_MISSED,False,True,False,False,False
E2025,135,Zalgiris Kaunas vs Maccabi Rapyd Tel Aviv,65,83,Q1,1,09:37,2FGM,2P,2,IN,True,Two Pointer (1/1 -  2 pt),P011983,"BRAZDEIKIS, IGNAS",Zalgiris Kaunas,ZAL,10,3,8,37.5,1,2,50.0,1,1,100.0,4,10,40.0,Q4,36,04:11,2FGA,2P,2,OUT,False,Missed Two Pointer (3/7 -  7 pt),P012878,"WRIGHT, MOSES",Zalgiris Kaunas,ZAL,,,,,,,,,,,,,,1,FIRST_ONLY,False,False,True,False,False
E2025,136,Anadolu Efes Istanbul vs Real Madrid,75,81,Q1,1,09:38,3FGM,3P,3,IN,True,Three Pointer (1/1 -  3 pt),P003108,"HEZONJA, MARIO",Real Madrid,MAD,22,5,10,50.0,4,6,66.7,0,0,0.0,9,16,56.2,Q4,40,00:01,3FGM,3P,3,IN,True,Three Pointer (3/5 -  11 pt),P006590,"BEAUBOIS, RODRIGUE",Anadolu Efes Istanbul,IST,11,1,2,50.0,3,5,60.0,0,0,0.0,4,7,57.1,2,BOTH_SCORED,True,False,False,False,False
E2025,137,Crvena Zvezda Meridianbet Belgrade vs FC Barcelona,79,89,Q1,1,09:43,2FGA,2P,2,OUT,False,Missed Two Pointer (0/1 -  0 pt),P012201,"MONEKE, CHIMA",Crvena Zvezda Meridianbet Belgrade,RED,,,,,,,,,,,,,,Q4,40,00:00,3FGA,3P,3,OUT,False,Missed Three Pointer (1/7 -  14 pt),P009862,"PUNTER, KEVIN",FC Barcelona,BAR,,,,,,,,,,,,,,0,BOTH_MISSED,False,True,False,False,False
E2025,138,Kosner Baskonia Vitoria-Gasteiz vs EA7 Emporio Armani Milan,88,78,Q1,1,09:34,3FGA,3P,3,OUT,False,Missed Three Pointer (0/1 -  0 pt),P011948,"HOWARD, MARKUS",Kosner Baskonia Vitoria-Gasteiz,BAS,,,,,,,,,,,,,,Q4,40,00:00,3FGA,3P,3,OUT,False,Missed Three Pointer (1/6 -  11 pt),P014152,"SIMMONS, KOBI",Kosner Baskonia Vitoria-Gasteiz,BAS,,,,,,,,,,,,,,0,BOTH_MISSED,False,True,False,False,False
E2025,139,Panathinaikos AKTOR Athens vs Valencia Basket,79,89,Q1,1,09:45,2FGM,2P,2,IN,True,Two Pointer (1/1 -  2 pt),P012608,"SHORTS, TJ",Panathinaikos AKTOR Athens,PAN,19,5,10,50.0,2,4,50.0,3,5,60.0,7,14,50.0,Q4,40,00:03,2FGM,2P,2,IN,True,Two Pointer (5/6 -  19 pt),P011078,"THOMPSON, DARIUS",Valencia Basket,PAM,19,5,6,83.3,2,5,40.0,3,3,100.0,7,11,63.6,2,BOTH_SCORED,True,False,False,False,False
E2025,140,Virtus Bologna vs Dubai Basketball,79,78,Q1,1,09:41,3FGA,3P,3,OUT,False,Missed Three Pointer (0/1 -  0 pt),P011987,"EDWARDS, CARSEN",Virtus Bologna,VIR,,,,,,,,,,,,,,Q4,40,00:27,3FGM,3P,3,IN,True,Three Pointer (3/4 -  11 pt),P007947,"VILDOZA, LUCA",Virtus Bologna,VIR,11,1,1,100.0,3,4,75.0,0,0,0.0,4,5,80.0,1,LAST_ONLY,False,False,True,False,False
E2025,141,Maccabi Rapyd Tel Aviv vs LDLC ASVEL Villeurbanne,92,84,Q1,1,09:39,2FGM,2P,2,IN,True,Two Pointer (1/1 -  2 pt),P002100,"DE COLO, NANDO",LDLC ASVEL Villeurbanne,ASV,16,4,6,66.7,2,5,40.0,2,2,100.0,6,11,54.5,Q4,40,00:00,3FGA,3P,3,OUT,False,Missed Three Pointer (2/8 -  6 pt),P014088,"SELJAAS, ZACHARY",LDLC ASVEL Villeurbanne,ASV,,,,,,,,,,,,,,1,FIRST_ONLY,False,False,True,False,False
E2025,142,Dubai Basketball vs FC Bayern Munich,89,88,Q1,1,09:48,2FGM,2P,2,IN,True,Two Pointer (1/1 -  2 pt),P011244,"DA SILVA, OSCAR",FC Bayern Munich,MUN,10,4,9,44.4,0,0,0.0,2,3,66.7,4,9,44.4,Q4,40,00:01,2FGA,2P,2,OUT,False,Missed Two Pointer (0/2 -  8 pt),P001288,"LUCIC, VLADIMIR",FC Bayern Munich,MUN,,,,,,,,,,,,,,1,FIRST_ONLY,False,False,True,False,False
E2025,143,EA7 Emporio Armani Milan vs Panathinaikos AKTOR Athens,96,89,Q1,1,09:42,3FGA,3P,3,OUT,False,Missed Three Pointer (0/1 -  0 pt),P012774,"NUNN, KENDRICK",Panathinaikos AKTOR Athens,PAN,,,,,,,,,,,,,,Q4,40,00:21,FTM,FT,1,IN,True,Free Throw In (2/4 -  11 pt),P012608,"SHORTS, TJ",Panathinaikos AKTOR Athens,PAN,11,3,7,42.9,1,1,100.0,2,4,50.0,4,8,50.0,1,LAST_ONLY,False,False,True,False,False
E2025,144,Paris Basketball vs Zalgiris Kaunas,105,108,Q1,1,09:50,2FGM,2P,2,IN,True,Two Pointer (1/1 -  2 pt),P012640,"HIFI, NADIR",Paris Basketball,PRS,27,6,10,60.0,3,7,42.9,6,8,75.0,9,17,52.9,Q4,40,00:00,3FGA,3P,3,OUT,False,Missed Three Pointer (3/7 -  27 pt),P012640,"HIFI, NADIR",Paris Basketball,PRS,,,,,,,,,,,,,,1,FIRST_ONLY,False,False,True,False,True
E2025,145,Real Madrid vs Kosner Baskonia Vitoria-Gasteiz,94,87,Q1,1,09:41,2FGM,2P,2,IN,True,Two Pointer (1/1 -  2 pt),P003733,"ABALDE, ALBERTO",Real Madrid,MAD,9,3,6,50.0,1,1,100.0,0,0,0.0,4,7,57.1,Q4,40,00:23,FTA,FT,1,OUT,False,Missed Free Throw (0/2 -  8 pt),P005713,"KURUCS, RODIONS",Kosner Baskonia Vitoria-Gasteiz,BAS,,,,,,,,,,,,,,1,FIRST_ONLY,False,False,True,False,False
E2025,146,Valencia Basket vs Anadolu Efes Istanbul,94,82,Q1,1,09:43,3FGA,3P,3,OUT,False,Missed Three Pointer (0/1 -  0 pt),P010393,"PRADILLA, JAIME",Valencia Basket,PAM,,,,,,,,,,,,,,Q4,40,00:01,2FGM,2P,2,IN,True,Two Pointer (5/5 -  20 pt),P011217,"TAYLOR, KAMERON",Valencia Basket,PAM,20,5,5,100.0,3,4,75.0,1,1,100.0,8,9,88.9,1,LAST_ONLY,False,False,True,False,False
E2025,147,AS Monaco vs Fenerbahce Beko Istanbul,86,92,Q1,1,09:35,3FGA,3P,3,OUT,False,Missed Three Pointer (0/1 -  0 pt),P011205,"HALL, DEVON",Fenerbahce Beko Istanbul,ULK,,,,,,,,,,,,,,Q4,40,00:00,3FGA,3P,3,OUT,False,Missed Three Pointer (2/7 -  20 pt),P005985,"JAMES, MIKE",AS Monaco,MCO,,,,,,,,,,,,,,0,BOTH_MISSED,False,True,False,False,False
E2025,148,FC Barcelona vs Olympiacos Piraeus,98,85,Q1,1,09:44,2FGA,2P,2,OUT,False,Missed Two Pointer (0/1 -  0 pt),P000925,"VESELY, JAN",FC Barcelona,BAR,,,,,,,,,,,,,,Q4,40,00:03,3FGA,3P,3,OUT,False,Missed Three Pointer (1/4 -  22 pt),P003469,"VEZENKOV, SASHA",Olympiacos Piraeus,OLY,,,,,,,,,,,,,,0,BOTH_MISSED,False,True,False,False,False
E2025,149,Partizan Mozzart Bet Belgrade vs Crvena Zvezda Meridianbet Belgrade,79,76,Q1,1,09:40,2FGA,2P,2,OUT,False,Missed Two Pointer (0/1 -  0 pt),P014007,"MILTON, SHAKE",Partizan Mozzart Bet Belgrade,PAR,,,,,,,,,,,,,,Q4,40,00:01,3FGA,3P,3,OUT,False,Missed Three Pointer (0/2 -  6 pt),P014007,"MILTON, SHAKE",Partizan Mozzart Bet Belgrade,PAR,,,,,,,,,,,,,,0,BOTH_MISSED,False,True,False,False,True
E2025,150,Virtus Bologna vs Hapoel IBI Tel Aviv,74,79,Q1,1,09:52,2FGM,2P,2,IN,True,Two Pointer (1/1 -  2 pt),P012788,"OTURU, DAN",Hapoel IBI Tel Aviv,HTA,21,9,10,90.0,0,0,0.0,3,4,75.0,9,10,90.0,Q4,40,00:07,2FGM,2P,2,IN,True,Two Pointer (2/2 -  21 pt),P012585,"MORGAN, MATTHEW",Virtus Bologna,VIR,21,2,2,100.0,4,8,50.0,5,6,83.3,6,10,60.0,2,BOTH_SCORED,True,False,False,False,False
E2025,151,Dubai Basketball vs Maccabi Rapyd Tel Aviv,95,97,Q1,1,09:43,2FGA,2P,2,OUT,False,Missed Two Pointer (0/1 -  0 pt),P012796,"KABENGELE, MFIONDU",Dubai Basketball,DUB,,,,,,,,,,,,,,Q4,40,00:03,2FGM,2P,2,IN,True,Two Pointer (1/1 -  2 pt),P014127,"BRISSETT, O'SHAE J",Maccabi Rapyd Tel Aviv,TEL,2,1,1,100.0,0,1,0.0,0,0,0.0,1,2,50.0,1,LAST_ONLY,False,False,True,False,False
E2025,152,EA7 Emporio Armani Milan vs Real Madrid,89,82,Q1,1,09:34,2FGM,2P,2,IN,True,Two Pointer (1/1 -  2 pt),P014117,"LYLES, TREY",Real Madrid,MAD,14,3,9,33.3,1,3,33.3,5,6,83.3,4,12,33.3,Q4,40,00:03,2FGA,2P,2,OUT,False,Missed Two Pointer (2/4 -  7 pt),P003733,"ABALDE, ALBERTO",Real Madrid,MAD,,,,,,,,,,,,,,1,FIRST_ONLY,False,False,True,False,False
E2025,153,Fenerbahce Beko Istanbul vs Panathinaikos AKTOR Athens,77,81,Q1,1,09:40,2FGM,2P,2,IN,True,Two Pointer (1/1 -  2 pt),P012608,"SHORTS, TJ",Panathinaikos AKTOR Athens,PAN,5,1,5,20.0,0,1,0.0,3,4,75.0,1,6,16.7,Q4,40,00:01,2FGA,2P,2,OUT,False,Missed Two Pointer (2/3 -  9 pt),P012712,"HERNANGOMEZ, JUANCHO",Panathinaikos AKTOR Athens,PAN,,,,,,,,,,,,,,1,FIRST_ONLY,False,False,True,False,False
E2025,154,Hapoel IBI Tel Aviv vs Crvena Zvezda Meridianbet Belgrade,84,78,Q1,1,09:35,3FGA,3P,3,OUT,False,Missed Three Pointer (0/1 -  0 pt),P004866,"KALINIC, NIKOLA",Crvena Zvezda Meridianbet Belgrade,RED,,,,,,,,,,,,,,Q4,40,00:01,3FGA,3P,3,OUT,False,Missed Three Pointer (2/7 -  13 pt),P009048,"MILLER-MCINTYRE, CODI",Crvena Zvezda Meridianbet Belgrade,RED,,,,,,,,,,,,,,0,BOTH_MISSED,False,True,False,False,False
E2025,155,Olympiacos Piraeus vs Valencia Basket,92,99,Q1,1,09:49,2FGM,2P,2,IN,True,Two Pointer (1/1 -  2 pt),P012738,"REUVERS, NATHAN",Valencia Basket,PAM,21,5,6,83.3,3,7,42.9,2,2,100.0,8,13,61.5,Q4,40,00:04,3FGA,3P,3,OUT,False,Missed Three Pointer (3/4 -  13 pt),P006643,"PUERTO, JOSEP",Valencia Basket,PAM,,,,,,,,,,,,,,1,FIRST_ONLY,False,False,True,False,False
E2025,156,Paris Basketball vs FC Barcelona,69,85,Q1,1,09:26,2FGA,2P,2,OUT,False,Missed Two Pointer (0/1 -  0 pt),P003196,"HERNANGOMEZ, WILLY",FC Barcelona,BAR,,,,,,,,,,,,,,Q4,40,00:01,3FGA,3P,3,OUT,False,Missed Three Pointer (0/1 -  0 pt),P009948,"MARCOS, JUANI",FC Barcelona,BAR,,,,,,,,,,,,,,0,BOTH_MISSED,False,True,False,False,False
E2025,157,Kosner Baskonia Vitoria-Gasteiz vs AS Monaco,85,73,Q1,1,09:26,2FGM,2P,2,IN,True,Two Pointer (1/1 -  2 pt),P014190,"RADZEVICIUS, GYTIS",Kosner Baskonia Vitoria-Gasteiz,BAS,12,3,5,60.0,2,2,100.0,0,0,0.0,5,7,71.4,Q4,40,00:08,2FGA,2P,2,OUT,False,Missed Two Pointer (5/14 -  21 pt),P005985,"JAMES, MIKE",AS Monaco,MCO,,,,,,,,,,,,,,1,FIRST_ONLY,False,False,True,False,False
E2025,158,LDLC ASVEL Villeurbanne vs FC Bayern Munich,76,74,Q1,1,09:43,3FGM,3P,3,IN,True,Three Pointer (1/1 -  3 pt),P013371,"HARRISON, SHAQUILLE",LDLC ASVEL Villeurbanne,ASV,8,2,5,40.0,1,1,100.0,1,2,50.0,3,6,50.0,Q4,40,00:01,3FGA,3P,3,OUT,False,Missed Three Pointer (0/3 -  2 pt),P003526,"LIGHTY, DAVID",LDLC ASVEL Villeurbanne,ASV,,,,,,,,,,,,,,1,FIRST_ONLY,False,False,True,False,False
E2025,159,Partizan Mozzart Bet Belgrade vs Virtus Bologna,68,86,Q1,1,09:41,2FGA,2P,2,OUT,False,Missed Two Pointer (0/1 -  0 pt),P011987,"EDWARDS, CARSEN",Virtus Bologna,VIR,,,,,,,,,,,,,,Q4,40,00:01,3FGA,3P,3,OUT,False,Missed Three Pointer (0/1 -  4 pt),P014007,"MILTON, SHAKE",Partizan Mozzart Bet Belgrade,PAR,,,,,,,,,,,,,,0,BOTH_MISSED,False,True,False,False,False
E2025,160,Zalgiris Kaunas vs Anadolu Efes Istanbul,64,87,Q1,1,09:37,2FGM,2P,2,IN,True,Two Pointer (1/1 -  2 pt),P004887,"POIRIER, VINCENT",Anadolu Efes Istanbul,IST,14,4,10,40.0,0,0,0.0,6,8,75.0,4,10,40.0,Q4,40,00:02,3FGM,3P,3,IN,True,Three Pointer (1/1 -  5 pt),P008176,"MUTAF, DAVID",Anadolu Efes Istanbul,IST,5,1,1,100.0,1,1,100.0,0,0,0.0,2,2,100.0,2,BOTH_SCORED,True,False,False,False,False
E2025,161,EA7 Emporio Armani Milan vs Fenerbahce Beko Istanbul,72,87,Q1,1,09:44,2FGM,2P,2,IN,True,Two Pointer (1/1 -  2 pt),P007056,"BOOKER, DEVIN",EA7 Emporio Armani Milan,MIL,10,3,3,100.0,0,0,0.0,4,4,100.0,3,3,100.0,Q4,40,00:06,3FGA,3P,3,OUT,False,Missed Three Pointer (2/7 -  10 pt),P007831,"SHIELDS, SHAVON",EA7 Emporio Armani Milan,MIL,,,,,,,,,,,,,,1,FIRST_ONLY,False,False,True,False,False
E2025,162,Maccabi Rapyd Tel Aviv vs Valencia Basket,85,82,Q1,1,09:46,3FGA,3P,3,OUT,False,Missed Three Pointer (0/1 -  0 pt),P010393,"PRADILLA, JAIME",Valencia Basket,PAM,,,,,,,,,,,,,,Q4,40,00:00,3FGA,3P,3,OUT,False,Missed Three Pointer (1/8 -  11 pt),P010042,"MONTERO, JEAN",Valencia Basket,PAM,,,,,,,,,,,,,,0,BOTH_MISSED,False,True,False,False,False
E2025,163,Panathinaikos AKTOR Athens vs Hapoel IBI Tel Aviv,93,82,Q1,1,09:35,2FGA,2P,2,OUT,False,Missed Two Pointer (0/1 -  0 pt),P011204,"GRANT, JERIAN",Panathinaikos AKTOR Athens,PAN,,,,,,,,,,,,,,Q4,40,00:00,3FGA,3P,3,OUT,False,Missed Three Pointer (1/5 -  19 pt),P012774,"NUNN, KENDRICK",Panathinaikos AKTOR Athens,PAN,,,,,,,,,,,,,,0,BOTH_MISSED,False,True,False,False,False
E2025,164,Real Madrid vs Paris Basketball,95,90,Q1,1,09:44,3FGA,3P,3,OUT,False,Missed Three Pointer (0/1 -  0 pt),P003108,"HEZONJA, MARIO",Real Madrid,MAD,,,,,,,,,,,,,,Q4,40,00:03,3FGA,3P,3,OUT,False,Missed Three Pointer (1/11 -  11 pt),P012640,"HIFI, NADIR",Paris Basketball,PRS,,,,,,,,,,,,,,0,BOTH_MISSED,False,True,False,False,False
E2025,165,Anadolu Efes Istanbul vs Dubai Basketball,76,80,Q1,1,09:18,2FGA,2P,2,OUT,False,Missed Two Pointer (0/1 -  0 pt),P011286,"BACON, DWAYNE",Dubai Basketball,DUB,,,,,,,,,,,,,,Q4,40,00:01,3FGA,3P,3,OUT,False,Missed Three Pointer (1/5 -  11 pt),P009549,"CORDINIER, ISAIA",Anadolu Efes Istanbul,IST,,,,,,,,,,,,,,0,BOTH_MISSED,False,True,False,False,False
E2025,166,AS Monaco vs FC Bayern Munich,103,77,Q1,1,09:37,2FGA,2P,2,OUT,False,Missed Two Pointer (0/1 -  0 pt),P013386,"MCCORMACK, DAVID",FC Bayern Munich,MUN,,,,,,,,,,,,,,Q4,40,00:00,2FGM,2P,2,IN,True,Two Pointer (1/2 -  8 pt),P011836,"MIKE, ISIAHA",FC Bayern Munich,MUN,8,1,2,50.0,2,4,50.0,0,0,0.0,3,6,50.0,1,LAST_ONLY,False,False,True,False,False
E2025,167,Crvena Zvezda Meridianbet Belgrade vs Virtus Bologna,90,89,Q1,1,09:37,3FGA,3P,3,OUT,False,Missed Three Pointer (0/1 -  0 pt),P011987,"EDWARDS, CARSEN",Virtus Bologna,VIR,,,,,,,,,,,,,,Q4,40,00:02,3FGA,3P,3,OUT,False,Missed Three Pointer (4/10 -  29 pt),P011987,"EDWARDS, CARSEN",Virtus Bologna,VIR,,,,,,,,,,,,,,0,BOTH_MISSED,False,True,False,False,True
E2025,168,FC Barcelona vs Kosner Baskonia Vitoria-Gasteiz,134,124,Q1,1,09:41,3FGA,3P,3,OUT,False,Missed Three Pointer (0/1 -  0 pt),P004888,"CLYBURN, WILL",FC Barcelona,BAR,,,,,,,,,,,,,,OT,55,00:00,3FGA,3P,3,OUT,False,Missed Three Pointer (4/7 -  43 pt),P009862,"PUNTER, KEVIN",FC Barcelona,BAR,,,,,,,,,,,,,,0,BOTH_MISSED,False,True,False,False,False
E2025,169,Olympiacos Piraeus vs LDLC ASVEL Villeurbanne,107,84,Q1,1,09:35,2FGA,2P,2,OUT,False,Missed Two Pointer (0/1 -  0 pt),P003469,"VEZENKOV, SASHA",Olympiacos Piraeus,OLY,,,,,,,,,,,,,,Q4,40,00:00,3FGA,3P,3,OUT,False,Missed Three Pointer (0/1 -  2 pt),P014122,"NETZIPOGLOU, OMIROS",Olympiacos Piraeus,OLY,,,,,,,,,,,,,,0,BOTH_MISSED,False,True,False,False,False
E2025,170,Zalgiris Kaunas vs Partizan Mozzart Bet Belgrade,109,68,Q1,1,09:13,2FGA,2P,2,OUT,False,Missed Two Pointer (0/1 -  0 pt),P011983,"BRAZDEIKIS, IGNAS",Zalgiris Kaunas,ZAL,,,,,,,,,,,,,,Q4,40,00:14,3FGA,3P,3,OUT,False,Missed Three Pointer (2/8 -  17 pt),P013370,"WASHINGTON, DUANE",Partizan Mozzart Bet Belgrade,PAR,,,,,,,,,,,,,,0,BOTH_MISSED,False,True,False,False,False
E2025,171,FC Bayern Munich vs Hapoel IBI Tel Aviv,72,82,Q1,1,09:46,3FGA,3P,3,OUT,False,Missed Three Pointer (0/1 -  0 pt),P013284,"WAINRIGHT, ISH",Hapoel IBI Tel Aviv,HTA,,,,,,,,,,,,,,Q4,40,00:14,2FGM,2P,2,IN,True,Two Pointer (4/7 -  11 pt),P011836,"MIKE, ISIAHA",FC Bayern Munich,MUN,11,4,7,57.1,1,3,33.3,0,0,0.0,5,10,50.0,1,LAST_ONLY,False,False,True,False,False
E2025,172,Fenerbahce Beko Istanbul vs FC Barcelona,72,71,Q1,1,09:36,FTM,FT,1,IN,True,Free Throw In (1/1 -  1 pt),P014124,"HORTON TUCKER, TALEN",Fenerbahce Beko Istanbul,ULK,16,5,8,62.5,0,1,0.0,6,8,75.0,5,9,55.6,Q4,40,00:01,2FGA,2P,2,OUT,False,Missed Two Pointer (3/9 -  20 pt),P009862,"PUNTER, KEVIN",FC Barcelona,BAR,,,,,,,,,,,,,,1,FIRST_ONLY,False,False,True,False,False
E2025,173,LDLC ASVEL Villeurbanne vs Anadolu Efes Istanbul,103,99,Q1,1,09:36,2FGM,2P,2,IN,True,Two Pointer (1/1 -  2 pt),P004887,"POIRIER, VINCENT",Anadolu Efes Istanbul,IST,17,7,12,58.3,0,0,0.0,3,4,75.0,7,12,58.3,OT,50,00:01,2FGA,2P,2,OUT,False,Missed Two Pointer (1/3 -  5 pt),P007109,"SMITS, ROLANDS",Anadolu Efes Istanbul,IST,,,,,,,,,,,,,,1,FIRST_ONLY,False,False,True,False,False
E2025,174,Paris Basketball vs Crvena Zvezda Meridianbet Belgrade,102,92,Q1,1,09:41,2FGM,2P,2,IN,True,Two Pointer (1/1 -  2 pt),PLCZ,"MOTIEJUNAS, DONATAS",Crvena Zvezda Meridianbet Belgrade,RED,6,3,3,100.0,0,0,0.0,0,2,0.0,3,3,100.0,Q4,40,00:00,3FGA,3P,3,OUT,False,Missed Three Pointer (3/8 -  9 pt),P004197,"OUATTARA, YAKUBA",Paris Basketball,PRS,,,,,,,,,,,,,,1,FIRST_ONLY,False,False,True,False,False
E2025,175,Valencia Basket vs Kosner Baskonia Vitoria-Gasteiz,91,81,Q1,1,09:27,3FGA,3P,3,OUT,False,Missed Three Pointer (0/1 -  0 pt),P011948,"HOWARD, MARKUS",Kosner Baskonia Vitoria-Gasteiz,BAS,,,,,,,,,,,,,,Q4,39,01:58,2FGM,2P,2,IN,True,Two Pointer (1/3 -  14 pt),P010042,"MONTERO, JEAN",Valencia Basket,PAM,16,2,4,50.0,3,7,42.9,3,3,100.0,5,11,45.5,1,LAST_ONLY,False,False,True,False,False
E2025,176,Zalgiris Kaunas vs Panathinaikos AKTOR Athens,85,92,Q1,1,09:36,2FGA,2P,2,OUT,False,Missed Two Pointer (0/1 -  0 pt),P011204,"GRANT, JERIAN",Panathinaikos AKTOR Athens,PAN,,,,,,,,,,,,,,Q4,40,00:02,3FGA,3P,3,OUT,False,Missed Three Pointer (1/2 -  5 pt),P011209,"KALAITZAKIS, PANAGIOTIS",Panathinaikos AKTOR Athens,PAN,,,,,,,,,,,,,,0,BOTH_MISSED,False,True,False,False,False
E2025,177,Dubai Basketball vs EA7 Emporio Armani Milan,99,92,Q1,1,09:45,2FGM,2P,2,IN,True,Two Pointer (1/1 -  2 pt),P012796,"KABENGELE, MFIONDU",Dubai Basketball,DUB,17,5,8,62.5,1,4,25.0,4,5,80.0,6,12,50.0,Q4,40,00:01,2FGA,2P,2,OUT,False,Missed Two Pointer (5/8 -  19 pt),P012606,"WRIGHT IV, MCKINLEY",Dubai Basketball,DUB,,,,,,,,,,,,,,1,FIRST_ONLY,False,False,True,False,False
E2025,178,AS Monaco vs Real Madrid,100,95,Q1,1,09:41,FTM,FT,1,IN,True,Free Throw In (1/1 -  1 pt),P011226,"DIALLO, ALPHA",AS Monaco,MCO,11,4,7,57.1,0,2,0.0,3,5,60.0,4,9,44.4,Q4,40,00:05,FTM,FT,1,IN,True,Free Throw In (3/4 -  15 pt),P005985,"JAMES, MIKE",AS Monaco,MCO,15,3,8,37.5,2,4,50.0,3,4,75.0,5,12,41.7,2,BOTH_SCORED,True,False,False,False,False
E2025,179,Partizan Mozzart Bet Belgrade vs Maccabi Rapyd Tel Aviv,87,112,Q1,1,09:44,FTM,FT,1,IN,True,Free Throw In (1/1 -  1 pt),P010581,"OSETKOWSKI, DYLAN",Partizan Mozzart Bet Belgrade,PAR,8,2,3,66.7,0,4,0.0,4,4,100.0,2,7,28.6,Q4,40,00:20,2FGA,2P,2,OUT,False,Missed Two Pointer (0/1 -  6 pt),P007736,"LAKIC, ARIJAN",Partizan Mozzart Bet Belgrade,PAR,,,,,,,,,,,,,,1,FIRST_ONLY,False,False,True,False,False
E2025,180,Virtus Bologna vs Olympiacos Piraeus,94,97,Q1,1,09:42,2FGA,2P,2,OUT,False,Missed Two Pointer (0/1 -  0 pt),P011987,"EDWARDS, CARSEN",Virtus Bologna,VIR,,,,,,,,,,,,,,Q4,40,00:02,3FGA,3P,3,OUT,False,Missed Three Pointer (2/4 -  8 pt),P014005,"ALSTON JR. , DERRICK",Virtus Bologna,VIR,,,,,,,,,,,,,,0,BOTH_MISSED,False,True,False,False,False
E2025,181,FC Barcelona vs AS Monaco,74,90,Q1,1,09:39,2FGA,2P,2,OUT,False,Missed Two Pointer (0/1 -  0 pt),P011212,"OKOBO, ELIE",AS Monaco,MCO,,,,,,,,,,,,,,Q4,40,00:00,3FGM,3P,3,IN,True,Three Pointer (2/3 -  12 pt),P011212,"OKOBO, ELIE",AS Monaco,MCO,12,3,8,37.5,2,3,66.7,0,0,0.0,5,11,45.5,1,LAST_ONLY,False,False,True,False,True
E2025,182,Hapoel IBI Tel Aviv vs Zalgiris Kaunas,80,93,Q1,1,09:38,3FGM,3P,3,IN,True,Three Pointer (1/1 -  3 pt),P013284,"WAINRIGHT, ISH",Hapoel IBI Tel Aviv,HTA,9,0,1,0.0,3,6,50.0,0,0,0.0,3,7,42.9,Q4,40,00:55,2FGM,2P,2,IN,True,Two Pointer (4/7 -  10 pt),P007975,"FRANCISCO, SYLVAIN",Zalgiris Kaunas,ZAL,13,4,7,57.1,1,3,33.3,2,4,50.0,5,10,50.0,2,BOTH_SCORED,True,False,False,False,False
E2025,183,LDLC ASVEL Villeurbanne vs Paris Basketball,94,89,Q1,1,09:39,2FGA,2P,2,OUT,False,Missed Two Pointer (0/1 -  0 pt),P013371,"HARRISON, SHAQUILLE",LDLC ASVEL Villeurbanne,ASV,,,,,,,,,,,,,,Q4,40,00:01,3FGA,3P,3,OUT,False,Missed Three Pointer (2/6 -  6 pt),P010431,"MORGAN, JEREMY",Paris Basketball,PRS,,,,,,,,,,,,,,0,BOTH_MISSED,False,True,False,False,False
E2025,184,Valencia Basket vs Partizan Mozzart Bet Belgrade,86,73,Q1,1,09:44,3FGA,3P,3,OUT,False,Missed Three Pointer (0/1 -  0 pt),P007527,"BADIO, BRANCOU",Valencia Basket,PAM,,,,,,,,,,,,,,Q4,40,00:04,3FGA,3P,3,OUT,False,Missed Three Pointer (3/8 -  17 pt),P011078,"THOMPSON, DARIUS",Valencia Basket,PAM,,,,,,,,,,,,,,0,BOTH_MISSED,False,True,False,False,False
E2025,185,Anadolu Efes Istanbul vs Crvena Zvezda Meridianbet Belgrade,65,87,Q1,1,09:36,3FGA,3P,3,OUT,False,Missed Three Pointer (0/1 -  0 pt),P012742,"DOZIER, PJ",Anadolu Efes Istanbul,IST,,,,,,,,,,,,,,Q4,40,00:03,3FGA,3P,3,OUT,False,Missed Three Pointer (2/4 -  17 pt),P010391,"WEILER-BABB, NICK",Anadolu Efes Istanbul,IST,,,,,,,,,,,,,,0,BOTH_MISSED,False,True,False,False,False
E2025,186,Kosner Baskonia Vitoria-Gasteiz vs Fenerbahce Beko Istanbul,93,108,Q1,1,09:40,2FGM,2P,2,IN,True,Two Pointer (1/1 -  2 pt),P014124,"HORTON TUCKER, TALEN",Fenerbahce Beko Istanbul,ULK,12,5,7,71.4,0,1,0.0,2,2,100.0,5,8,62.5,Q4,40,00:20,3FGA,3P,3,OUT,False,Missed Three Pointer (1/5 -  16 pt),P014152,"SIMMONS, KOBI",Kosner Baskonia Vitoria-Gasteiz,BAS,,,,,,,,,,,,,,1,FIRST_ONLY,False,False,True,False,False
E2025,187,FC Bayern Munich vs Maccabi Rapyd Tel Aviv,95,71,Q1,1,09:45,FTM,FT,1,IN,True,Free Throw In (1/1 -  1 pt),P011219,"SORKIN, ROMAN",Maccabi Rapyd Tel Aviv,TEL,9,3,5,60.0,0,1,0.0,3,4,75.0,3,6,50.0,Q4,40,00:17,3FGA,3P,3,OUT,False,Missed Three Pointer (0/2 -  2 pt),P014120,"LAVI, GUR",Maccabi Rapyd Tel Aviv,TEL,,,,,,,,,,,,,,1,FIRST_ONLY,False,False,True,False,False
E2025,188,Panathinaikos AKTOR Athens vs Olympiacos Piraeus,82,87,Q1,1,09:45,2FGM,2P,2,IN,True,Two Pointer (1/1 -  2 pt),P009849,"DORSEY, TYLER",Olympiacos Piraeus,OLY,21,4,5,80.0,3,8,37.5,4,4,100.0,7,13,53.8,Q4,40,00:04,3FGA,3P,3,OUT,False,Missed Three Pointer (3/9 -  32 pt),P012774,"NUNN, KENDRICK",Panathinaikos AKTOR Athens,PAN,,,,,,,,,,,,,,1,FIRST_ONLY,False,False,True,False,False
E2025,189,Real Madrid vs Dubai Basketball,107,93,Q1,1,09:44,3FGM,3P,3,IN,True,Three Pointer (1/1 -  3 pt),P003108,"HEZONJA, MARIO",Real Madrid,MAD,20,5,9,55.6,2,5,40.0,4,4,100.0,7,14,50.0,Q4,35,05:57,2FGA,2P,2,OUT,False,Missed Two Pointer (1/2 -  10 pt),P009005,"DECK, GABRIEL",Real Madrid,MAD,,,,,,,,,,,,,,1,FIRST_ONLY,False,False,True,False,False
E2025,190,Virtus Bologna vs EA7 Emporio Armani Milan,97,85,Q1,1,09:47,FTM,FT,1,IN,True,Free Throw In (1/1 -  1 pt),P007056,"BOOKER, DEVIN",EA7 Emporio Armani Milan,MIL,12,4,4,100.0,0,0,0.0,4,4,100.0,4,4,100.0,Q4,40,00:01,3FGA,3P,3,OUT,False,Missed Three Pointer (2/7 -  11 pt),P007831,"SHIELDS, SHAVON",EA7 Emporio Armani Milan,MIL,,,,,,,,,,,,,,1,FIRST_ONLY,False,False,True,False,False
E2025,191,AS Monaco vs Partizan Mozzart Bet Belgrade,101,84,Q1,1,09:14,2FGA,2P,2,OUT,False,Missed Two Pointer (0/1 -  0 pt),P004132,"THEIS, DANIEL",AS Monaco,MCO,,,,,,,,,,,,,,Q4,40,00:00,3FGA,3P,3,OUT,False,Missed Three Pointer (2/5 -  8 pt),P004761,"MARINKOVIC, VANJA",Partizan Mozzart Bet Belgrade,PAR,,,,,,,,,,,,,,0,BOTH_MISSED,False,True,False,False,False
E2025,192,Crvena Zvezda Meridianbet Belgrade vs Valencia Basket,89,106,Q1,1,09:50,FTA,FT,1,OUT,False,Missed Free Throw (0/1 -  0 pt),P007527,"BADIO, BRANCOU",Valencia Basket,PAM,,,,,,,,,,,,,,Q4,40,00:05,2FGA,2P,2,OUT,False,Missed Two Pointer (4/10 -  22 pt),P013363,"NWORA, JORDAN",Crvena Zvezda Meridianbet Belgrade,RED,,,,,,,,,,,,,,0,BOTH_MISSED,False,True,False,False,False
E2025,193,FC Barcelona vs Maccabi Rapyd Tel Aviv,93,83,Q1,1,09:32,2FGA,2P,2,OUT,False,Missed Two Pointer (0/1 -  0 pt),P013269,"CALE, MYLES",FC Barcelona,BAR,,,,,,,,,,,,,,Q4,40,00:10,3FGA,3P,3,OUT,False,Missed Three Pointer (4/9 -  14 pt),P010781,"LUNDBERG, IFFE",Maccabi Rapyd Tel Aviv,TEL,,,,,,,,,,,,,,0,BOTH_MISSED,False,True,False,False,False
E2025,194,Fenerbahce Beko Istanbul vs Olympiacos Piraeus,88,80,Q1,1,09:17,2FGM,2P,2,IN,True,Two Pointer (1/1 -  2 pt),P002849,"MELLI, NICOLO",Fenerbahce Beko Istanbul,ULK,11,1,3,33.3,3,5,60.0,0,1,0.0,4,8,50.0,Q4,40,00:01,3FGA,3P,3,OUT,False,Missed Three Pointer (3/9 -  15 pt),P013380,"FOURNIER, EVAN",Olympiacos Piraeus,OLY,,,,,,,,,,,,,,1,FIRST_ONLY,False,False,True,False,False
E2025,195,Hapoel IBI Tel Aviv vs Dubai Basketball,85,60,Q1,1,09:44,2FGM,2P,2,IN,True,Two Pointer (1/1 -  2 pt),P009846,"BRYANT, ELIJAH",Hapoel IBI Tel Aviv,HTA,8,3,7,42.9,0,1,0.0,2,2,100.0,3,8,37.5,Q4,40,00:12,2FGM,2P,2,IN,True,Two Pointer (3/6 -  6 pt),P008325,"KAMENJAS, KENAN",Dubai Basketball,DUB,6,3,6,50.0,0,0,0.0,0,0,0.0,3,6,50.0,2,BOTH_SCORED,True,False,False,False,False
E2025,196,LDLC ASVEL Villeurbanne vs Real Madrid,69,80,Q1,1,09:32,2FGM,2P,2,IN,True,Two Pointer (1/1 -  2 pt),PKLT,"HEURTEL, THOMAS",LDLC ASVEL Villeurbanne,ASV,12,2,7,28.6,2,4,50.0,2,2,100.0,4,11,36.4,Q4,40,00:04,FTM,FT,1,IN,True,Free Throw In (3/4 -  5 pt),P007630,"GARUBA, USMAN",Real Madrid,MAD,5,1,2,50.0,0,0,0.0,3,4,75.0,1,2,50.0,2,BOTH_SCORED,True,False,False,False,False
E2025,197,Panathinaikos AKTOR Athens vs EA7 Emporio Armani Milan,74,87,Q1,1,09:19,3FGM,3P,3,IN,True,Three Pointer (1/1 -  3 pt),P013384,"BROOKS, ARMONI",EA7 Emporio Armani Milan,MIL,24,3,6,50.0,5,9,55.6,3,3,100.0,8,15,53.3,Q4,40,00:04,2FGA,2P,2,OUT,False,Missed Two Pointer (3/6 -  13 pt),P001926,"SLOUKAS, KOSTAS",Panathinaikos AKTOR Athens,PAN,,,,,,,,,,,,,,1,FIRST_ONLY,False,False,True,False,False
E2025,198,Virtus Bologna vs Zalgiris Kaunas,83,79,Q1,1,09:45,2FGA,2P,2,OUT,False,Missed Two Pointer (0/1 -  0 pt),P002329,"ULANOVAS, EDGARAS",Zalgiris Kaunas,ZAL,,,,,,,,,,,,,,Q4,40,00:03,3FGA,3P,3,OUT,False,Missed Three Pointer (2/5 -  12 pt),P007947,"VILDOZA, LUCA",Virtus Bologna,VIR,,,,,,,,,,,,,,0,BOTH_MISSED,False,True,False,False,False
E2025,199,Anadolu Efes Istanbul vs Paris Basketball,79,84,Q1,1,09:34,3FGA,3P,3,OUT,False,Missed Three Pointer (0/1 -  0 pt),P010431,"MORGAN, JEREMY",Paris Basketball,PRS,,,,,,,,,,,,,,Q4,40,00:07,3FGA,3P,3,OUT,False,Missed Three Pointer (2/4 -  9 pt),P012742,"DOZIER, PJ",Anadolu Efes Istanbul,IST,,,,,,,,,,,,,,0,BOTH_MISSED,False,True,False,False,False
E2025,200,FC Bayern Munich vs Kosner Baskonia Vitoria-Gasteiz,96,89,Q1,1,09:47,2FGM,2P,2,IN,True,Two Pointer (1/1 -  2 pt),P008072,"DIOP, KHALIFA",Kosner Baskonia Vitoria-Gasteiz,BAS,4,2,3,66.7,0,0,0.0,0,0,0.0,2,3,66.7,Q4,40,00:20,2FGM,2P,2,IN,True,Two Pointer (4/4 -  8 pt),P014152,"SIMMONS, KOBI",Kosner Baskonia Vitoria-Gasteiz,BAS,8,4,4,100.0,0,4,0.0,0,0,0.0,4,8,50.0,2,BOTH_SCORED,True,False,False,False,False
E2025,201,Dubai Basketball vs Fenerbahce Beko Istanbul,92,81,Q1,1,09:47,2FGM,2P,2,IN,True,Two Pointer (1/1 -  2 pt),P011205,"HALL, DEVON",Fenerbahce Beko Istanbul,ULK,9,2,5,40.0,1,3,33.3,2,2,100.0,3,8,37.5,Q4,40,00:01,2FGM,2P,2,IN,True,Two Pointer (9/11 -  22 pt),P012606,"WRIGHT IV, MCKINLEY",Dubai Basketball,DUB,22,9,11,81.8,0,2,0.0,4,4,100.0,9,13,69.2,2,BOTH_SCORED,True,False,False,False,False
E2025,202,Real Madrid vs Maccabi Rapyd Tel Aviv,98,86,Q1,1,09:49,2FGA,2P,2,OUT,False,Missed Two Pointer (0/1 -  0 pt),P014006,"OKEKE, CHUMA",Real Madrid,MAD,,,,,,,,,,,,,,Q4,40,00:01,3FGA,3P,3,OUT,False,Missed Three Pointer (0/3 -  12 pt),P010781,"LUNDBERG, IFFE",Maccabi Rapyd Tel Aviv,TEL,,,,,,,,,,,,,,0,BOTH_MISSED,False,True,False,False,False
E2025,203,Valencia Basket vs AS Monaco,92,101,Q1,1,09:43,2FGA,2P,2,OUT,False,Missed Two Pointer (0/1 -  0 pt),P014115,"MOORE, OMARI",Valencia Basket,PAM,,,,,,,,,,,,,,Q4,40,00:00,2FGA,2P,2,OUT,False,Missed Two Pointer (4/5 -  17 pt),P011226,"DIALLO, ALPHA",AS Monaco,MCO,,,,,,,,,,,,,,0,BOTH_MISSED,False,True,False,False,False
E2025,204,Panathinaikos AKTOR Athens vs Virtus Bologna,84,71,Q1,1,09:34,2FGA,2P,2,OUT,False,Missed Two Pointer (0/1 -  0 pt),P001926,"SLOUKAS, KOSTAS",Panathinaikos AKTOR Athens,PAN,,,,,,,,,,,,,,Q4,40,00:00,3FGA,3P,3,OUT,False,Missed Three Pointer (0/2 -  7 pt),P011204,"GRANT, JERIAN",Panathinaikos AKTOR Athens,PAN,,,,,,,,,,,,,,0,BOTH_MISSED,False,True,False,False,False
E2025,205,Hapoel IBI Tel Aviv vs Paris Basketball,93,82,Q1,1,09:40,2FGA,2P,2,OUT,False,Missed Two Pointer (0/1 -  0 pt),P009846,"BRYANT, ELIJAH",Hapoel IBI Tel Aviv,HTA,,,,,,,,,,,,,,Q4,39,01:06,2FGA,2P,2,OUT,False,Missed Two Pointer (5/9 -  16 pt),P012640,"HIFI, NADIR",Paris Basketball,PRS,,,,,,,,,,,,,,0,BOTH_MISSED,False,True,False,False,False
E2025,206,Kosner Baskonia Vitoria-Gasteiz vs LDLC ASVEL Villeurbanne,78,73,Q1,1,09:22,3FGA,3P,3,OUT,False,Missed Three Pointer (0/1 -  0 pt),P014088,"SELJAAS, ZACHARY",LDLC ASVEL Villeurbanne,ASV,,,,,,,,,,,,,,Q4,40,00:00,2FGA,2P,2,OUT,False,Missed Two Pointer (2/3 -  4 pt),P014119,"NOWELL, MARKQUIS",Kosner Baskonia Vitoria-Gasteiz,BAS,,,,,,,,,,,,,,0,BOTH_MISSED,False,True,False,False,False
E2025,207,EA7 Emporio Armani Milan vs Anadolu Efes Istanbul,87,74,Q1,1,09:42,2FGM,2P,2,IN,True,Two Pointer (1/1 -  2 pt),P010318,"DESSERT, BRICE",Anadolu Efes Istanbul,IST,6,3,3,100.0,0,0,0.0,0,0,0.0,3,3,100.0,Q4,40,00:26,3FGA,3P,3,OUT,False,Missed Three Pointer (1/6 -  10 pt),P012742,"DOZIER, PJ",Anadolu Efes Istanbul,IST,,,,,,,,,,,,,,1,FIRST_ONLY,False,False,True,False,False
E2025,208,FC Barcelona vs Partizan Mozzart Bet Belgrade,88,70,Q1,1,09:45,2FGA,2P,2,OUT,False,Missed Two Pointer (0/1 -  0 pt),P012720,"BROWN, STERLING",Partizan Mozzart Bet Belgrade,PAR,,,,,,,,,,,,,,Q4,40,00:01,2FGM,2P,2,IN,True,Two Pointer (5/8 -  20 pt),P013370,"WASHINGTON, DUANE",Partizan Mozzart Bet Belgrade,PAR,20,5,8,62.5,2,4,50.0,4,4,100.0,7,12,58.3,1,LAST_ONLY,False,False,True,False,False
E2025,209,Olympiacos Piraeus vs FC Bayern Munich,95,80,Q1,1,09:22,3FGA,3P,3,OUT,False,Missed Three Pointer (0/1 -  0 pt),P009849,"DORSEY, TYLER",Olympiacos Piraeus,OLY,,,,,,,,,,,,,,Q4,40,00:00,2FGM,2P,2,IN,True,Two Pointer (8/10 -  25 pt),P003469,"VEZENKOV, SASHA",Olympiacos Piraeus,OLY,25,8,10,80.0,2,2,100.0,3,3,100.0,10,12,83.3,1,LAST_ONLY,False,False,True,False,False
E2025,210,Zalgiris Kaunas vs Crvena Zvezda Meridianbet Belgrade,99,67,Q1,1,09:48,3FGA,3P,3,OUT,False,Missed Three Pointer (0/1 -  0 pt),P004866,"KALINIC, NIKOLA",Crvena Zvezda Meridianbet Belgrade,RED,,,,,,,,,,,,,,Q4,40,00:16,FTM,FT,1,IN,True,Free Throw In (2/2 -  7 pt),P014094,"MILJENOVIC, STEFAN",Crvena Zvezda Meridianbet Belgrade,RED,7,1,1,100.0,1,2,50.0,2,2,100.0,2,3,66.7,1,LAST_ONLY,False,False,True,False,False
E2025,211,Anadolu Efes Istanbul vs Kosner Baskonia Vitoria-Gasteiz,75,89,Q1,1,09:19,2FGA,2P,2,OUT,False,Missed Two Pointer (0/1 -  0 pt),P013389,"LEE, SABEN",Anadolu Efes Istanbul,IST,,,,,,,,,,,,,,Q4,40,00:01,2FGM,2P,2,IN,True,Two Pointer (4/7 -  15 pt),P012080,"LUWAWU-CABARROT, TIMOTHE",Kosner Baskonia Vitoria-Gasteiz,BAS,15,4,7,57.1,1,5,20.0,4,5,80.0,5,12,41.7,1,LAST_ONLY,False,False,True,False,False
E2025,212,FC Bayern Munich vs Panathinaikos AKTOR Athens,85,78,Q1,1,09:47,3FGA,3P,3,OUT,False,Missed Three Pointer (0/1 -  0 pt),P001288,"LUCIC, VLADIMIR",FC Bayern Munich,MUN,,,,,,,,,,,,,,Q4,40,00:25,3FGA,3P,3,OUT,False,Missed Three Pointer (2/7 -  20 pt),P004088,"OSMAN, CEDI",Panathinaikos AKTOR Athens,PAN,,,,,,,,,,,,,,0,BOTH_MISSED,False,True,False,False,False
E2025,213,Maccabi Rapyd Tel Aviv vs Zalgiris Kaunas,100,97,Q1,1,09:39,3FGA,3P,3,OUT,False,Missed Three Pointer (0/1 -  0 pt),P013699,"CLARK III, JIMMY",Maccabi Rapyd Tel Aviv,TEL,,,,,,,,,,,,,,Q4,40,00:00,3FGA,3P,3,OUT,False,Missed Three Pointer (2/4 -  8 pt),P007032,"LO, MAODO",Zalgiris Kaunas,ZAL,,,,,,,,,,,,,,0,BOTH_MISSED,False,True,False,False,False
E2025,214,Paris Basketball vs AS Monaco,87,95,Q1,1,09:47,2FGA,2P,2,OUT,False,Missed Two Pointer (0/1 -  0 pt),P014009,"STEVENS, LAMAR",Paris Basketball,PRS,,,,,,,,,,,,,,Q4,40,00:03,2FGM,2P,2,IN,True,Two Pointer (2/5 -  7 pt),P014008,"ROBINSON, JUSTIN",Paris Basketball,PRS,7,2,5,40.0,0,2,0.0,3,4,75.0,2,7,28.6,1,LAST_ONLY,False,False,True,False,False
E2025,215,Dubai Basketball vs Virtus Bologna,72,80,Q1,1,09:46,2FGM,2P,2,IN,True,Two Pointer (1/1 -  2 pt),P011286,"BACON, DWAYNE",Dubai Basketball,DUB,16,4,11,36.4,2,7,28.6,2,2,100.0,6,18,33.3,Q4,40,00:05,3FGA,3P,3,OUT,False,Missed Three Pointer (2/7 -  16 pt),P011286,"BACON, DWAYNE",Dubai Basketball,DUB,,,,,,,,,,,,,,1,FIRST_ONLY,False,False,True,False,True
E2025,216,EA7 Emporio Armani Milan vs Crvena Zvezda Meridianbet Belgrade,96,104,Q1,1,09:42,2FGM,2P,2,IN,True,Two Pointer (1/1 -  2 pt),P009048,"MILLER-MCINTYRE, CODI",Crvena Zvezda Meridianbet Belgrade,RED,15,6,11,54.5,0,2,0.0,3,4,75.0,6,13,46.2,Q4,40,00:08,2FGM,2P,2,IN,True,Two Pointer (6/11 -  15 pt),P009048,"MILLER-MCINTYRE, CODI",Crvena Zvezda Meridianbet Belgrade,RED,15,6,11,54.5,0,2,0.0,3,4,75.0,6,13,46.2,2,BOTH_SCORED,True,False,False,False,True
E2025,217,Fenerbahce Beko Istanbul vs Valencia Basket,82,79,Q1,1,09:53,2FGM,2P,2,IN,True,Two Pointer (1/1 -  2 pt),P011205,"HALL, DEVON",Fenerbahce Beko Istanbul,ULK,10,4,5,80.0,0,0,0.0,2,2,100.0,4,5,80.0,Q4,40,00:01,2FGM,2P,2,IN,True,Two Pointer (2/6 -  13 pt),P011217,"TAYLOR, KAMERON",Valencia Basket,PAM,13,2,6,33.3,2,3,66.7,3,5,60.0,4,9,44.4,2,BOTH_SCORED,True,False,False,False,False
E2025,218,LDLC ASVEL Villeurbanne vs Hapoel IBI Tel Aviv,73,81,Q1,1,09:49,3FGA,3P,3,OUT,False,Missed Three Pointer (0/1 -  0 pt),P009846,"BRYANT, ELIJAH",Hapoel IBI Tel Aviv,HTA,,,,,,,,,,,,,,Q4,40,00:15,3FGA,3P,3,OUT,False,Missed Three Pointer (0/4 -  2 pt),P010319,"TRAORE, ARMEL",LDLC ASVEL Villeurbanne,ASV,,,,,,,,,,,,,,0,BOTH_MISSED,False,True,False,False,False
E2025,219,Partizan Mozzart Bet Belgrade vs Olympiacos Piraeus,66,104,Q1,1,09:41,3FGA,3P,3,OUT,False,Missed Three Pointer (0/1 -  0 pt),P006760,"BONGA, ISAAC",Partizan Mozzart Bet Belgrade,PAR,,,,,,,,,,,,,,Q4,40,00:06,2FGM,2P,2,IN,True,Two Pointer (7/9 -  28 pt),P013370,"WASHINGTON, DUANE",Partizan Mozzart Bet Belgrade,PAR,28,7,9,77.8,3,6,50.0,5,7,71.4,10,15,66.7,1,LAST_ONLY,False,False,True,False,False
E2025,220,Real Madrid vs FC Barcelona,80,61,Q1,1,09:52,2FGA,2P,2,OUT,False,Missed Two Pointer (0/1 -  0 pt),P003733,"ABALDE, ALBERTO",Real Madrid,MAD,,,,,,,,,,,,,,Q4,40,00:32,3FGA,3P,3,OUT,False,Missed Three Pointer (0/3 -  2 pt),P014006,"OKEKE, CHUMA",Real Madrid,MAD,,,,,,,,,,,,,,0,BOTH_MISSED,False,True,False,False,False
E2025,221,AS Monaco vs Crvena Zvezda Meridianbet Belgrade,96,100,Q1,1,09:41,2FGA,2P,2,OUT,False,Missed Two Pointer (0/1 -  0 pt),P004866,"KALINIC, NIKOLA",Crvena Zvezda Meridianbet Belgrade,RED,,,,,,,,,,,,,,OT,45,00:00,2FGM,2P,2,IN,True,Two Pointer (3/5 -  19 pt),P011226,"DIALLO, ALPHA",AS Monaco,MCO,19,3,5,60.0,4,9,44.4,1,3,33.3,7,14,50.0,1,LAST_ONLY,False,False,True,False,False
E2025,222,FC Barcelona vs Dubai Basketball,91,89,Q1,1,09:31,3FGM,3P,3,IN,True,Three Pointer (1/1 -  3 pt),P009992,"BRIZUELA, DARIO",FC Barcelona,BAR,25,6,8,75.0,4,7,57.1,1,1,100.0,10,15,66.7,Q4,40,00:00,3FGA,3P,3,OUT,False,Missed Three Pointer (2/6 -  10 pt),P003983,"AVRAMOVIC, ALEKSA",Dubai Basketball,DUB,,,,,,,,,,,,,,1,FIRST_ONLY,False,False,True,False,False
E2025,223,Hapoel IBI Tel Aviv vs Anadolu Efes Istanbul,71,66,Q1,1,09:40,2FGA,2P,2,OUT,False,Missed Two Pointer (0/1 -  0 pt),P012742,"DOZIER, PJ",Anadolu Efes Istanbul,IST,,,,,,,,,,,,,,Q4,40,00:00,3FGA,3P,3,OUT,False,Missed Three Pointer (1/2 -  3 pt),P006590,"BEAUBOIS, RODRIGUE",Anadolu Efes Istanbul,IST,,,,,,,,,,,,,,0,BOTH_MISSED,False,True,False,False,False
E2025,224,Olympiacos Piraeus vs Maccabi Rapyd Tel Aviv,100,93,Q1,1,09:22,3FGM,3P,3,IN,True,Three Pointer (1/1 -  3 pt),P013699,"CLARK III, JIMMY",Maccabi Rapyd Tel Aviv,TEL,9,0,4,0.0,3,4,75.0,0,0,0.0,3,8,37.5,Q4,40,00:00,3FGM,3P,3,IN,True,Three Pointer (2/4 -  10 pt),P010781,"LUNDBERG, IFFE",Maccabi Rapyd Tel Aviv,TEL,10,1,2,50.0,2,4,50.0,2,3,66.7,3,6,50.0,2,BOTH_SCORED,True,False,False,False,False
E2025,225,Panathinaikos AKTOR Athens vs Kosner Baskonia Vitoria-Gasteiz,93,74,Q1,1,09:44,3FGA,3P,3,OUT,False,Missed Three Pointer (0/1 -  0 pt),P005713,"KURUCS, RODIONS",Kosner Baskonia Vitoria-Gasteiz,BAS,,,,,,,,,,,,,,Q4,40,00:33,3FGA,3P,3,OUT,False,Missed Three Pointer (1/3 -  11 pt),P011442,"SAMODUROV, ALEXANDROS",Panathinaikos AKTOR Athens,PAN,,,,,,,,,,,,,,0,BOTH_MISSED,False,True,False,False,False
E2025,226,FC Bayern Munich vs Partizan Mozzart Bet Belgrade,63,67,Q1,1,09:36,2FGA,2P,2,OUT,False,Missed Two Pointer (0/1 -  0 pt),P013667,"FERNANDO, BRUNO",Partizan Mozzart Bet Belgrade,PAR,,,,,,,,,,,,,,Q4,40,00:01,3FGA,3P,3,OUT,False,Missed Three Pointer (0/1 -  0 pt),P001557,"GIFFEY, NIELS",FC Bayern Munich,MUN,,,,,,,,,,,,,,0,BOTH_MISSED,False,True,False,False,False
E2025,227,Real Madrid vs EA7 Emporio Armani Milan,106,77,Q1,1,09:39,2FGA,2P,2,OUT,False,Missed Two Pointer (0/1 -  0 pt),P003108,"HEZONJA, MARIO",Real Madrid,MAD,,,,,,,,,,,,,,Q4,40,00:01,3FGA,3P,3,OUT,False,Missed Three Pointer (0/3 -  9 pt),P008987,"LEDAY, ZACH",EA7 Emporio Armani Milan,MIL,,,,,,,,,,,,,,0,BOTH_MISSED,False,True,False,False,False
E2025,228,Valencia Basket vs Paris Basketball,98,84,Q1,1,09:43,3FGM,3P,3,IN,True,Three Pointer (1/1 -  3 pt),P011217,"TAYLOR, KAMERON",Valencia Basket,PAM,28,6,8,75.0,2,5,40.0,10,10,100.0,8,13,61.5,Q4,40,00:07,2FGM,2P,2,IN,True,Two Pointer (1/1 -  4 pt),P004197,"OUATTARA, YAKUBA",Paris Basketball,PRS,4,1,1,100.0,0,2,0.0,2,2,100.0,1,3,33.3,2,BOTH_SCORED,True,False,False,False,False
E2025,229,LDLC ASVEL Villeurbanne vs Zalgiris Kaunas,77,96,Q1,1,09:36,3FGM,3P,3,IN,True,Three Pointer (1/1 -  3 pt),P012878,"WRIGHT, MOSES",Zalgiris Kaunas,ZAL,18,4,6,66.7,1,2,50.0,7,8,87.5,5,8,62.5,Q4,40,00:06,2FGA,2P,2,OUT,False,Missed Two Pointer (1/2 -  3 pt),P005504,"BIRUTIS, LAURYNAS",Zalgiris Kaunas,ZAL,,,,,,,,,,,,,,1,FIRST_ONLY,False,False,True,False,False
E2025,230,Virtus Bologna vs Fenerbahce Beko Istanbul,80,85,Q1,1,09:38,2FGM,2P,2,IN,True,Two Pointer (1/1 -  2 pt),P011205,"HALL, DEVON",Fenerbahce Beko Istanbul,ULK,7,2,3,66.7,1,6,16.7,0,0,0.0,3,9,33.3,Q4,40,00:01,FTM,FT,1,IN,True,Free Throw In (2/2 -  8 pt),P012613,"JANTUNEN, MIKAEL",Fenerbahce Beko Istanbul,ULK,8,0,1,0.0,2,3,66.7,2,2,100.0,2,4,50.0,2,BOTH_SCORED,True,False,False,False,False
E2025,231,Anadolu Efes Istanbul vs Olympiacos Piraeus,68,74,Q1,1,09:51,2FGM,2P,2,IN,True,Two Pointer (1/1 -  2 pt),P001255,"PAPANIKOLAOU, KOSTAS",Olympiacos Piraeus,OLY,2,1,2,50.0,0,2,0.0,0,0,0.0,1,4,25.0,Q4,40,00:04,3FGA,3P,3,OUT,False,Missed Three Pointer (1/4 -  8 pt),P009549,"CORDINIER, ISAIA",Anadolu Efes Istanbul,IST,,,,,,,,,,,,,,1,FIRST_ONLY,False,False,True,False,False
E2025,232,FC Bayern Munich vs Valencia Basket,93,89,Q1,1,09:49,2FGM,2P,2,IN,True,Two Pointer (1/1 -  2 pt),P011217,"TAYLOR, KAMERON",Valencia Basket,PAM,20,5,7,71.4,3,6,50.0,1,2,50.0,8,13,61.5,Q4,40,00:02,2FGM,2P,2,IN,True,Two Pointer (1/2 -  5 pt),P010393,"PRADILLA, JAIME",Valencia Basket,PAM,5,1,2,50.0,1,3,33.3,0,0,0.0,2,5,40.0,2,BOTH_SCORED,True,False,False,False,False
E2025,233,Maccabi Rapyd Tel Aviv vs Panathinaikos AKTOR Athens,75,71,Q1,1,09:54,2FGA,2P,2,OUT,False,Missed Two Pointer (0/1 -  0 pt),P013699,"CLARK III, JIMMY",Maccabi Rapyd Tel Aviv,TEL,,,,,,,,,,,,,,Q4,40,00:01,3FGA,3P,3,OUT,False,Missed Three Pointer (2/6 -  13 pt),P011085,"ROGKAVOPOULOS, NIKOLAOS",Panathinaikos AKTOR Athens,PAN,,,,,,,,,,,,,,0,BOTH_MISSED,False,True,False,False,False
E2025,234,Paris Basketball vs Dubai Basketball,79,99,Q1,1,09:19,3FGA,3P,3,OUT,False,Missed Three Pointer (0/1 -  0 pt),P014178,"RHODEN, JARED",Paris Basketball,PRS,,,,,,,,,,,,,,Q4,40,00:02,FTM,FT,1,IN,True,Free Throw In (2/4 -  13 pt),P014008,"ROBINSON, JUSTIN",Paris Basketball,PRS,13,4,7,57.1,1,6,16.7,2,4,50.0,5,13,38.5,1,LAST_ONLY,False,False,True,False,False
E2025,235,Real Madrid vs AS Monaco,90,78,Q1,1,09:43,2FGM,2P,2,IN,True,Two Pointer (1/1 -  2 pt),P004132,"THEIS, DANIEL",AS Monaco,MCO,12,4,6,66.7,1,2,50.0,1,2,50.0,5,8,62.5,Q4,40,00:02,2FGA,2P,2,OUT,False,Missed Two Pointer (2/9 -  7 pt),P011212,"OKOBO, ELIE",AS Monaco,MCO,,,,,,,,,,,,,,1,FIRST_ONLY,False,False,True,False,False
E2025,236,EA7 Emporio Armani Milan vs Zalgiris Kaunas,82,86,Q1,1,09:33,2FGA,2P,2,OUT,False,Missed Two Pointer (0/1 -  0 pt),P012878,"WRIGHT, MOSES",Zalgiris Kaunas,ZAL,,,,,,,,,,,,,,Q4,40,00:03,3FGA,3P,3,OUT,False,Missed Three Pointer (4/10 -  25 pt),P007975,"FRANCISCO, SYLVAIN",Zalgiris Kaunas,ZAL,,,,,,,,,,,,,,0,BOTH_MISSED,False,True,False,False,False
E2025,237,Fenerbahce Beko Istanbul vs Kosner Baskonia Vitoria-Gasteiz,84,71,Q1,1,09:34,2FGA,2P,2,OUT,False,Missed Two Pointer (0/1 -  0 pt),P006961,"BIBEROVIC, TARIK",Fenerbahce Beko Istanbul,ULK,,,,,,,,,,,,,,Q4,40,00:30,2FGA,2P,2,OUT,False,Missed Two Pointer (1/2 -  4 pt),P008072,"DIOP, KHALIFA",Kosner Baskonia Vitoria-Gasteiz,BAS,,,,,,,,,,,,,,0,BOTH_MISSED,False,True,False,False,False
E2025,238,LDLC ASVEL Villeurbanne vs FC Barcelona,91,98,Q1,1,09:37,2FGM,2P,2,IN,True,Two Pointer (1/1 -  2 pt),P014013,"WATSON, GLYNN",LDLC ASVEL Villeurbanne,ASV,23,5,7,71.4,4,6,66.7,1,1,100.0,9,13,69.2,Q4,40,00:00,3FGA,3P,3,OUT,False,Missed Three Pointer (4/6 -  23 pt),P014013,"WATSON, GLYNN",LDLC ASVEL Villeurbanne,ASV,,,,,,,,,,,,,,1,FIRST_ONLY,False,False,True,False,True
E2025,239,Partizan Mozzart Bet Belgrade vs Hapoel IBI Tel Aviv,104,101,Q1,1,09:44,2FGA,2P,2,OUT,False,Missed Two Pointer (0/1 -  0 pt),P006760,"BONGA, ISAAC",Partizan Mozzart Bet Belgrade,PAR,,,,,,,,,,,,,,OT,45,00:00,3FGA,3P,3,OUT,False,Missed Three Pointer (2/5 -  13 pt),P013402,"BLAKENEY, ANTONIO",Hapoel IBI Tel Aviv,HTA,,,,,,,,,,,,,,0,BOTH_MISSED,False,True,False,False,False
E2025,240,Virtus Bologna vs Crvena Zvezda Meridianbet Belgrade,93,102,Q1,1,09:35,3FGM,3P,3,IN,True,Three Pointer (1/1 -  3 pt),P013363,"NWORA, JORDAN",Crvena Zvezda Meridianbet Belgrade,RED,15,2,4,50.0,3,8,37.5,2,2,100.0,5,12,41.7,Q4,40,00:21,3FGA,3P,3,OUT,False,Missed Three Pointer (3/8 -  15 pt),P013363,"NWORA, JORDAN",Crvena Zvezda Meridianbet Belgrade,RED,,,,,,,,,,,,,,1,FIRST_ONLY,False,False,True,False,True
E2025,241,Paris Basketball vs Real Madrid,98,92,Q1,1,09:33,FTM,FT,1,IN,True,Free Throw In (1/1 -  1 pt),P003108,"HEZONJA, MARIO",Real Madrid,MAD,16,3,5,60.0,3,8,37.5,1,2,50.0,6,13,46.2,Q4,40,00:00,2FGM,2P,2,IN,True,Two Pointer (4/5 -  11 pt),P013373,"CAVALIERE, LEOPOLD",Paris Basketball,PRS,11,4,5,80.0,1,2,50.0,0,0,0.0,5,7,71.4,2,BOTH_SCORED,True,False,False,False,False
E2025,242,Fenerbahce Beko Istanbul vs Anadolu Efes Istanbul,79,62,Q1,1,09:21,3FGM,3P,3,IN,True,Three Pointer (1/1 -  3 pt),P014124,"HORTON TUCKER, TALEN",Fenerbahce Beko Istanbul,ULK,22,3,5,60.0,4,7,57.1,4,4,100.0,7,12,58.3,Q4,40,00:22,2FGM,2P,2,IN,True,Two Pointer (7/10 -  19 pt),P013389,"LEE, SABEN",Anadolu Efes Istanbul,IST,19,7,10,70.0,0,4,0.0,5,8,62.5,7,14,50.0,2,BOTH_SCORED,True,False,False,False,False
E2025,243,Hapoel IBI Tel Aviv vs FC Bayern Munich,64,79,Q1,1,09:45,2FGA,2P,2,OUT,False,Missed Two Pointer (0/1 -  0 pt),P002580,"MICIC, VASILIJE",Hapoel IBI Tel Aviv,HTA,,,,,,,,,,,,,,Q4,40,00:22,3FGM,3P,3,IN,True,Three Pointer (1/4 -  7 pt),P010568,"JONES, CHRIS",Hapoel IBI Tel Aviv,HTA,7,2,3,66.7,1,4,25.0,0,0,0.0,3,7,42.9,1,LAST_ONLY,False,False,True,False,False
E2025,244,Olympiacos Piraeus vs FC Barcelona,87,75,Q1,1,09:44,2FGM,2P,2,IN,True,Two Pointer (1/1 -  2 pt),P001133,"SHENGELIA, TORNIKE",FC Barcelona,BAR,12,5,8,62.5,0,1,0.0,2,4,50.0,5,9,55.6,Q4,40,00:00,2FGM,2P,2,IN,True,Two Pointer (6/9 -  12 pt),P000925,"VESELY, JAN",FC Barcelona,BAR,12,6,9,66.7,0,1,0.0,0,0,0.0,6,10,60.0,2,BOTH_SCORED,True,False,False,False,False
E2025,245,Valencia Basket vs Maccabi Rapyd Tel Aviv,94,83,Q1,1,09:41,2FGM,2P,2,IN,True,Two Pointer (1/1 -  2 pt),P010545,"SAKO, NEAL",Valencia Basket,PAM,12,5,5,100.0,0,0,0.0,2,5,40.0,5,5,100.0,Q4,40,00:42,3FGA,3P,3,OUT,False,Missed Three Pointer (0/6 -  10 pt),P007527,"BADIO, BRANCOU",Valencia Basket,PAM,,,,,,,,,,,,,,1,FIRST_ONLY,False,False,True,False,False
E2025,246,EA7 Emporio Armani Milan vs Partizan Mozzart Bet Belgrade,85,79,Q1,1,09:35,2FGM,2P,2,IN,True,Two Pointer (1/1 -  2 pt),P013667,"FERNANDO, BRUNO",Partizan Mozzart Bet Belgrade,PAR,3,1,1,100.0,0,0,0.0,1,2,50.0,1,1,100.0,Q4,40,00:12,3FGA,3P,3,OUT,False,Missed Three Pointer (1/5 -  17 pt),P012720,"BROWN, STERLING",Partizan Mozzart Bet Belgrade,PAR,,,,,,,,,,,,,,1,FIRST_ONLY,False,False,True,False,False
E2025,247,AS Monaco vs Virtus Bologna,82,84,Q1,1,09:41,2FGM,2P,2,IN,True,Two Pointer (1/1 -  2 pt),P014005,"ALSTON JR. , DERRICK",Virtus Bologna,VIR,19,3,5,60.0,4,5,80.0,1,1,100.0,7,10,70.0,Q4,40,00:00,3FGA,3P,3,OUT,False,Missed Three Pointer (4/7 -  12 pt),P011212,"OKOBO, ELIE",AS Monaco,MCO,,,,,,,,,,,,,,1,FIRST_ONLY,False,False,True,False,False
E2025,248,Kosner Baskonia Vitoria-Gasteiz vs Zalgiris Kaunas,102,91,Q1,1,09:46,FTM,FT,1,IN,True,Free Throw In (1/1 -  1 pt),P007975,"FRANCISCO, SYLVAIN",Zalgiris Kaunas,ZAL,30,5,5,100.0,3,9,33.3,11,11,100.0,8,14,57.1,Q4,40,00:06,FTA,FT,1,OUT,False,Missed Free Throw (1/2 -  1 pt),P008072,"DIOP, KHALIFA",Kosner Baskonia Vitoria-Gasteiz,BAS,,,,,,,,,,,,,,1,FIRST_ONLY,False,False,True,False,False
E2025,249,Crvena Zvezda Meridianbet Belgrade vs Dubai Basketball,95,92,Q1,1,09:47,3FGM,3P,3,IN,True,Three Pointer (1/1 -  3 pt),P012606,"WRIGHT IV, MCKINLEY",Dubai Basketball,DUB,16,5,9,55.6,1,2,50.0,3,3,100.0,6,11,54.5,Q4,40,00:00,3FGM,3P,3,IN,True,Three Pointer (2/2 -  24 pt),P012796,"KABENGELE, MFIONDU",Dubai Basketball,DUB,24,7,9,77.8,2,2,100.0,4,5,80.0,9,11,81.8,2,BOTH_SCORED,True,False,False,False,False
E2025,250,LDLC ASVEL Villeurbanne vs Panathinaikos AKTOR Athens,78,79,Q1,1,09:47,2FGM,2P,2,IN,True,Two Pointer (1/1 -  2 pt),P006725,"EBOUA, PAUL",LDLC ASVEL Villeurbanne,ASV,6,1,5,20.0,1,2,50.0,1,2,50.0,2,7,28.6,Q4,40,00:01,3FGM,3P,3,IN,True,Three Pointer (3/4 -  20 pt),P010465,"ANGOLA, BRAIAN",LDLC ASVEL Villeurbanne,ASV,20,1,2,50.0,3,4,75.0,9,10,90.0,4,6,66.7,2,BOTH_SCORED,True,False,False,False,False
E2025,251,Anadolu Efes Istanbul vs Valencia Basket,107,90,Q1,1,09:49,2FGM,2P,2,IN,True,Two Pointer (1/1 -  2 pt),P010391,"WEILER-BABB, NICK",Anadolu Efes Istanbul,IST,7,2,4,50.0,1,2,50.0,0,0,0.0,3,6,50.0,Q4,40,00:01,2FGA,2P,2,OUT,False,Missed Two Pointer (0/2 -  0 pt),P010750,"DE LARREA, SERGIO",Valencia Basket,PAM,,,,,,,,,,,,,,1,FIRST_ONLY,False,False,True,False,False
E2025,252,Crvena Zvezda Meridianbet Belgrade vs Hapoel IBI Tel Aviv,87,75,Q1,1,09:39,3FGA,3P,3,OUT,False,Missed Three Pointer (0/1 -  0 pt),P002580,"MICIC, VASILIJE",Hapoel IBI Tel Aviv,HTA,,,,,,,,,,,,,,Q4,40,00:00,3FGA,3P,3,OUT,False,Missed Three Pointer (4/6 -  16 pt),P010568,"JONES, CHRIS",Hapoel IBI Tel Aviv,HTA,,,,,,,,,,,,,,0,BOTH_MISSED,False,True,False,False,False
E2025,253,Dubai Basketball vs Olympiacos Piraeus,108,98,Q1,1,09:46,2FGA,2P,2,OUT,False,Missed Two Pointer (0/1 -  0 pt),P003469,"VEZENKOV, SASHA",Olympiacos Piraeus,OLY,,,,,,,,,,,,,,OT,45,00:05,2FGA,2P,2,OUT,False,Missed Two Pointer (5/10 -  18 pt),P009849,"DORSEY, TYLER",Olympiacos Piraeus,OLY,,,,,,,,,,,,,,0,BOTH_MISSED,False,True,False,False,False
E2025,254,EA7 Emporio Armani Milan vs Kosner Baskonia Vitoria-Gasteiz,109,89,Q1,1,09:46,2FGA,2P,2,OUT,False,Missed Two Pointer (0/1 -  0 pt),P012593,"ELLIS, QUINN",EA7 Emporio Armani Milan,MIL,,,,,,,,,,,,,,Q4,37,03:07,2FGA,2P,2,OUT,False,Missed Two Pointer (2/4 -  15 pt),P008987,"LEDAY, ZACH",EA7 Emporio Armani Milan,MIL,,,,,,,,,,,,,,0,BOTH_MISSED,False,True,False,False,False
E2025,255,FC Barcelona vs Fenerbahce Beko Istanbul,78,82,Q1,1,09:38,3FGA,3P,3,OUT,False,Missed Three Pointer (0/1 -  0 pt),P002849,"MELLI, NICOLO",Fenerbahce Beko Istanbul,ULK,,,,,,,,,,,,,,Q4,40,00:01,2FGA,2P,2,OUT,False,Missed Two Pointer (4/9 -  11 pt),P009992,"BRIZUELA, DARIO",FC Barcelona,BAR,,,,,,,,,,,,,,0,BOTH_MISSED,False,True,False,False,False
E2025,256,FC Bayern Munich vs Paris Basketball,81,75,Q1,1,09:27,3FGA,3P,3,OUT,False,Missed Three Pointer (0/1 -  0 pt),P011836,"MIKE, ISIAHA",FC Bayern Munich,MUN,,,,,,,,,,,,,,Q4,40,00:11,3FGA,3P,3,OUT,False,Missed Three Pointer (2/6 -  15 pt),P014178,"RHODEN, JARED",Paris Basketball,PRS,,,,,,,,,,,,,,0,BOTH_MISSED,False,True,False,False,False
E2025,257,Maccabi Rapyd Tel Aviv vs Partizan Mozzart Bet Belgrade,95,93,Q1,1,09:39,2FGM,2P,2,IN,True,Two Pointer (1/1 -  2 pt),P010581,"OSETKOWSKI, DYLAN",Partizan Mozzart Bet Belgrade,PAR,17,2,3,66.7,4,5,80.0,1,1,100.0,6,8,75.0,Q4,40,00:00,2FGM,2P,2,IN,True,Two Pointer (6/8 -  21 pt),P013699,"CLARK III, JIMMY",Maccabi Rapyd Tel Aviv,TEL,21,6,8,75.0,2,4,50.0,3,3,100.0,8,12,66.7,2,BOTH_SCORED,True,False,False,False,False
E2025,258,Panathinaikos AKTOR Athens vs Real Madrid,82,81,Q1,1,09:40,2FGA,2P,2,OUT,False,Missed Two Pointer (0/1 -  0 pt),P011204,"GRANT, JERIAN",Panathinaikos AKTOR Athens,PAN,,,,,,,,,,,,,,Q4,40,00:00,3FGA,3P,3,OUT,False,Missed Three Pointer (1/7 -  11 pt),P005928,"CAMPAZZO, FACUNDO",Real Madrid,MAD,,,,,,,,,,,,,,0,BOTH_MISSED,False,True,False,False,False
E2025,259,Zalgiris Kaunas vs AS Monaco,104,87,Q1,1,09:42,2FGM,2P,2,IN,True,Two Pointer (1/1 -  2 pt),P012878,"WRIGHT, MOSES",Zalgiris Kaunas,ZAL,8,4,7,57.1,0,2,0.0,0,1,0.0,4,9,44.4,Q4,40,00:19,2FGM,2P,2,IN,True,Two Pointer (1/1 -  5 pt),P011983,"BRAZDEIKIS, IGNAS",Zalgiris Kaunas,ZAL,5,1,1,100.0,1,2,50.0,0,0,0.0,2,3,66.7,2,BOTH_SCORED,True,False,False,False,False
E2025,260,Virtus Bologna vs LDLC ASVEL Villeurbanne,70,80,Q1,1,09:18,2FGA,2P,2,OUT,False,Missed Two Pointer (0/1 -  0 pt),P014013,"WATSON, GLYNN",LDLC ASVEL Villeurbanne,ASV,,,,,,,,,,,,,,Q4,40,00:19,FTM,FT,1,IN,True,Free Throw In (6/6 -  19 pt),P014013,"WATSON, GLYNN",LDLC ASVEL Villeurbanne,ASV,19,2,6,33.3,3,6,50.0,6,6,100.0,5,12,41.7,1,LAST_ONLY,False,False,True,False,True
E2025,261,Dubai Basketball vs Real Madrid,93,85,Q1,1,09:42,2FGA,2P,2,OUT,False,Missed Two Pointer (0/1 -  0 pt),P011286,"BACON, DWAYNE",Dubai Basketball,DUB,,,,,,,,,,,,,,Q4,40,00:01,3FGA,3P,3,OUT,False,Missed Three Pointer (0/3 -  15 pt),P011286,"BACON, DWAYNE",Dubai Basketball,DUB,,,,,,,,,,,,,,0,BOTH_MISSED,False,True,False,False,True
E2025,262,FC Bayern Munich vs AS Monaco,91,82,Q1,1,09:33,3FGM,3P,3,IN,True,Three Pointer (1/1 -  3 pt),P011836,"MIKE, ISIAHA",FC Bayern Munich,MUN,12,2,4,50.0,2,8,25.0,2,2,100.0,4,12,33.3,Q4,40,00:08,FTM,FT,1,IN,True,Free Throw In (2/2 -  2 pt),P008161,"BEGARIN, JUHANN",AS Monaco,MCO,2,0,1,0.0,0,2,0.0,2,2,100.0,0,3,0.0,2,BOTH_SCORED,True,False,False,False,False
E2025,263,Hapoel IBI Tel Aviv vs Valencia Basket,99,104,Q1,1,09:31,2FGM,2P,2,IN,True,Two Pointer (1/1 -  2 pt),P012738,"REUVERS, NATHAN",Valencia Basket,PAM,20,8,10,80.0,1,3,33.3,1,2,50.0,9,13,69.2,OT,45,00:00,3FGA,3P,3,OUT,False,Missed Three Pointer (0/8 -  7 pt),P002580,"MICIC, VASILIJE",Hapoel IBI Tel Aviv,HTA,,,,,,,,,,,,,,1,FIRST_ONLY,False,False,True,False,False
E2025,264,Paris Basketball vs Fenerbahce Beko Istanbul,90,92,Q1,1,09:33,2FGA,2P,2,OUT,False,Missed Two Pointer (0/1 -  0 pt),P014178,"RHODEN, JARED",Paris Basketball,PRS,,,,,,,,,,,,,,Q4,40,00:01,FTA,FT,1,OUT,False,Missed Free Throw (4/7 -  15 pt),P014124,"HORTON TUCKER, TALEN",Fenerbahce Beko Istanbul,ULK,,,,,,,,,,,,,,0,BOTH_MISSED,False,True,False,False,False
E2025,265,Partizan Mozzart Bet Belgrade vs Panathinaikos AKTOR Athens,78,62,Q1,1,09:37,2FGA,2P,2,OUT,False,Missed Two Pointer (0/1 -  0 pt),P013667,"FERNANDO, BRUNO",Partizan Mozzart Bet Belgrade,PAR,,,,,,,,,,,,,,Q4,40,00:13,FTM,FT,1,IN,True,Free Throw In (3/4 -  7 pt),P007866,"MITOGLOU, KONSTANTINOS",Panathinaikos AKTOR Athens,PAN,7,2,3,66.7,0,1,0.0,3,4,75.0,2,4,50.0,1,LAST_ONLY,False,False,True,False,False
E2025,266,Anadolu Efes Istanbul vs Zalgiris Kaunas,92,82,Q1,1,09:46,2FGA,2P,2,OUT,False,Missed Two Pointer (0/1 -  0 pt),P012878,"WRIGHT, MOSES",Zalgiris Kaunas,ZAL,,,,,,,,,,,,,,Q4,40,00:01,3FGA,3P,3,OUT,False,Missed Three Pointer (1/2 -  3 pt),P007513,"GIEDRAITIS, DOVYDAS",Zalgiris Kaunas,ZAL,,,,,,,,,,,,,,0,BOTH_MISSED,False,True,False,False,False
E2025,267,Kosner Baskonia Vitoria-Gasteiz vs FC Barcelona,91,97,Q1,1,09:47,FTM,FT,1,IN,True,Free Throw In (1/1 -  1 pt),P014134,"NORRIS, MILES",FC Barcelona,BAR,4,1,1,100.0,0,1,0.0,2,2,100.0,1,2,50.0,Q4,40,00:00,3FGA,3P,3,OUT,False,Missed Three Pointer (2/4 -  16 pt),P014027,"DIAKITE, MAMADI",Kosner Baskonia Vitoria-Gasteiz,BAS,,,,,,,,,,,,,,1,FIRST_ONLY,False,False,True,False,False
E2025,268,Crvena Zvezda Meridianbet Belgrade vs Maccabi Rapyd Tel Aviv,82,83,Q1,1,09:27,2FGM,2P,2,IN,True,Two Pointer (1/1 -  2 pt),P013699,"CLARK III, JIMMY",Maccabi Rapyd Tel Aviv,TEL,22,6,9,66.7,3,5,60.0,1,2,50.0,9,14,64.3,Q4,40,00:00,2FGA,2P,2,OUT,False,Missed Two Pointer (1/5 -  2 pt),P009048,"MILLER-MCINTYRE, CODI",Crvena Zvezda Meridianbet Belgrade,RED,,,,,,,,,,,,,,1,FIRST_ONLY,False,False,True,False,False
E2025,269,LDLC ASVEL Villeurbanne vs EA7 Emporio Armani Milan,76,77,Q1,1,09:37,3FGA,3P,3,OUT,False,Missed Three Pointer (0/1 -  0 pt),P010465,"ANGOLA, BRAIAN",LDLC ASVEL Villeurbanne,ASV,,,,,,,,,,,,,,Q4,40,00:00,2FGA,2P,2,OUT,False,Missed Two Pointer (5/12 -  23 pt),P010465,"ANGOLA, BRAIAN",LDLC ASVEL Villeurbanne,ASV,,,,,,,,,,,,,,0,BOTH_MISSED,False,True,False,False,True
E2025,270,Olympiacos Piraeus vs Virtus Bologna,109,77,Q1,1,09:34,3FGM,3P,3,IN,True,Three Pointer (1/1 -  3 pt),P005422,"JALLOW, KARIM",Virtus Bologna,VIR,13,5,10,50.0,1,3,33.3,0,2,0.0,6,13,46.2,Q4,40,00:29,FTM,FT,1,IN,True,Free Throw In (2/2 -  8 pt),P008829,"PETERS, ALEC",Olympiacos Piraeus,OLY,8,3,4,75.0,0,1,0.0,2,2,100.0,3,5,60.0,2,BOTH_SCORED,True,False,False,False,False
E2025,271,Anadolu Efes Istanbul vs Virtus Bologna,91,60,Q1,1,09:47,2FGM,2P,2,IN,True,Two Pointer (1/1 -  2 pt),P012710,"OSMANI, ERCAN",Anadolu Efes Istanbul,IST,13,5,8,62.5,1,1,100.0,0,2,0.0,6,9,66.7,Q4,40,00:02,3FGA,3P,3,OUT,False,Missed Three Pointer (2/4 -  18 pt),P013389,"LEE, SABEN",Anadolu Efes Istanbul,IST,,,,,,,,,,,,,,1,FIRST_ONLY,False,False,True,False,False
E2025,272,Olympiacos Piraeus vs Crvena Zvezda Meridianbet Belgrade,92,86,Q1,1,09:21,3FGA,3P,3,OUT,False,Missed Three Pointer (0/1 -  0 pt),P009849,"DORSEY, TYLER",Olympiacos Piraeus,OLY,,,,,,,,,,,,,,Q4,40,00:21,FTM,FT,1,IN,True,Free Throw In (3/4 -  17 pt),P009849,"DORSEY, TYLER",Olympiacos Piraeus,OLY,17,1,3,33.3,4,9,44.4,3,4,75.0,5,12,41.7,1,LAST_ONLY,False,False,True,False,True
E2025,273,Maccabi Rapyd Tel Aviv vs FC Bayern Munich,111,106,Q1,1,09:24,3FGM,3P,3,IN,True,Three Pointer (1/1 -  3 pt),P013699,"CLARK III, JIMMY",Maccabi Rapyd Tel Aviv,TEL,10,2,6,33.3,2,6,33.3,0,2,0.0,4,12,33.3,OT,45,00:37,3FGA,3P,3,OUT,False,Missed Three Pointer (8/13 -  33 pt),P004508,"OBST, ANDREAS",FC Bayern Munich,MUN,,,,,,,,,,,,,,1,FIRST_ONLY,False,False,True,False,False
E2025,274,Valencia Basket vs LDLC ASVEL Villeurbanne,82,67,Q1,1,09:42,2FGM,2P,2,IN,True,Two Pointer (1/1 -  2 pt),P014088,"SELJAAS, ZACHARY",LDLC ASVEL Villeurbanne,ASV,8,1,1,100.0,2,5,40.0,0,0,0.0,3,6,50.0,Q4,40,00:01,2FGM,2P,2,IN,True,Two Pointer (2/5 -  10 pt),P007527,"BADIO, BRANCOU",Valencia Basket,PAM,10,2,5,40.0,2,4,50.0,0,0,0.0,4,9,44.4,2,BOTH_SCORED,True,False,False,False,False
E2025,275,FC Barcelona vs Paris Basketball,74,85,Q1,1,09:42,3FGA,3P,3,OUT,False,Missed Three Pointer (0/1 -  0 pt),P004888,"CLYBURN, WILL",FC Barcelona,BAR,,,,,,,,,,,,,,Q4,40,00:02,2FGA,2P,2,OUT,False,Missed Two Pointer (3/6 -  7 pt),P003196,"HERNANGOMEZ, WILLY",FC Barcelona,BAR,,,,,,,,,,,,,,0,BOTH_MISSED,False,True,False,False,False
E2025,276,Partizan Mozzart Bet Belgrade vs Real Madrid,73,77,Q1,1,09:40,3FGA,3P,3,OUT,False,Missed Three Pointer (0/1 -  0 pt),P003108,"HEZONJA, MARIO",Real Madrid,MAD,,,,,,,,,,,,,,Q4,40,00:02,3FGA,3P,3,OUT,False,Missed Three Pointer (2/7 -  14 pt),P012720,"BROWN, STERLING",Partizan Mozzart Bet Belgrade,PAR,,,,,,,,,,,,,,0,BOTH_MISSED,False,True,False,False,False
E2025,277,AS Monaco vs Kosner Baskonia Vitoria-Gasteiz,102,92,Q1,1,09:37,2FGM,2P,2,IN,True,Two Pointer (1/1 -  2 pt),P004132,"THEIS, DANIEL",AS Monaco,MCO,10,5,7,71.4,0,2,0.0,0,0,0.0,5,9,55.6,Q4,40,00:28,2FGA,2P,2,OUT,False,Missed Two Pointer (3/6 -  14 pt),P014027,"DIAKITE, MAMADI",Kosner Baskonia Vitoria-Gasteiz,BAS,,,,,,,,,,,,,,1,FIRST_ONLY,False,False,True,False,False
E2025,278,EA7 Emporio Armani Milan vs Dubai Basketball,78,96,Q1,1,09:35,2FGM,2P,2,IN,True,Two Pointer (1/1 -  2 pt),P012606,"WRIGHT IV, MCKINLEY",Dubai Basketball,DUB,6,1,2,50.0,1,1,100.0,1,2,50.0,2,3,66.7,Q4,40,00:08,3FGA,3P,3,OUT,False,Missed Three Pointer (2/8 -  6 pt),P013384,"BROOKS, ARMONI",EA7 Emporio Armani Milan,MIL,,,,,,,,,,,,,,1,FIRST_ONLY,False,False,True,False,False
E2025,279,Panathinaikos AKTOR Athens vs Fenerbahce Beko Istanbul,83,85,Q1,1,09:31,3FGA,3P,3,OUT,False,Missed Three Pointer (0/1 -  0 pt),P002849,"MELLI, NICOLO",Fenerbahce Beko Istanbul,ULK,,,,,,,,,,,,,,Q4,40,00:00,2FGM,2P,2,IN,True,Two Pointer (3/7 -  13 pt),P009863,"BALDWIN IV, WADE",Fenerbahce Beko Istanbul,ULK,13,3,7,42.9,1,4,25.0,4,4,100.0,4,11,36.4,1,LAST_ONLY,False,False,True,False,False
E2025,280,Zalgiris Kaunas vs Hapoel IBI Tel Aviv,93,82,Q1,1,09:46,2FGM,2P,2,IN,True,Two Pointer (1/1 -  2 pt),P008192,"TUBELIS, AZUOLAS",Zalgiris Kaunas,ZAL,12,6,9,66.7,0,2,0.0,0,0,0.0,6,11,54.5,Q4,40,00:03,2FGM,2P,2,IN,True,Two Pointer (5/9 -  17 pt),P009846,"BRYANT, ELIJAH",Hapoel IBI Tel Aviv,HTA,17,5,9,55.6,2,4,50.0,1,2,50.0,7,13,53.8,2,BOTH_SCORED,True,False,False,False,False
E2025,281,Fenerbahce Beko Istanbul vs Partizan Mozzart Bet Belgrade,81,78,Q1,1,09:41,2FGM,2P,2,IN,True,Two Pointer (1/1 -  2 pt),P013667,"FERNANDO, BRUNO",Partizan Mozzart Bet Belgrade,PAR,18,9,11,81.8,0,0,0.0,0,0,0.0,9,11,81.8,Q4,40,00:01,3FGA,3P,3,OUT,False,Missed Three Pointer (0/4 -  17 pt),P013369,"JONES, CARLIK",Partizan Mozzart Bet Belgrade,PAR,,,,,,,,,,,,,,1,FIRST_ONLY,False,False,True,False,False
E2025,282,Virtus Bologna vs FC Barcelona,85,80,Q1,1,09:37,FTM,FT,1,IN,True,Free Throw In (1/1 -  1 pt),P009862,"PUNTER, KEVIN",FC Barcelona,BAR,27,2,3,66.7,5,8,62.5,8,8,100.0,7,11,63.6,Q4,40,00:03,3FGA,3P,3,OUT,False,Missed Three Pointer (2/6 -  14 pt),P006435,"LAPROVITTOLA, NICOLAS",FC Barcelona,BAR,,,,,,,,,,,,,,1,FIRST_ONLY,False,False,True,False,False
E2025,283,Zalgiris Kaunas vs Olympiacos Piraeus,99,94,Q1,1,09:41,2FGA,2P,2,OUT,False,Missed Two Pointer (0/1 -  0 pt),P008192,"TUBELIS, AZUOLAS",Zalgiris Kaunas,ZAL,,,,,,,,,,,,,,OT,50,00:08,2FGA,2P,2,OUT,False,Missed Two Pointer (2/6 -  4 pt),P008829,"PETERS, ALEC",Olympiacos Piraeus,OLY,,,,,,,,,,,,,,0,BOTH_MISSED,False,True,False,False,False
E2025,284,AS Monaco vs Maccabi Rapyd Tel Aviv,86,91,Q1,1,09:43,3FGA,3P,3,OUT,False,Missed Three Pointer (0/1 -  0 pt),P011219,"SORKIN, ROMAN",Maccabi Rapyd Tel Aviv,TEL,,,,,,,,,,,,,,Q4,40,00:00,3FGA,3P,3,OUT,False,Missed Three Pointer (1/5 -  25 pt),P011231,"BLOSSOMGAME, JARON",AS Monaco,MCO,,,,,,,,,,,,,,0,BOTH_MISSED,False,True,False,False,False
E2025,285,Kosner Baskonia Vitoria-Gasteiz vs Valencia Basket,79,108,Q1,1,09:44,2FGA,2P,2,OUT,False,Missed Two Pointer (0/1 -  0 pt),P010042,"MONTERO, JEAN",Valencia Basket,PAM,,,,,,,,,,,,,,Q4,40,00:00,3FGA,3P,3,OUT,False,Missed Three Pointer (2/4 -  13 pt),P014119,"NOWELL, MARKQUIS",Kosner Baskonia Vitoria-Gasteiz,BAS,,,,,,,,,,,,,,0,BOTH_MISSED,False,True,False,False,False
E2025,286,Crvena Zvezda Meridian Belgrade vs Anadolu Efes Istanbul,91,81,Q1,1,09:48,2FGM,2P,2,IN,True,Two Pointer (1/1 -  2 pt),P012201,"MONEKE, CHIMA",Crvena Zvezda Meridian Belgrade,RED,12,5,8,62.5,0,0,0.0,2,4,50.0,5,8,62.5,Q4,40,00:07,3FGA,3P,3,OUT,False,Missed Three Pointer (2/5 -  12 pt),P009754,"LOYD, JORDAN",Anadolu Efes Istanbul,IST,,,,,,,,,,,,,,1,FIRST_ONLY,False,False,True,False,False
E2025,287,Dubai Basketball vs LDLC ASVEL Villeurbanne,96,85,Q1,1,09:43,2FGA,2P,2,OUT,False,Missed Two Pointer (0/1 -  0 pt),P011286,"BACON, DWAYNE",Dubai Basketball,DUB,,,,,,,,,,,,,,Q4,40,00:23,FTM,FT,1,IN,True,Free Throw In (8/9 -  15 pt),P010465,"ANGOLA, BRAIAN",LDLC ASVEL Villeurbanne,ASV,15,2,8,25.0,1,4,25.0,8,9,88.9,3,12,25.0,1,LAST_ONLY,False,False,True,False,False
E2025,288,Hapoel IBI Tel Aviv vs EA7 Emporio Armani Milan,92,86,Q1,1,09:44,2FGA,2P,2,OUT,False,Missed Two Pointer (0/1 -  0 pt),P012788,"OTURU, DAN",Hapoel IBI Tel Aviv,HTA,,,,,,,,,,,,,,Q4,40,00:04,2FGM,2P,2,IN,True,Two Pointer (7/7 -  18 pt),P011199,"NEBO, JOSH",EA7 Emporio Armani Milan,MIL,18,7,7,100.0,0,0,0.0,4,4,100.0,7,7,100.0,1,LAST_ONLY,False,False,True,False,False
E2025,289,Panathinaikos AKTOR Athens vs Paris Basketball,99,104,Q1,1,09:39,3FGM,3P,3,IN,True,Three Pointer (1/1 -  3 pt),P013373,"CAVALIERE, LEOPOLD",Paris Basketball,PRS,10,2,2,100.0,2,2,100.0,0,0,0.0,4,4,100.0,Q4,40,00:02,FTM,FT,1,IN,True,Free Throw In (6/6 -  13 pt),P014008,"ROBINSON, JUSTIN",Paris Basketball,PRS,13,2,5,40.0,1,6,16.7,6,6,100.0,3,11,27.3,2,BOTH_SCORED,True,False,False,False,False
E2025,290,Real Madrid vs FC Bayern Munich,93,70,Q1,1,09:19,3FGA,3P,3,OUT,False,Missed Three Pointer (0/1 -  0 pt),P013378,"RATHAN-MAYES, XAVIER",FC Bayern Munich,MUN,,,,,,,,,,,,,,Q4,40,00:19,2FGM,2P,2,IN,True,Two Pointer (1/5 -  2 pt),P011836,"MIKE, ISIAHA",FC Bayern Munich,MUN,2,1,5,20.0,0,3,0.0,0,0,0.0,1,8,12.5,1,LAST_ONLY,False,False,True,False,False
E2025,291,EA7 Emporio Armani Milan vs FC Barcelona,87,84,Q1,1,09:39,2FGM,2P,2,IN,True,Two Pointer (1/1 -  2 pt),P011199,"NEBO, JOSH",EA7 Emporio Armani Milan,MIL,12,6,8,75.0,0,0,0.0,0,2,0.0,6,8,75.0,Q4,40,00:01,3FGA,3P,3,OUT,False,Missed Three Pointer (0/2 -  15 pt),P001133,"SHENGELIA, TORNIKE",FC Barcelona,BAR,,,,,,,,,,,,,,1,FIRST_ONLY,False,False,True,False,False
E2025,292,Fenerbahce Beko Istanbul vs AS Monaco,88,70,Q1,1,09:40,3FGA,3P,3,OUT,False,Missed Three Pointer (0/1 -  0 pt),P009783,"COLSON, BONZIE",Fenerbahce Beko Istanbul,ULK,,,,,,,,,,,,,,Q4,39,01:27,2FGA,2P,2,OUT,False,Missed Two Pointer (1/5 -  4 pt),P011226,"DIALLO, ALPHA",AS Monaco,MCO,,,,,,,,,,,,,,0,BOTH_MISSED,False,True,False,False,False
E2025,293,Maccabi Rapyd Tel Aviv vs Hapoel IBI Tel Aviv,88,99,Q1,1,09:51,2FGM,2P,2,IN,True,Two Pointer (1/1 -  2 pt),P012788,"OTURU, DAN",Hapoel IBI Tel Aviv,HTA,10,4,4,100.0,0,0,0.0,2,3,66.7,4,4,100.0,Q4,40,00:00,2FGA,2P,2,OUT,False,Missed Two Pointer (2/4 -  14 pt),P013402,"BLAKENEY, ANTONIO",Hapoel IBI Tel Aviv,HTA,,,,,,,,,,,,,,1,FIRST_ONLY,False,False,True,False,False
E2025,294,Partizan Mozzart Bet Belgrade vs Dubai Basketball,88,74,Q1,1,09:45,2FGM,2P,2,IN,True,Two Pointer (1/1 -  2 pt),P012795,"ANDERSON, JUSTIN",Dubai Basketball,DUB,7,2,3,66.7,1,2,50.0,0,0,0.0,3,5,60.0,Q4,40,00:01,3FGA,3P,3,OUT,False,Missed Three Pointer (3/5 -  14 pt),P006760,"BONGA, ISAAC",Partizan Mozzart Bet Belgrade,PAR,,,,,,,,,,,,,,1,FIRST_ONLY,False,False,True,False,False
E2025,295,Real Madrid vs Virtus Bologna,92,84,Q1,1,09:24,2FGM,2P,2,IN,True,Two Pointer (1/1 -  2 pt),P003108,"HEZONJA, MARIO",Real Madrid,MAD,19,3,5,60.0,3,5,60.0,4,4,100.0,6,10,60.0,Q4,35,05:59,2FGA,2P,2,OUT,False,Missed Two Pointer (4/6 -  15 pt),P007947,"VILDOZA, LUCA",Virtus Bologna,VIR,,,,,,,,,,,,,,1,FIRST_ONLY,False,False,True,False,False
E2025,296,Valencia Basket vs Zalgiris Kaunas,91,87,Q1,1,09:40,2FGM,2P,2,IN,True,Two Pointer (1/1 -  2 pt),P010545,"SAKO, NEAL",Valencia Basket,PAM,6,3,4,75.0,0,0,0.0,0,0,0.0,3,4,75.0,Q4,40,00:00,3FGA,3P,3,OUT,False,Missed Three Pointer (3/8 -  9 pt),P007975,"FRANCISCO, SYLVAIN",Zalgiris Kaunas,ZAL,,,,,,,,,,,,,,1,FIRST_ONLY,False,False,True,False,False
E2025,297,Anadolu Efes Istanbul vs LDLC ASVEL Villeurbanne,88,91,Q1,1,09:42,3FGM,3P,3,IN,True,Three Pointer (1/1 -  3 pt),P010391,"WEILER-BABB, NICK",Anadolu Efes Istanbul,IST,8,1,1,100.0,2,6,33.3,0,0,0.0,3,7,42.9,Q4,40,00:04,3FGA,3P,3,OUT,False,Missed Three Pointer (3/4 -  20 pt),P011201,"HAZER, SEHMUS",Anadolu Efes Istanbul,IST,,,,,,,,,,,,,,1,FIRST_ONLY,False,False,True,False,False
E2025,298,Kosner Baskonia Vitoria-Gasteiz vs Paris Basketball,81,97,Q1,1,09:39,2FGM,2P,2,IN,True,Two Pointer (1/1 -  2 pt),P014190,"RADZEVICIUS, GYTIS",Kosner Baskonia Vitoria-Gasteiz,BAS,3,1,2,50.0,0,1,0.0,1,2,50.0,1,3,33.3,Q4,40,00:42,3FGA,3P,3,OUT,False,Missed Three Pointer (0/1 -  0 pt),P013373,"CAVALIERE, LEOPOLD",Paris Basketball,PRS,,,,,,,,,,,,,,1,FIRST_ONLY,False,False,True,False,False
E2025,299,Crvena Zvezda Meridianbet Belgrade vs FC Bayern Munich,80,85,Q1,1,09:49,2FGA,2P,2,OUT,False,Missed Two Pointer (0/1 -  0 pt),P013363,"NWORA, JORDAN",Crvena Zvezda Meridianbet Belgrade,RED,,,,,,,,,,,,,,Q4,40,00:09,3FGA,3P,3,OUT,False,Missed Three Pointer (1/5 -  9 pt),P009048,"MILLER-MCINTYRE, CODI",Crvena Zvezda Meridianbet Belgrade,RED,,,,,,,,,,,,,,0,BOTH_MISSED,False,True,False,False,False
E2025,300,Olympiacos Piraeus vs Panathinaikos AKTOR Athens,86,80,Q1,1,09:35,3FGA,3P,3,OUT,False,Missed Three Pointer (0/1 -  0 pt),P004088,"OSMAN, CEDI",Panathinaikos AKTOR Athens,PAN,,,,,,,,,,,,,,Q4,40,00:01,3FGA,3P,3,OUT,False,Missed Three Pointer (2/6 -  14 pt),P004088,"OSMAN, CEDI",Panathinaikos AKTOR Athens,PAN,,,,,,,,,,,,,,0,BOTH_MISSED,False,True,False,False,True
E2025,301,FC Bayern Munich vs Anadolu Efes Istanbul,80,81,Q1,1,09:41,3FGA,3P,3,OUT,False,Missed Three Pointer (0/1 -  0 pt),P010391,"WEILER-BABB, NICK",Anadolu Efes Istanbul,IST,,,,,,,,,,,,,,Q4,40,00:01,3FGM,3P,3,IN,True,Three Pointer (1/2 -  3 pt),P014025,"SWIDER, COLE",Anadolu Efes Istanbul,IST,3,0,1,0.0,1,2,50.0,0,0,0.0,1,3,33.3,1,LAST_ONLY,False,False,True,False,False
E2025,302,Paris Basketball vs LDLC ASVEL Villeurbanne,90,81,Q1,1,09:40,3FGA,3P,3,OUT,False,Missed Three Pointer (0/1 -  0 pt),P010465,"ANGOLA, BRAIAN",LDLC ASVEL Villeurbanne,ASV,,,,,,,,,,,,,,Q4,40,00:00,3FGA,3P,3,OUT,False,Missed Three Pointer (3/4 -  11 pt),P010319,"TRAORE, ARMEL",LDLC ASVEL Villeurbanne,ASV,,,,,,,,,,,,,,0,BOTH_MISSED,False,True,False,False,False
E2025,303,Real Madrid vs Valencia Basket,96,79,Q1,1,09:51,3FGA,3P,3,OUT,False,Missed Three Pointer (0/1 -  0 pt),P011078,"THOMPSON, DARIUS",Valencia Basket,PAM,,,,,,,,,,,,,,Q4,33,07:19,2FGA,2P,2,OUT,False,Missed Two Pointer (2/5 -  4 pt),P007630,"GARUBA, USMAN",Real Madrid,MAD,,,,,,,,,,,,,,0,BOTH_MISSED,False,True,False,False,False
E2025,304,Virtus Bologna vs Partizan Mozzart Bet Belgrade,82,88,Q1,1,09:34,2FGM,2P,2,IN,True,Two Pointer (1/1 -  2 pt),P009733,"JEKIRI, TONYE",Partizan Mozzart Bet Belgrade,PAR,10,4,8,50.0,0,0,0.0,2,4,50.0,4,8,50.0,Q4,40,00:11,2FGM,2P,2,IN,True,Two Pointer (4/8 -  8 pt),P012687,"NIANG, SALIOU",Virtus Bologna,VIR,8,4,8,50.0,0,2,0.0,0,0,0.0,4,10,40.0,2,BOTH_SCORED,True,False,False,False,False
E2025,305,Panathinaikos AKTOR Athens vs Zalgiris Kaunas,92,88,Q1,1,09:40,2FGM,2P,2,IN,True,Two Pointer (1/1 -  2 pt),P003842,"LESSORT, MATHIAS",Panathinaikos AKTOR Athens,PAN,9,4,8,50.0,0,0,0.0,1,2,50.0,4,8,50.0,Q4,40,00:20,2FGM,2P,2,IN,True,Two Pointer (1/4 -  9 pt),P011927,"SLEVA, DUSTIN",Zalgiris Kaunas,ZAL,9,1,4,25.0,1,2,50.0,4,4,100.0,2,6,33.3,2,BOTH_SCORED,True,False,False,False,False
E2025,306,AS Monaco vs Olympiacos Piraeus,81,80,Q1,1,09:49,2FGA,2P,2,OUT,False,Missed Two Pointer (0/1 -  0 pt),P000848,"NEDOVIC, NEMANJA",AS Monaco,MCO,,,,,,,,,,,,,,Q4,40,00:00,3FGA,3P,3,OUT,False,Missed Three Pointer (0/1 -  13 pt),P003941,"MILUTINOV, NIKOLA",Olympiacos Piraeus,OLY,,,,,,,,,,,,,,0,BOTH_MISSED,False,True,False,False,False
E2025,307,Crvena Zvezda Meridianbet Belgrade vs Fenerbahce Beko Istanbul,79,73,Q1,1,09:42,2FGM,2P,2,IN,True,Two Pointer (1/1 -  2 pt),P013363,"NWORA, JORDAN",Crvena Zvezda Meridianbet Belgrade,RED,14,5,12,41.7,0,4,0.0,4,4,100.0,5,16,31.2,Q4,40,00:02,2FGM,2P,2,IN,True,Two Pointer (3/3 -  6 pt),P012613,"JANTUNEN, MIKAEL",Fenerbahce Beko Istanbul,ULK,6,3,3,100.0,0,5,0.0,0,0,0.0,3,8,37.5,2,BOTH_SCORED,True,False,False,False,False
E2025,308,Dubai Basketball vs Kosner Baskonia Vitoria-Gasteiz,100,94,Q1,1,09:44,2FGM,2P,2,IN,True,Two Pointer (1/1 -  2 pt),P012606,"WRIGHT IV, MCKINLEY",Dubai Basketball,DUB,11,5,9,55.6,0,1,0.0,1,2,50.0,5,10,50.0,Q4,40,00:01,2FGM,2P,2,IN,True,Two Pointer (5/9 -  19 pt),P006540,"MUSA, DZANAN",Dubai Basketball,DUB,19,5,9,55.6,1,3,33.3,6,8,75.0,6,12,50.0,2,BOTH_SCORED,True,False,False,False,False
E2025,309,EA7 Emporio Armani Milan vs Maccabi Rapyd Tel Aviv,96,87,Q1,1,09:36,3FGM,3P,3,IN,True,Three Pointer (1/1 -  3 pt),P007831,"SHIELDS, SHAVON",EA7 Emporio Armani Milan,MIL,17,1,3,33.3,5,9,55.6,0,0,0.0,6,12,50.0,Q4,40,00:01,3FGA,3P,3,OUT,False,Missed Three Pointer (3/11 -  16 pt),P013403,"WALKER IV, LONNIE",Maccabi Rapyd Tel Aviv,TEL,,,,,,,,,,,,,,1,FIRST_ONLY,False,False,True,False,False
E2025,310,FC Barcelona vs Hapoel IBI Tel Aviv,75,80,Q1,1,09:39,2FGM,2P,2,IN,True,Two Pointer (1/1 -  2 pt),P009862,"PUNTER, KEVIN",FC Barcelona,BAR,17,8,11,72.7,0,3,0.0,1,1,100.0,8,14,57.1,Q4,40,00:04,2FGM,2P,2,IN,True,Two Pointer (8/11 -  17 pt),P009862,"PUNTER, KEVIN",FC Barcelona,BAR,17,8,11,72.7,0,3,0.0,1,1,100.0,8,14,57.1,2,BOTH_SCORED,True,False,False,False,True
E2025,311,FC Bayern Munich vs Dubai Basketball,74,87,Q1,1,09:36,2FGA,2P,2,OUT,False,Missed Two Pointer (0/1 -  0 pt),P011286,"BACON, DWAYNE",Dubai Basketball,DUB,,,,,,,,,,,,,,Q4,40,00:08,2FGA,2P,2,OUT,False,Missed Two Pointer (2/4 -  10 pt),P012795,"ANDERSON, JUSTIN",Dubai Basketball,DUB,,,,,,,,,,,,,,0,BOTH_MISSED,False,True,False,False,False
E2025,312,Hapoel IBI Tel Aviv vs Virtus Bologna,109,91,Q1,1,09:48,2FGM,2P,2,IN,True,Two Pointer (1/1 -  2 pt),P012788,"OTURU, DAN",Hapoel IBI Tel Aviv,HTA,14,6,9,66.7,0,0,0.0,2,3,66.7,6,9,66.7,Q4,40,00:12,2FGM,2P,2,IN,True,Two Pointer (6/7 -  22 pt),P011157,"MOTLEY, JOHNATHAN",Hapoel IBI Tel Aviv,HTA,22,6,7,85.7,1,1,100.0,7,8,87.5,7,8,87.5,2,BOTH_SCORED,True,False,False,False,False
E2025,313,Olympiacos Piraeus vs Kosner Baskonia Vitoria-Gasteiz,90,80,Q1,1,09:45,2FGM,2P,2,IN,True,Two Pointer (1/1 -  2 pt),P014190,"RADZEVICIUS, GYTIS",Kosner Baskonia Vitoria-Gasteiz,BAS,2,1,2,50.0,0,2,0.0,0,0,0.0,1,4,25.0,Q4,40,00:03,3FGA,3P,3,OUT,False,Missed Three Pointer (2/9 -  18 pt),P014207,"OMORUYI, EUGENE",Kosner Baskonia Vitoria-Gasteiz,BAS,,,,,,,,,,,,,,1,FIRST_ONLY,False,False,True,False,False
E2025,314,Paris Basketball vs Partizan Mozzart Bet Belgrade,81,90,Q1,1,09:47,3FGA,3P,3,OUT,False,Missed Three Pointer (0/1 -  0 pt),P010581,"OSETKOWSKI, DYLAN",Partizan Mozzart Bet Belgrade,PAR,,,,,,,,,,,,,,Q4,38,02:57,2FGA,2P,2,OUT,False,Missed Two Pointer (2/4 -  10 pt),P004197,"OUATTARA, YAKUBA",Paris Basketball,PRS,,,,,,,,,,,,,,0,BOTH_MISSED,False,True,False,False,False
E2025,315,Valencia Basket vs FC Barcelona,62,66,Q1,1,09:39,3FGA,3P,3,OUT,False,Missed Three Pointer (0/1 -  0 pt),P007464,"PARRA, JOEL",FC Barcelona,BAR,,,,,,,,,,,,,,Q4,40,00:02,FTA,FT,1,OUT,False,Missed Free Throw (3/6 -  13 pt),P004888,"CLYBURN, WILL",FC Barcelona,BAR,,,,,,,,,,,,,,0,BOTH_MISSED,False,True,False,False,False
E2025,316,Anadolu Efes Istanbul vs AS Monaco,93,98,Q1,1,09:34,2FGA,2P,2,OUT,False,Missed Two Pointer (0/1 -  0 pt),P007109,"SMITS, ROLANDS",Anadolu Efes Istanbul,IST,,,,,,,,,,,,,,Q4,40,00:01,2FGM,2P,2,IN,True,Two Pointer (1/2 -  12 pt),P008161,"BEGARIN, JUHANN",AS Monaco,MCO,12,1,2,50.0,3,4,75.0,1,2,50.0,4,6,66.7,1,LAST_ONLY,False,False,True,False,False
E2025,317,Fenerbahce Beko Istanbul vs EA7 Emporio Armani Milan,79,75,Q1,1,09:33,3FGM,3P,3,IN,True,Three Pointer (1/1 -  3 pt),P007831,"SHIELDS, SHAVON",EA7 Emporio Armani Milan,MIL,3,0,2,0.0,1,4,25.0,0,0,0.0,1,6,16.7,Q4,40,00:01,2FGM,2P,2,IN,True,Two Pointer (5/8 -  10 pt),P012593,"ELLIS, QUINN",EA7 Emporio Armani Milan,MIL,10,5,8,62.5,0,1,0.0,0,0,0.0,5,9,55.6,2,BOTH_SCORED,True,False,False,False,False
E2025,318,LDLC ASVEL Villeurbanne vs Maccabi Rapyd Tel Aviv,85,89,Q1,1,09:25,3FGA,3P,3,OUT,False,Missed Three Pointer (0/1 -  0 pt),P013403,"WALKER IV, LONNIE",Maccabi Rapyd Tel Aviv,TEL,,,,,,,,,,,,,,Q4,40,00:02,3FGA,3P,3,OUT,False,Missed Three Pointer (1/5 -  3 pt),P014088,"SELJAAS, ZACHARY",LDLC ASVEL Villeurbanne,ASV,,,,,,,,,,,,,,0,BOTH_MISSED,False,True,False,False,False
E2025,319,Panathinaikos AKTOR Athens vs Crvena Zvezda Meridianbet Belgrade,82,74,Q1,1,09:34,3FGA,3P,3,OUT,False,Missed Three Pointer (0/1 -  0 pt),P012774,"NUNN, KENDRICK",Panathinaikos AKTOR Athens,PAN,,,,,,,,,,,,,,Q4,40,00:18,2FGA,2P,2,OUT,False,Missed Two Pointer (3/6 -  15 pt),P014163,"BUTLER, JARED",Crvena Zvezda Meridianbet Belgrade,RED,,,,,,,,,,,,,,0,BOTH_MISSED,False,True,False,False,False
E2025,320,Zalgiris Kaunas vs Real Madrid,87,85,Q1,1,09:45,2FGA,2P,2,OUT,False,Missed Two Pointer (0/1 -  0 pt),P003733,"ABALDE, ALBERTO",Real Madrid,MAD,,,,,,,,,,,,,,Q4,40,00:01,3FGA,3P,3,OUT,False,Missed Three Pointer (1/5 -  18 pt),P003108,"HEZONJA, MARIO",Real Madrid,MAD,,,,,,,,,,,,,,0,BOTH_MISSED,False,True,False,False,False
E2025,321,AS Monaco vs EA7 Emporio Armani Milan,90,85,Q1,1,09:35,2FGM,2P,2,IN,True,Two Pointer (1/1 -  2 pt),P008985,"BOLMARO, LEANDRO",EA7 Emporio Armani Milan,MIL,12,6,13,46.2,0,1,0.0,0,0,0.0,6,14,42.9,Q4,40,00:03,FTA,FT,1,OUT,False,Missed Free Throw (1/4 -  7 pt),P011231,"BLOSSOMGAME, JARON",AS Monaco,MCO,,,,,,,,,,,,,,1,FIRST_ONLY,False,False,True,False,False
E2025,322,Dubai Basketball vs Panathinaikos AKTOR Athens,104,107,Q1,1,09:45,FTA,FT,1,OUT,False,Missed Free Throw (0/1 -  0 pt),P012606,"WRIGHT IV, MCKINLEY",Dubai Basketball,DUB,,,,,,,,,,,,,,Q4,40,00:01,2FGM,2P,2,IN,True,Two Pointer (4/4 -  31 pt),P006540,"MUSA, DZANAN",Dubai Basketball,DUB,31,4,4,100.0,5,7,71.4,8,9,88.9,9,11,81.8,1,LAST_ONLY,False,False,True,False,False
E2025,323,FC Barcelona vs Anadolu Efes Istanbul,78,71,Q1,1,09:42,3FGA,3P,3,OUT,False,Missed Three Pointer (0/1 -  0 pt),P009862,"PUNTER, KEVIN",FC Barcelona,BAR,,,,,,,,,,,,,,Q4,40,00:02,FTM,FT,1,IN,True,Free Throw In (2/2 -  8 pt),P002939,"SATORANSKY, TOMAS",FC Barcelona,BAR,8,0,1,0.0,2,2,100.0,2,2,100.0,2,3,66.7,1,LAST_ONLY,False,False,True,False,False
E2025,324,Maccabi Rapyd Tel Aviv vs Fenerbahce Beko Istanbul,94,89,Q1,1,09:21,2FGM,2P,2,IN,True,Two Pointer (1/1 -  2 pt),P011219,"SORKIN, ROMAN",Maccabi Rapyd Tel Aviv,TEL,19,8,11,72.7,1,2,50.0,0,0,0.0,9,13,69.2,Q4,40,00:01,2FGA,2P,2,OUT,False,Missed Two Pointer (0/1 -  10 pt),P011193,"BLATT, TAMIR",Maccabi Rapyd Tel Aviv,TEL,,,,,,,,,,,,,,1,FIRST_ONLY,False,False,True,False,False
E2025,325,Partizan Mozzart Bet Belgrade vs LDLC ASVEL Villeurbanne,79,78,Q1,1,09:34,2FGM,2P,2,IN,True,Two Pointer (1/1 -  2 pt),P012618,"MASSA, BODIAN",LDLC ASVEL Villeurbanne,ASV,7,3,4,75.0,0,0,0.0,1,4,25.0,3,4,75.0,Q4,40,00:01,FTA,FT,1,OUT,False,Missed Free Throw (6/7 -  14 pt),P013369,"JONES, CARLIK",Partizan Mozzart Bet Belgrade,PAR,,,,,,,,,,,,,,1,FIRST_ONLY,False,False,True,False,False
E2025,326,Real Madrid vs Hapoel IBI Tel Aviv,92,83,Q1,1,09:40,2FGM,2P,2,IN,True,Two Pointer (1/1 -  2 pt),P005791,"TAVARES, WALTER",Real Madrid,MAD,6,3,4,75.0,0,0,0.0,0,0,0.0,3,4,75.0,Q4,40,00:00,3FGA,3P,3,OUT,False,Missed Three Pointer (1/4 -  3 pt),PTGB,"LLULL, SERGIO",Real Madrid,MAD,,,,,,,,,,,,,,1,FIRST_ONLY,False,False,True,False,False
E2025,327,Valencia Basket vs Olympiacos Piraeus,85,84,Q1,1,09:32,3FGA,3P,3,OUT,False,Missed Three Pointer (0/1 -  0 pt),P009849,"DORSEY, TYLER",Olympiacos Piraeus,OLY,,,,,,,,,,,,,,Q4,40,00:01,2FGA,2P,2,OUT,False,Missed Two Pointer (1/2 -  12 pt),P013380,"FOURNIER, EVAN",Olympiacos Piraeus,OLY,,,,,,,,,,,,,,0,BOTH_MISSED,False,True,False,False,False
E2025,328,Virtus Bologna vs Paris Basketball,82,103,Q1,1,09:37,3FGA,3P,3,OUT,False,Missed Three Pointer (0/1 -  0 pt),P014178,"RHODEN, JARED",Paris Basketball,PRS,,,,,,,,,,,,,,Q4,40,00:24,2FGM,2P,2,IN,True,Two Pointer (4/4 -  16 pt),P012585,"MORGAN, MATTHEW",Virtus Bologna,VIR,16,4,4,100.0,1,5,20.0,5,7,71.4,5,9,55.6,1,LAST_ONLY,False,False,True,False,False
E2025,329,Zalgiris Kaunas vs FC Bayern Munich,78,71,Q1,1,09:40,3FGA,3P,3,OUT,False,Missed Three Pointer (0/1 -  0 pt),P007975,"FRANCISCO, SYLVAIN",Zalgiris Kaunas,ZAL,,,,,,,,,,,,,,Q4,38,02:53,2FGA,2P,2,OUT,False,Missed Two Pointer (0/4 -  3 pt),P007982,"WILLIAMS-GOSS, NIGEL",Zalgiris Kaunas,ZAL,,,,,,,,,,,,,,0,BOTH_MISSED,False,True,False,False,False
E2025,330,Kosner Baskonia Vitoria-Gasteiz vs Crvena Zvezda Meridianbet Belgrade,100,108,Q1,1,09:37,2FGM,2P,2,IN,True,Two Pointer (1/1 -  2 pt),P013363,"NWORA, JORDAN",Crvena Zvezda Meridianbet Belgrade,RED,20,7,9,77.8,1,4,25.0,3,3,100.0,8,13,61.5,OT,45,00:04,2FGM,2P,2,IN,True,Two Pointer (5/10 -  21 pt),P014163,"BUTLER, JARED",Crvena Zvezda Meridianbet Belgrade,RED,21,5,10,50.0,3,6,50.0,2,3,66.7,8,16,50.0,2,BOTH_SCORED,True,False,False,False,False
E2025,331,EA7 Emporio Armani Milan vs Virtus Bologna,103,87,Q1,1,09:35,3FGA,3P,3,OUT,False,Missed Three Pointer (0/1 -  0 pt),P011987,"EDWARDS, CARSEN",Virtus Bologna,VIR,,,,,,,,,,,,,,Q4,40,00:58,2FGM,2P,2,IN,True,Two Pointer (1/2 -  11 pt),P004004,"GUDURIC, MARKO",EA7 Emporio Armani Milan,MIL,11,1,2,50.0,3,4,75.0,0,0,0.0,4,6,66.7,1,LAST_ONLY,False,False,True,False,False
E2025,332,FC Bayern Munich vs LDLC ASVEL Villeurbanne,93,83,Q1,1,09:50,2FGM,2P,2,IN,True,Two Pointer (1/1 -  2 pt),P013378,"RATHAN-MAYES, XAVIER",FC Bayern Munich,MUN,12,3,6,50.0,2,5,40.0,0,1,0.0,5,11,45.5,Q4,40,00:01,2FGM,2P,2,IN,True,Two Pointer (2/4 -  11 pt),P010465,"ANGOLA, BRAIAN",LDLC ASVEL Villeurbanne,ASV,11,2,4,50.0,2,5,40.0,1,2,50.0,4,9,44.4,2,BOTH_SCORED,True,False,False,False,False
E2025,333,Maccabi Rapyd Tel Aviv vs Dubai Basketball,104,100,Q1,1,09:34,2FGA,2P,2,OUT,False,Missed Two Pointer (0/1 -  0 pt),P011286,"BACON, DWAYNE",Dubai Basketball,DUB,,,,,,,,,,,,,,OT,45,00:01,3FGA,3P,3,OUT,False,Missed Three Pointer (2/4 -  19 pt),P014127,"BRISSETT, O'SHAE J",Maccabi Rapyd Tel Aviv,TEL,,,,,,,,,,,,,,0,BOTH_MISSED,False,True,False,False,False
E2025,334,Paris Basketball vs Olympiacos Piraeus,87,104,Q1,1,09:48,3FGM,3P,3,IN,True,Three Pointer (1/1 -  3 pt),P009849,"DORSEY, TYLER",Olympiacos Piraeus,OLY,24,4,7,57.1,4,6,66.7,4,4,100.0,8,13,61.5,Q4,40,00:23,3FGM,3P,3,IN,True,Three Pointer (4/7 -  14 pt),P014178,"RHODEN, JARED",Paris Basketball,PRS,14,1,2,50.0,4,7,57.1,0,0,0.0,5,9,55.6,2,BOTH_SCORED,True,False,False,False,False
E2025,335,Real Madrid vs Anadolu Efes Istanbul,82,71,Q1,1,09:38,FTM,FT,1,IN,True,Free Throw In (1/1 -  1 pt),P004887,"POIRIER, VINCENT",Anadolu Efes Istanbul,IST,8,3,6,50.0,0,0,0.0,2,4,50.0,3,6,50.0,Q4,40,00:05,3FGM,3P,3,IN,True,Three Pointer (4/6 -  21 pt),P009754,"LOYD, JORDAN",Anadolu Efes Istanbul,IST,21,3,3,100.0,4,6,66.7,3,4,75.0,7,9,77.8,2,BOTH_SCORED,True,False,False,False,False
E2025,336,Kosner Baskonia Vitoria-Gasteiz vs Hapoel IBI Tel Aviv,118,109,Q1,1,09:45,2FGM,2P,2,IN,True,Two Pointer (1/1 -  2 pt),P002580,"MICIC, VASILIJE",Hapoel IBI Tel Aviv,HTA,8,1,2,50.0,2,4,50.0,0,0,0.0,3,6,50.0,Q4,40,00:13,3FGM,3P,3,IN,True,Three Pointer (2/2 -  6 pt),P012609,"MALCOLM, COLLIN",Hapoel IBI Tel Aviv,HTA,6,0,1,0.0,2,2,100.0,0,0,0.0,2,3,66.7,2,BOTH_SCORED,True,False,False,False,False
E2025,337,FC Barcelona vs Crvena Zvezda Meridianbet Belgrade,92,88,Q1,1,09:44,2FGM,2P,2,IN,True,Two Pointer (1/1 -  2 pt),P012201,"MONEKE, CHIMA",Crvena Zvezda Meridianbet Belgrade,RED,7,2,2,100.0,0,2,0.0,3,4,75.0,2,4,50.0,OT,45,00:01,3FGA,3P,3,OUT,False,Missed Three Pointer (0/7 -  11 pt),P014163,"BUTLER, JARED",Crvena Zvezda Meridianbet Belgrade,RED,,,,,,,,,,,,,,1,FIRST_ONLY,False,False,True,False,False
E2025,338,Fenerbahce Beko Istanbul vs Zalgiris Kaunas,82,92,Q1,1,09:43,2FGM,2P,2,IN,True,Two Pointer (1/1 -  2 pt),P011205,"HALL, DEVON",Fenerbahce Beko Istanbul,ULK,4,2,5,40.0,0,1,0.0,0,0,0.0,2,6,33.3,Q4,39,01:57,2FGA,2P,2,OUT,False,Missed Two Pointer (1/5 -  11 pt),P007982,"WILLIAMS-GOSS, NIGEL",Zalgiris Kaunas,ZAL,,,,,,,,,,,,,,1,FIRST_ONLY,False,False,True,False,False
E2025,339,Panathinaikos AKTOR Athens vs AS Monaco,107,97,Q1,1,09:47,2FGM,2P,2,IN,True,Two Pointer (1/1 -  2 pt),P012608,"SHORTS, TJ",Panathinaikos AKTOR Athens,PAN,12,5,8,62.5,0,0,0.0,2,5,40.0,5,8,62.5,Q4,40,00:00,2FGA,2P,2,OUT,False,Missed Two Pointer (1/3 -  15 pt),P000848,"NEDOVIC, NEMANJA",AS Monaco,MCO,,,,,,,,,,,,,,1,FIRST_ONLY,False,False,True,False,False
E2025,340,Partizan Mozzart Bet Belgrade vs Valencia Basket,110,104,Q1,1,09:39,2FGA,2P,2,OUT,False,Missed Two Pointer (0/1 -  0 pt),P013667,"FERNANDO, BRUNO",Partizan Mozzart Bet Belgrade,PAR,,,,,,,,,,,,,,OT,50,00:01,3FGA,3P,3,OUT,False,Missed Three Pointer (2/6 -  16 pt),P007527,"BADIO, BRANCOU",Valencia Basket,PAM,,,,,,,,,,,,,,0,BOTH_MISSED,False,True,False,False,False
E2025,341,Maccabi Rapyd Tel Aviv vs Anadolu Efes Istanbul,103,89,Q1,1,09:41,2FGM,2P,2,IN,True,Two Pointer (1/1 -  2 pt),P010318,"DESSERT, BRICE",Anadolu Efes Istanbul,IST,16,7,9,77.8,0,0,0.0,2,2,100.0,7,9,77.8,Q4,40,00:07,2FGM,2P,2,IN,True,Two Pointer (4/8 -  17 pt),P009754,"LOYD, JORDAN",Anadolu Efes Istanbul,IST,17,4,8,50.0,2,5,40.0,3,3,100.0,6,13,46.2,2,BOTH_SCORED,True,False,False,False,False
E2025,342,Crvena Zvezda Meridianbet Belgrade vs Partizan Mozzart Bet Belgrade,82,89,Q1,1,09:39,2FGM,2P,2,IN,True,Two Pointer (1/1 -  2 pt),P013369,"JONES, CARLIK",Partizan Mozzart Bet Belgrade,PAR,26,5,9,55.6,3,3,100.0,7,7,100.0,8,12,66.7,Q4,40,00:05,2FGA,2P,2,OUT,False,Missed Two Pointer (2/5 -  7 pt),P014163,"BUTLER, JARED",Crvena Zvezda Meridianbet Belgrade,RED,,,,,,,,,,,,,,1,FIRST_ONLY,False,False,True,False,False
E2025,343,Hapoel IBI Tel Aviv vs Panathinaikos AKTOR Athens,92,88,Q1,1,09:46,2FGA,2P,2,OUT,False,Missed Two Pointer (0/1 -  0 pt),P009846,"BRYANT, ELIJAH",Hapoel IBI Tel Aviv,HTA,,,,,,,,,,,,,,Q4,40,00:00,3FGA,3P,3,OUT,False,Missed Three Pointer (1/8 -  10 pt),P008962,"HAYES-DAVIS, NIGEL",Panathinaikos AKTOR Athens,PAN,,,,,,,,,,,,,,0,BOTH_MISSED,False,True,False,False,False
E2025,344,Paris Basketball vs EA7 Emporio Armani Milan,103,93,Q1,1,09:40,3FGM,3P,3,IN,True,Three Pointer (1/1 -  3 pt),P014008,"ROBINSON, JUSTIN",Paris Basketball,PRS,8,2,4,50.0,1,4,25.0,1,2,50.0,3,8,37.5,Q4,40,00:17,2FGM,2P,2,IN,True,Two Pointer (5/7 -  20 pt),P013384,"BROOKS, ARMONI",EA7 Emporio Armani Milan,MIL,20,5,7,71.4,2,8,25.0,4,4,100.0,7,15,46.7,2,BOTH_SCORED,True,False,False,False,False
E2025,345,Zalgiris Kaunas vs FC Barcelona,83,71,Q1,1,09:48,3FGM,3P,3,IN,True,Three Pointer (1/1 -  3 pt),P004888,"CLYBURN, WILL",FC Barcelona,BAR,9,3,7,42.9,1,3,33.3,0,0,0.0,4,10,40.0,Q4,40,00:18,2FGA,2P,2,OUT,False,Missed Two Pointer (4/10 -  10 pt),P001133,"SHENGELIA, TORNIKE",FC Barcelona,BAR,,,,,,,,,,,,,,1,FIRST_ONLY,False,False,True,False,False
E2025,346,Kosner Baskonia Vitoria-Gasteiz vs Real Madrid,98,96,Q1,1,09:41,2FGM,2P,2,IN,True,Two Pointer (1/1 -  2 pt),P005791,"TAVARES, WALTER",Real Madrid,MAD,10,5,5,100.0,0,0,0.0,0,0,0.0,5,5,100.0,Q4,40,00:01,3FGA,3P,3,OUT,False,Missed Three Pointer (4/8 -  12 pt),PTGB,"LLULL, SERGIO",Real Madrid,MAD,,,,,,,,,,,,,,1,FIRST_ONLY,False,False,True,False,False
E2025,347,Dubai Basketball vs AS Monaco,101,91,Q1,1,09:40,2FGA,2P,2,OUT,False,Missed Two Pointer (0/1 -  0 pt),P011194,"PETRUSEV, FILIP",Dubai Basketball,DUB,,,,,,,,,,,,,,Q4,40,00:02,3FGM,3P,3,IN,True,Three Pointer (2/5 -  8 pt),P003458,"BERTANS, DAVIS",Dubai Basketball,DUB,8,1,1,100.0,2,5,40.0,0,0,0.0,3,6,50.0,1,LAST_ONLY,False,False,True,False,False
E2025,348,FC Bayern Munich vs Fenerbahce Beko Istanbul,85,76,Q1,1,09:41,3FGA,3P,3,OUT,False,Missed Three Pointer (0/1 -  0 pt),P013290,"JESSUP, JUSTINIAN",FC Bayern Munich,MUN,,,,,,,,,,,,,,Q4,40,00:00,3FGA,3P,3,OUT,False,Missed Three Pointer (1/7 -  13 pt),P014124,"HORTON TUCKER, TALEN",Fenerbahce Beko Istanbul,ULK,,,,,,,,,,,,,,0,BOTH_MISSED,False,True,False,False,False
E2025,349,LDLC ASVEL Villeurbanne vs Olympiacos Piraeus,74,82,Q1,1,09:48,3FGM,3P,3,IN,True,Three Pointer (1/1 -  3 pt),P009849,"DORSEY, TYLER",Olympiacos Piraeus,OLY,13,0,0,0.0,4,8,50.0,1,2,50.0,4,8,50.0,Q4,40,00:13,2FGA,2P,2,OUT,False,Missed Two Pointer (1/3 -  8 pt),PKLT,"HEURTEL, THOMAS",LDLC ASVEL Villeurbanne,ASV,,,,,,,,,,,,,,1,FIRST_ONLY,False,False,True,False,False
E2025,350,Virtus Bologna vs Valencia Basket,81,94,Q1,1,09:43,3FGA,3P,3,OUT,False,Missed Three Pointer (0/1 -  0 pt),P014005,"ALSTON JR. , DERRICK",Virtus Bologna,VIR,,,,,,,,,,,,,,Q4,40,00:15,2FGA,2P,2,OUT,False,Missed Two Pointer (5/8 -  12 pt),P012687,"NIANG, SALIOU",Virtus Bologna,VIR,,,,,,,,,,,,,,0,BOTH_MISSED,False,True,False,False,False
